<?xml version="1.0" encoding="UTF-8"?>
<export version="E">
  <design>
    <source>/Users/chenxingzhou/Desktop/MT/MT/bppy/PCB/Differential/Differential.kicad_sch</source>
    <date/>
    <tool>Eeschema 7.0.9</tool>
    <sheet number="1" name="/" tstamps="/">
      <title_block>
        <title/>
        <company/>
        <rev/>
        <date/>
        <source>Differential.kicad_sch</source>
        <comment number="1" value=""/>
        <comment number="2" value=""/>
        <comment number="3" value=""/>
        <comment number="4" value=""/>
        <comment number="5" value=""/>
        <comment number="6" value=""/>
        <comment number="7" value=""/>
        <comment number="8" value=""/>
        <comment number="9" value=""/>
      </title_block>
    </sheet>
    <sheet number="2" name="/valve_control_circuit/" tstamps="/5d9b68ae-21fa-4133-a4a9-8074e8cbabb2/">
      <title_block>
        <title/>
        <company/>
        <rev/>
        <date/>
        <source>valve_control.kicad_sch</source>
        <comment number="1" value=""/>
        <comment number="2" value=""/>
        <comment number="3" value=""/>
        <comment number="4" value=""/>
        <comment number="5" value=""/>
        <comment number="6" value=""/>
        <comment number="7" value=""/>
        <comment number="8" value=""/>
        <comment number="9" value=""/>
      </title_block>
    </sheet>
  </design>
  <components>
    <comp ref="C1">
      <value>0.1u</value>
      <footprint>Capacitor_SMD:C_0805_2012Metric_Pad1.18x1.45mm_HandSolder</footprint>
      <libsource lib="Device" part="C_Small" description="Unpolarized capacitor, small symbol"/>
      <property name="Sheetname" value=""/>
      <property name="Sheetfile" value="Differential.kicad_sch"/>
      <property name="ki_description" value="Unpolarized capacitor, small symbol"/>
      <property name="ki_keywords" value="capacitor cap"/>
      <sheetpath names="/" tstamps="/"/>
      <tstamps>70703fd1-d3c1-4098-bb75-34ef0b643382</tstamps>
    </comp>
    <comp ref="C2">
      <value>1u</value>
      <footprint>Capacitor_SMD:C_0805_2012Metric_Pad1.18x1.45mm_HandSolder</footprint>
      <libsource lib="Device" part="C_Small" description="Unpolarized capacitor, small symbol"/>
      <property name="Sheetname" value=""/>
      <property name="Sheetfile" value="Differential.kicad_sch"/>
      <property name="ki_description" value="Unpolarized capacitor, small symbol"/>
      <property name="ki_keywords" value="capacitor cap"/>
      <sheetpath names="/" tstamps="/"/>
      <tstamps>c515bda2-bb9e-4ba5-bce2-40619e9c191f</tstamps>
    </comp>
    <comp ref="D1">
      <value>LED</value>
      <footprint>LED_THT:LED_D5.0mm</footprint>
      <libsource lib="Device" part="LED" description="Light emitting diode"/>
      <property name="Sheetname" value=""/>
      <property name="Sheetfile" value="Differential.kicad_sch"/>
      <property name="ki_description" value="Light emitting diode"/>
      <property name="ki_keywords" value="LED diode"/>
      <sheetpath names="/" tstamps="/"/>
      <tstamps>217c3551-e52d-494d-9db8-5c6b4087ecc1</tstamps>
    </comp>
    <comp ref="D2">
      <value>1N4002</value>
      <footprint>Diode_THT:D_DO-41_SOD81_P3.81mm_Vertical_AnodeUp</footprint>
      <datasheet>http://www.vishay.com/docs/88503/1n4001.pdf</datasheet>
      <fields>
        <field name="Sim.Device">D</field>
        <field name="Sim.Pins">1=K 2=A</field>
      </fields>
      <libsource lib="Diode" part="1N4002" description="100V 1A General Purpose Rectifier Diode, DO-41"/>
      <property name="Sim.Device" value="D"/>
      <property name="Sim.Pins" value="1=K 2=A"/>
      <property name="Sheetname" value=""/>
      <property name="Sheetfile" value="Differential.kicad_sch"/>
      <property name="ki_description" value="100V 1A General Purpose Rectifier Diode, DO-41"/>
      <property name="ki_keywords" value="diode"/>
      <sheetpath names="/" tstamps="/"/>
      <tstamps>27576d86-f1a2-4e73-800c-14e840782854</tstamps>
    </comp>
    <comp ref="D3">
      <value>1N4002</value>
      <footprint>Diode_THT:D_DO-41_SOD81_P3.81mm_Vertical_AnodeUp</footprint>
      <datasheet>http://www.vishay.com/docs/88503/1n4001.pdf</datasheet>
      <fields>
        <field name="Sim.Device">D</field>
        <field name="Sim.Pins">1=K 2=A</field>
      </fields>
      <libsource lib="Diode" part="1N4001" description="50V 1A General Purpose Rectifier Diode, DO-41"/>
      <property name="Sim.Device" value="D"/>
      <property name="Sim.Pins" value="1=K 2=A"/>
      <property name="Sheetname" value=""/>
      <property name="Sheetfile" value="Differential.kicad_sch"/>
      <property name="ki_description" value="50V 1A General Purpose Rectifier Diode, DO-41"/>
      <property name="ki_keywords" value="diode"/>
      <sheetpath names="/" tstamps="/"/>
      <tstamps>6cc03a2d-731d-48fd-ae55-e16058ff7b71</tstamps>
    </comp>
    <comp ref="D4">
      <value>1N4002</value>
      <footprint>Diode_THT:D_DO-41_SOD81_P3.81mm_Vertical_AnodeUp</footprint>
      <datasheet>http://www.vishay.com/docs/88503/1n4001.pdf</datasheet>
      <fields>
        <field name="Sim.Device">D</field>
        <field name="Sim.Pins">1=K 2=A</field>
      </fields>
      <libsource lib="Diode" part="1N4001" description="50V 1A General Purpose Rectifier Diode, DO-41"/>
      <property name="Sim.Device" value="D"/>
      <property name="Sim.Pins" value="1=K 2=A"/>
      <property name="Sheetname" value=""/>
      <property name="Sheetfile" value="Differential.kicad_sch"/>
      <property name="ki_description" value="50V 1A General Purpose Rectifier Diode, DO-41"/>
      <property name="ki_keywords" value="diode"/>
      <sheetpath names="/" tstamps="/"/>
      <tstamps>64d57a0b-cb09-4ccc-9c54-cce97c3b6933</tstamps>
    </comp>
    <comp ref="J1">
      <value>USB_C_Receptacle_PowerOnly_6P</value>
      <footprint>Connector_USB:USB_C_Receptacle_GCT_USB4125-xx-x-0190_6P_TopMnt_Horizontal</footprint>
      <datasheet>https://www.usb.org/sites/default/files/documents/usb_type-c.zip</datasheet>
      <libsource lib="Connector" part="USB_C_Receptacle_PowerOnly_6P" description="USB Power-Only 6P Type-C Receptacle connector"/>
      <property name="Sheetname" value=""/>
      <property name="Sheetfile" value="Differential.kicad_sch"/>
      <property name="ki_description" value="USB Power-Only 6P Type-C Receptacle connector"/>
      <property name="ki_keywords" value="usb universal serial bus type-C power-only charging-only 6P 6C"/>
      <sheetpath names="/" tstamps="/"/>
      <tstamps>f8ae7bcd-c7cd-4f7d-9db0-ab2aa84fb1da</tstamps>
    </comp>
    <comp ref="J2">
      <value>Middle_Valve</value>
      <footprint>Connector_PinHeader_2.54mm:PinHeader_1x02_P2.54mm_Vertical</footprint>
      <libsource lib="Connector" part="Conn_01x02_Female" description="Generic connector, single row, 01x02, script generated (kicad-library-utils/schlib/autogen/connector/)"/>
      <property name="Sheetname" value=""/>
      <property name="Sheetfile" value="Differential.kicad_sch"/>
      <property name="ki_description" value="Generic connector, single row, 01x02, script generated (kicad-library-utils/schlib/autogen/connector/)"/>
      <property name="ki_keywords" value="connector"/>
      <sheetpath names="/" tstamps="/"/>
      <tstamps>62892c0d-4c8d-4c2e-b925-b624801a1336</tstamps>
    </comp>
    <comp ref="J3">
      <value>Pump</value>
      <footprint>Connector_PinHeader_2.54mm:PinHeader_1x02_P2.54mm_Vertical</footprint>
      <libsource lib="Connector" part="Conn_01x02_Female" description="Generic connector, single row, 01x02, script generated (kicad-library-utils/schlib/autogen/connector/)"/>
      <property name="Sheetname" value=""/>
      <property name="Sheetfile" value="Differential.kicad_sch"/>
      <property name="ki_description" value="Generic connector, single row, 01x02, script generated (kicad-library-utils/schlib/autogen/connector/)"/>
      <property name="ki_keywords" value="connector"/>
      <sheetpath names="/" tstamps="/"/>
      <tstamps>9465c65a-fb32-4f81-b321-50920d998d33</tstamps>
    </comp>
    <comp ref="J4">
      <value>Sensor_AMS</value>
      <footprint>Connector_PinSocket_2.54mm:PinSocket_1x04_P2.54mm_Vertical</footprint>
      <libsource lib="Connector" part="Conn_01x04_Socket" description="Generic connector, single row, 01x04, script generated"/>
      <property name="Sheetname" value=""/>
      <property name="Sheetfile" value="Differential.kicad_sch"/>
      <property name="ki_description" value="Generic connector, single row, 01x04, script generated"/>
      <property name="ki_keywords" value="connector"/>
      <sheetpath names="/" tstamps="/"/>
      <tstamps>45ecf856-452f-4fb0-b61c-5f023b2b9661</tstamps>
    </comp>
    <comp ref="J5">
      <value>Sensor_HX</value>
      <footprint>Connector_PinSocket_2.54mm:PinSocket_1x06_P2.54mm_Vertical</footprint>
      <libsource lib="Connector" part="Conn_01x06_Socket" description="Generic connector, single row, 01x06, script generated"/>
      <property name="Sheetname" value=""/>
      <property name="Sheetfile" value="Differential.kicad_sch"/>
      <property name="ki_description" value="Generic connector, single row, 01x06, script generated"/>
      <property name="ki_keywords" value="connector"/>
      <sheetpath names="/" tstamps="/"/>
      <tstamps>d3f807a8-3a60-4339-8a4d-f16d8dd37f91</tstamps>
    </comp>
    <comp ref="J8">
      <value>UART</value>
      <footprint>Connector_PinSocket_2.54mm:PinSocket_1x03_P2.54mm_Vertical</footprint>
      <libsource lib="Connector" part="Conn_01x03_Socket" description="Generic connector, single row, 01x03, script generated"/>
      <property name="Sheetname" value=""/>
      <property name="Sheetfile" value="Differential.kicad_sch"/>
      <property name="ki_description" value="Generic connector, single row, 01x03, script generated"/>
      <property name="ki_keywords" value="connector"/>
      <sheetpath names="/" tstamps="/"/>
      <tstamps>4a051dd6-b775-472e-8769-f8b5e70e3d7e</tstamps>
    </comp>
    <comp ref="Q1">
      <value>IRLIZ44N</value>
      <footprint>IRLZ44N:TO254P1054X469X1930-3</footprint>
      <datasheet>http://www.irf.com/product-info/datasheets/data/irliz44n.pdf</datasheet>
      <libsource lib="Transistor_FET" part="IRLIZ44N" description="30A Id, 55V Vds, 22mOhm Rds, N-Channel HEXFET Power MOSFET, TO-220AB"/>
      <property name="Sheetname" value=""/>
      <property name="Sheetfile" value="Differential.kicad_sch"/>
      <property name="ki_description" value="30A Id, 55V Vds, 22mOhm Rds, N-Channel HEXFET Power MOSFET, TO-220AB"/>
      <property name="ki_keywords" value="N-Channel HEXFET MOSFET Logic-Level"/>
      <sheetpath names="/" tstamps="/"/>
      <tstamps>eb15cba8-62bc-4802-9834-fa4a5dfcd0d0</tstamps>
    </comp>
    <comp ref="Q2">
      <value>IRLIZ44N</value>
      <footprint>IRLZ44N:TO254P1054X469X1930-3</footprint>
      <datasheet>http://www.irf.com/product-info/datasheets/data/irliz44n.pdf</datasheet>
      <libsource lib="Transistor_FET" part="IRLIZ44N" description="30A Id, 55V Vds, 22mOhm Rds, N-Channel HEXFET Power MOSFET, TO-220AB"/>
      <property name="Sheetname" value=""/>
      <property name="Sheetfile" value="Differential.kicad_sch"/>
      <property name="ki_description" value="30A Id, 55V Vds, 22mOhm Rds, N-Channel HEXFET Power MOSFET, TO-220AB"/>
      <property name="ki_keywords" value="N-Channel HEXFET MOSFET Logic-Level"/>
      <sheetpath names="/" tstamps="/"/>
      <tstamps>894e535a-c55a-466a-9062-725bc9a03e87</tstamps>
    </comp>
    <comp ref="R1">
      <value>5.1k</value>
      <footprint>Resistor_SMD:R_0603_1608Metric_Pad0.98x0.95mm_HandSolder</footprint>
      <libsource lib="Device" part="R" description="Resistor"/>
      <property name="Sheetname" value=""/>
      <property name="Sheetfile" value="Differential.kicad_sch"/>
      <property name="ki_description" value="Resistor"/>
      <property name="ki_keywords" value="R res resistor"/>
      <sheetpath names="/" tstamps="/"/>
      <tstamps>c21240d2-8674-437b-a527-182d09312e69</tstamps>
    </comp>
    <comp ref="R2">
      <value>5.1k</value>
      <footprint>Resistor_SMD:R_0603_1608Metric_Pad0.98x0.95mm_HandSolder</footprint>
      <libsource lib="Device" part="R" description="Resistor"/>
      <property name="Sheetname" value=""/>
      <property name="Sheetfile" value="Differential.kicad_sch"/>
      <property name="ki_description" value="Resistor"/>
      <property name="ki_keywords" value="R res resistor"/>
      <sheetpath names="/" tstamps="/"/>
      <tstamps>69133e1e-81e1-4694-b248-6f3a0d976a46</tstamps>
    </comp>
    <comp ref="R3">
      <value>2.52k</value>
      <footprint>Resistor_SMD:R_0603_1608Metric_Pad0.98x0.95mm_HandSolder</footprint>
      <libsource lib="Device" part="R" description="Resistor"/>
      <property name="Sheetname" value=""/>
      <property name="Sheetfile" value="Differential.kicad_sch"/>
      <property name="ki_description" value="Resistor"/>
      <property name="ki_keywords" value="R res resistor"/>
      <sheetpath names="/" tstamps="/"/>
      <tstamps>9c4e7ed8-eb55-408b-9fb3-f0232f1975c5</tstamps>
    </comp>
    <comp ref="R4">
      <value>390</value>
      <footprint>Resistor_SMD:R_0603_1608Metric_Pad0.98x0.95mm_HandSolder</footprint>
      <libsource lib="Device" part="R" description="Resistor"/>
      <property name="Sheetname" value=""/>
      <property name="Sheetfile" value="Differential.kicad_sch"/>
      <property name="ki_description" value="Resistor"/>
      <property name="ki_keywords" value="R res resistor"/>
      <sheetpath names="/" tstamps="/"/>
      <tstamps>ca102992-cb4b-4161-bc63-93e455634813</tstamps>
    </comp>
    <comp ref="R5">
      <value>240</value>
      <footprint>Resistor_SMD:R_0603_1608Metric_Pad0.98x0.95mm_HandSolder</footprint>
      <libsource lib="Device" part="R" description="Resistor"/>
      <property name="Sheetname" value=""/>
      <property name="Sheetfile" value="Differential.kicad_sch"/>
      <property name="ki_description" value="Resistor"/>
      <property name="ki_keywords" value="R res resistor"/>
      <sheetpath names="/" tstamps="/"/>
      <tstamps>ad40cbdd-750e-4bd5-a3f9-d99fcfaa31bc</tstamps>
    </comp>
    <comp ref="R6">
      <value>4.7k</value>
      <footprint>Resistor_SMD:R_0603_1608Metric_Pad0.98x0.95mm_HandSolder</footprint>
      <libsource lib="Device" part="R" description="Resistor"/>
      <property name="Sheetname" value=""/>
      <property name="Sheetfile" value="Differential.kicad_sch"/>
      <property name="ki_description" value="Resistor"/>
      <property name="ki_keywords" value="R res resistor"/>
      <sheetpath names="/" tstamps="/"/>
      <tstamps>bb8b0787-273b-435a-8613-c30818558075</tstamps>
    </comp>
    <comp ref="R7">
      <value>4.7k</value>
      <footprint>Resistor_SMD:R_0603_1608Metric_Pad0.98x0.95mm_HandSolder</footprint>
      <libsource lib="Device" part="R" description="Resistor"/>
      <property name="Sheetname" value=""/>
      <property name="Sheetfile" value="Differential.kicad_sch"/>
      <property name="ki_description" value="Resistor"/>
      <property name="ki_keywords" value="R res resistor"/>
      <sheetpath names="/" tstamps="/"/>
      <tstamps>f44faf7a-6845-4e0d-a616-6e41bb038e7e</tstamps>
    </comp>
    <comp ref="R8">
      <value>4.7k</value>
      <footprint>Resistor_SMD:R_0603_1608Metric_Pad0.98x0.95mm_HandSolder</footprint>
      <libsource lib="Device" part="R" description="Resistor"/>
      <property name="Sheetname" value=""/>
      <property name="Sheetfile" value="Differential.kicad_sch"/>
      <property name="ki_description" value="Resistor"/>
      <property name="ki_keywords" value="R res resistor"/>
      <sheetpath names="/" tstamps="/"/>
      <tstamps>3548dbb5-70c0-416b-8c8e-e49cc6ed76f2</tstamps>
    </comp>
    <comp ref="R9">
      <value>4.7k</value>
      <footprint>Resistor_SMD:R_0603_1608Metric_Pad0.98x0.95mm_HandSolder</footprint>
      <libsource lib="Device" part="R" description="Resistor"/>
      <property name="Sheetname" value=""/>
      <property name="Sheetfile" value="Differential.kicad_sch"/>
      <property name="ki_description" value="Resistor"/>
      <property name="ki_keywords" value="R res resistor"/>
      <sheetpath names="/" tstamps="/"/>
      <tstamps>7acd2a53-b591-4d95-a7d9-650fe6dc598f</tstamps>
    </comp>
    <comp ref="R10">
      <value>1k</value>
      <footprint>Resistor_SMD:R_0603_1608Metric_Pad0.98x0.95mm_HandSolder</footprint>
      <libsource lib="Device" part="R" description="Resistor"/>
      <property name="Sheetname" value=""/>
      <property name="Sheetfile" value="Differential.kicad_sch"/>
      <property name="ki_description" value="Resistor"/>
      <property name="ki_keywords" value="R res resistor"/>
      <sheetpath names="/" tstamps="/"/>
      <tstamps>b5c9e852-d77f-46a5-b024-e625856ddbdb</tstamps>
    </comp>
    <comp ref="R11">
      <value>1k</value>
      <footprint>Resistor_SMD:R_0603_1608Metric_Pad0.98x0.95mm_HandSolder</footprint>
      <libsource lib="Device" part="R" description="Resistor"/>
      <property name="Sheetname" value=""/>
      <property name="Sheetfile" value="Differential.kicad_sch"/>
      <property name="ki_description" value="Resistor"/>
      <property name="ki_keywords" value="R res resistor"/>
      <sheetpath names="/" tstamps="/"/>
      <tstamps>ef5e5632-7a18-4169-b2d8-d0f31cf109c4</tstamps>
    </comp>
    <comp ref="U1">
      <value>LM317</value>
      <footprint>Package_TO_SOT_THT:TO-220-3_Vertical</footprint>
      <datasheet>http://www.ti.com/lit/ds/symlink/lm317.pdf</datasheet>
      <libsource lib="Regulator_Linear" part="LM317_TO-220" description="1.5A 35V Adjustable Linear Regulator, TO-220"/>
      <property name="Sheetname" value=""/>
      <property name="Sheetfile" value="Differential.kicad_sch"/>
      <property name="ki_description" value="1.5A 35V Adjustable Linear Regulator, TO-220"/>
      <property name="ki_keywords" value="Adjustable Voltage Regulator 1A Positive"/>
      <sheetpath names="/" tstamps="/"/>
      <tstamps>ca447ed8-5fa1-4f15-8274-d65a5e3d7073</tstamps>
    </comp>
    <comp ref="U2">
      <value>Pico</value>
      <footprint>MCU_RaspberryPi_and_Boards:RPi_Pico_SMD_TH</footprint>
      <libsource lib="MCU_RaspberryPi_and_Boards" part="Pico" description=""/>
      <property name="Sheetname" value=""/>
      <property name="Sheetfile" value="Differential.kicad_sch"/>
      <sheetpath names="/" tstamps="/"/>
      <tstamps>d93953e3-3cb6-404d-bc1b-5c2757f6483c</tstamps>
    </comp>
    <comp ref="C3">
      <value>1u</value>
      <footprint>Capacitor_SMD:C_0805_2012Metric_Pad1.18x1.45mm_HandSolder</footprint>
      <libsource lib="Device" part="C_Small" description="Unpolarized capacitor, small symbol"/>
      <property name="Sheetname" value="valve_control_circuit"/>
      <property name="Sheetfile" value="valve_control.kicad_sch"/>
      <property name="ki_description" value="Unpolarized capacitor, small symbol"/>
      <property name="ki_keywords" value="capacitor cap"/>
      <sheetpath names="/valve_control_circuit/" tstamps="/5d9b68ae-21fa-4133-a4a9-8074e8cbabb2/"/>
      <tstamps>658855de-4e71-4181-80df-df50a1aa585a</tstamps>
    </comp>
    <comp ref="C4">
      <value>100n</value>
      <footprint>Capacitor_SMD:C_0805_2012Metric_Pad1.18x1.45mm_HandSolder</footprint>
      <libsource lib="Device" part="C_Small" description="Unpolarized capacitor, small symbol"/>
      <property name="Sheetname" value="valve_control_circuit"/>
      <property name="Sheetfile" value="valve_control.kicad_sch"/>
      <property name="ki_description" value="Unpolarized capacitor, small symbol"/>
      <property name="ki_keywords" value="capacitor cap"/>
      <sheetpath names="/valve_control_circuit/" tstamps="/5d9b68ae-21fa-4133-a4a9-8074e8cbabb2/"/>
      <tstamps>f7f69ce3-af5c-4c7d-8089-5e51629365c4</tstamps>
    </comp>
    <comp ref="C5">
      <value>100n</value>
      <footprint>Capacitor_SMD:C_0805_2012Metric_Pad1.18x1.45mm_HandSolder</footprint>
      <libsource lib="Device" part="C_Small" description="Unpolarized capacitor, small symbol"/>
      <property name="Sheetname" value="valve_control_circuit"/>
      <property name="Sheetfile" value="valve_control.kicad_sch"/>
      <property name="ki_description" value="Unpolarized capacitor, small symbol"/>
      <property name="ki_keywords" value="capacitor cap"/>
      <sheetpath names="/valve_control_circuit/" tstamps="/5d9b68ae-21fa-4133-a4a9-8074e8cbabb2/"/>
      <tstamps>c8d6475c-9fee-4b86-b81c-14a510d8bd7a</tstamps>
    </comp>
    <comp ref="C6">
      <value>0.1u</value>
      <footprint>Capacitor_SMD:C_0805_2012Metric_Pad1.18x1.45mm_HandSolder</footprint>
      <libsource lib="Device" part="C_Small" description="Unpolarized capacitor, small symbol"/>
      <property name="Sheetname" value="valve_control_circuit"/>
      <property name="Sheetfile" value="valve_control.kicad_sch"/>
      <property name="ki_description" value="Unpolarized capacitor, small symbol"/>
      <property name="ki_keywords" value="capacitor cap"/>
      <sheetpath names="/valve_control_circuit/" tstamps="/5d9b68ae-21fa-4133-a4a9-8074e8cbabb2/"/>
      <tstamps>802bb6ae-0047-4a5c-9e94-5d722b259419</tstamps>
    </comp>
    <comp ref="C7">
      <value>1u</value>
      <footprint>Capacitor_SMD:C_0805_2012Metric_Pad1.18x1.45mm_HandSolder</footprint>
      <libsource lib="Device" part="C_Small" description="Unpolarized capacitor, small symbol"/>
      <property name="Sheetname" value="valve_control_circuit"/>
      <property name="Sheetfile" value="valve_control.kicad_sch"/>
      <property name="ki_description" value="Unpolarized capacitor, small symbol"/>
      <property name="ki_keywords" value="capacitor cap"/>
      <sheetpath names="/valve_control_circuit/" tstamps="/5d9b68ae-21fa-4133-a4a9-8074e8cbabb2/"/>
      <tstamps>47f69f28-05de-461d-8df9-b2c7309e4290</tstamps>
    </comp>
    <comp ref="C8">
      <value>100n</value>
      <footprint>Capacitor_SMD:C_0805_2012Metric_Pad1.18x1.45mm_HandSolder</footprint>
      <libsource lib="Device" part="C_Small" description="Unpolarized capacitor, small symbol"/>
      <property name="Sheetname" value="valve_control_circuit"/>
      <property name="Sheetfile" value="valve_control.kicad_sch"/>
      <property name="ki_description" value="Unpolarized capacitor, small symbol"/>
      <property name="ki_keywords" value="capacitor cap"/>
      <sheetpath names="/valve_control_circuit/" tstamps="/5d9b68ae-21fa-4133-a4a9-8074e8cbabb2/"/>
      <tstamps>fe69d14f-62e4-490f-826a-b9447563e90f</tstamps>
    </comp>
    <comp ref="C9">
      <value>100n</value>
      <footprint>Capacitor_SMD:C_0805_2012Metric_Pad1.18x1.45mm_HandSolder</footprint>
      <libsource lib="Device" part="C_Small" description="Unpolarized capacitor, small symbol"/>
      <property name="Sheetname" value="valve_control_circuit"/>
      <property name="Sheetfile" value="valve_control.kicad_sch"/>
      <property name="ki_description" value="Unpolarized capacitor, small symbol"/>
      <property name="ki_keywords" value="capacitor cap"/>
      <sheetpath names="/valve_control_circuit/" tstamps="/5d9b68ae-21fa-4133-a4a9-8074e8cbabb2/"/>
      <tstamps>b3026263-d15f-4645-a1a8-fff894717f70</tstamps>
    </comp>
    <comp ref="C10">
      <value>0.1u</value>
      <footprint>Capacitor_SMD:C_0805_2012Metric_Pad1.18x1.45mm_HandSolder</footprint>
      <libsource lib="Device" part="C_Small" description="Unpolarized capacitor, small symbol"/>
      <property name="Sheetname" value="valve_control_circuit"/>
      <property name="Sheetfile" value="valve_control.kicad_sch"/>
      <property name="ki_description" value="Unpolarized capacitor, small symbol"/>
      <property name="ki_keywords" value="capacitor cap"/>
      <sheetpath names="/valve_control_circuit/" tstamps="/5d9b68ae-21fa-4133-a4a9-8074e8cbabb2/"/>
      <tstamps>802086b2-5e77-4cab-9036-8e1ff62a1491</tstamps>
    </comp>
    <comp ref="D5">
      <value>1N4002</value>
      <footprint>Diode_THT:D_DO-41_SOD81_P3.81mm_Vertical_AnodeUp</footprint>
      <datasheet>http://www.vishay.com/docs/88503/1n4001.pdf</datasheet>
      <fields>
        <field name="Sim.Device">D</field>
        <field name="Sim.Pins">1=K 2=A</field>
      </fields>
      <libsource lib="" part="1N4001_1" description="50V 1A General Purpose Rectifier Diode, DO-41"/>
      <property name="Sim.Device" value="D"/>
      <property name="Sim.Pins" value="1=K 2=A"/>
      <property name="Sheetname" value="valve_control_circuit"/>
      <property name="Sheetfile" value="valve_control.kicad_sch"/>
      <property name="ki_description" value="50V 1A General Purpose Rectifier Diode, DO-41"/>
      <property name="ki_keywords" value="diode"/>
      <sheetpath names="/valve_control_circuit/" tstamps="/5d9b68ae-21fa-4133-a4a9-8074e8cbabb2/"/>
      <tstamps>b6e38063-6b44-4baa-b216-aa6f40cd39a4</tstamps>
    </comp>
    <comp ref="D6">
      <value>1N4002</value>
      <footprint>Diode_THT:D_DO-41_SOD81_P3.81mm_Vertical_AnodeUp</footprint>
      <datasheet>http://www.vishay.com/docs/88503/1n4001.pdf</datasheet>
      <fields>
        <field name="Sim.Device">D</field>
        <field name="Sim.Pins">1=K 2=A</field>
      </fields>
      <libsource lib="" part="1N4001_1" description="50V 1A General Purpose Rectifier Diode, DO-41"/>
      <property name="Sim.Device" value="D"/>
      <property name="Sim.Pins" value="1=K 2=A"/>
      <property name="Sheetname" value="valve_control_circuit"/>
      <property name="Sheetfile" value="valve_control.kicad_sch"/>
      <property name="ki_description" value="50V 1A General Purpose Rectifier Diode, DO-41"/>
      <property name="ki_keywords" value="diode"/>
      <sheetpath names="/valve_control_circuit/" tstamps="/5d9b68ae-21fa-4133-a4a9-8074e8cbabb2/"/>
      <tstamps>48fe246a-544d-4599-a76b-fcf2fdd87df6</tstamps>
    </comp>
    <comp ref="J6">
      <value>Valve_Cuff</value>
      <footprint>Connector_PinHeader_2.54mm:PinHeader_1x02_P2.54mm_Vertical</footprint>
      <libsource lib="Connector" part="Conn_01x02_Socket" description="Generic connector, single row, 01x02, script generated"/>
      <property name="Sheetname" value="valve_control_circuit"/>
      <property name="Sheetfile" value="valve_control.kicad_sch"/>
      <property name="ki_description" value="Generic connector, single row, 01x02, script generated"/>
      <property name="ki_keywords" value="connector"/>
      <sheetpath names="/valve_control_circuit/" tstamps="/5d9b68ae-21fa-4133-a4a9-8074e8cbabb2/"/>
      <tstamps>7d4c19dd-6004-4de0-8f11-60a02638f2d9</tstamps>
    </comp>
    <comp ref="J7">
      <value>Valve_Baseline</value>
      <footprint>Connector_PinHeader_2.54mm:PinHeader_1x02_P2.54mm_Vertical</footprint>
      <libsource lib="Connector" part="Conn_01x02_Socket" description="Generic connector, single row, 01x02, script generated"/>
      <property name="Sheetname" value="valve_control_circuit"/>
      <property name="Sheetfile" value="valve_control.kicad_sch"/>
      <property name="ki_description" value="Generic connector, single row, 01x02, script generated"/>
      <property name="ki_keywords" value="connector"/>
      <sheetpath names="/valve_control_circuit/" tstamps="/5d9b68ae-21fa-4133-a4a9-8074e8cbabb2/"/>
      <tstamps>8f64ea01-acd6-40a8-8be4-714b1b6eb260</tstamps>
    </comp>
    <comp ref="Q3">
      <value>2N2222A</value>
      <footprint>Package_TO_SOT_THT:TO-92</footprint>
      <datasheet>http://www.onsemi.com/pub_link/Collateral/2N2219-D.PDF</datasheet>
      <libsource lib="Transistor_BJT" part="2N2219" description="800mA Ic, 50V Vce, NPN Transistor, TO-39"/>
      <property name="Sheetname" value="valve_control_circuit"/>
      <property name="Sheetfile" value="valve_control.kicad_sch"/>
      <property name="ki_description" value="800mA Ic, 50V Vce, NPN Transistor, TO-39"/>
      <property name="ki_keywords" value="NPN Transistor"/>
      <sheetpath names="/valve_control_circuit/" tstamps="/5d9b68ae-21fa-4133-a4a9-8074e8cbabb2/"/>
      <tstamps>3dea98e6-ad47-4607-b0d4-36ed60f42daf</tstamps>
    </comp>
    <comp ref="Q4">
      <value>2N2222A</value>
      <footprint>Package_TO_SOT_THT:TO-92</footprint>
      <datasheet>http://www.onsemi.com/pub_link/Collateral/2N2219-D.PDF</datasheet>
      <libsource lib="Transistor_BJT" part="2N2219" description="800mA Ic, 50V Vce, NPN Transistor, TO-39"/>
      <property name="Sheetname" value="valve_control_circuit"/>
      <property name="Sheetfile" value="valve_control.kicad_sch"/>
      <property name="ki_description" value="800mA Ic, 50V Vce, NPN Transistor, TO-39"/>
      <property name="ki_keywords" value="NPN Transistor"/>
      <sheetpath names="/valve_control_circuit/" tstamps="/5d9b68ae-21fa-4133-a4a9-8074e8cbabb2/"/>
      <tstamps>2482790f-1a8d-4b88-a12d-c3d18b9819ca</tstamps>
    </comp>
    <comp ref="R12">
      <value>100k</value>
      <footprint>Resistor_SMD:R_0603_1608Metric_Pad0.98x0.95mm_HandSolder</footprint>
      <libsource lib="Device" part="R_Small" description="Resistor, small symbol"/>
      <property name="Sheetname" value="valve_control_circuit"/>
      <property name="Sheetfile" value="valve_control.kicad_sch"/>
      <property name="ki_description" value="Resistor, small symbol"/>
      <property name="ki_keywords" value="R resistor"/>
      <sheetpath names="/valve_control_circuit/" tstamps="/5d9b68ae-21fa-4133-a4a9-8074e8cbabb2/"/>
      <tstamps>3947884b-5a54-4b49-9168-9a4ad08bcef6</tstamps>
    </comp>
    <comp ref="R13">
      <value>33k</value>
      <footprint>Resistor_SMD:R_0603_1608Metric_Pad0.98x0.95mm_HandSolder</footprint>
      <libsource lib="Device" part="R_Small" description="Resistor, small symbol"/>
      <property name="Sheetname" value="valve_control_circuit"/>
      <property name="Sheetfile" value="valve_control.kicad_sch"/>
      <property name="ki_description" value="Resistor, small symbol"/>
      <property name="ki_keywords" value="R resistor"/>
      <sheetpath names="/valve_control_circuit/" tstamps="/5d9b68ae-21fa-4133-a4a9-8074e8cbabb2/"/>
      <tstamps>efb76a6b-20e4-4767-b82e-f8fd7aa5b3bc</tstamps>
    </comp>
    <comp ref="R14">
      <value>100k</value>
      <footprint>Resistor_SMD:R_0603_1608Metric_Pad0.98x0.95mm_HandSolder</footprint>
      <libsource lib="Device" part="R_Small" description="Resistor, small symbol"/>
      <property name="Sheetname" value="valve_control_circuit"/>
      <property name="Sheetfile" value="valve_control.kicad_sch"/>
      <property name="ki_description" value="Resistor, small symbol"/>
      <property name="ki_keywords" value="R resistor"/>
      <sheetpath names="/valve_control_circuit/" tstamps="/5d9b68ae-21fa-4133-a4a9-8074e8cbabb2/"/>
      <tstamps>28c5375a-6f8d-47e6-a75b-6a6b595bfcb9</tstamps>
    </comp>
    <comp ref="R15">
      <value>100k</value>
      <footprint>Resistor_SMD:R_0603_1608Metric_Pad0.98x0.95mm_HandSolder</footprint>
      <libsource lib="Device" part="R_Small" description="Resistor, small symbol"/>
      <property name="Sheetname" value="valve_control_circuit"/>
      <property name="Sheetfile" value="valve_control.kicad_sch"/>
      <property name="ki_description" value="Resistor, small symbol"/>
      <property name="ki_keywords" value="R resistor"/>
      <sheetpath names="/valve_control_circuit/" tstamps="/5d9b68ae-21fa-4133-a4a9-8074e8cbabb2/"/>
      <tstamps>c043cb80-b356-4bea-a55d-94094bd44fb7</tstamps>
    </comp>
    <comp ref="R16">
      <value>10</value>
      <footprint>Resistor_SMD:R_0603_1608Metric_Pad0.98x0.95mm_HandSolder</footprint>
      <libsource lib="Device" part="R_Small" description="Resistor, small symbol"/>
      <property name="Sheetname" value="valve_control_circuit"/>
      <property name="Sheetfile" value="valve_control.kicad_sch"/>
      <property name="ki_description" value="Resistor, small symbol"/>
      <property name="ki_keywords" value="R resistor"/>
      <sheetpath names="/valve_control_circuit/" tstamps="/5d9b68ae-21fa-4133-a4a9-8074e8cbabb2/"/>
      <tstamps>611575c4-c3fb-44a6-8487-112c716075a8</tstamps>
    </comp>
    <comp ref="R17">
      <value>100k</value>
      <footprint>Resistor_SMD:R_0603_1608Metric_Pad0.98x0.95mm_HandSolder</footprint>
      <libsource lib="Device" part="R_Small" description="Resistor, small symbol"/>
      <property name="Sheetname" value="valve_control_circuit"/>
      <property name="Sheetfile" value="valve_control.kicad_sch"/>
      <property name="ki_description" value="Resistor, small symbol"/>
      <property name="ki_keywords" value="R resistor"/>
      <sheetpath names="/valve_control_circuit/" tstamps="/5d9b68ae-21fa-4133-a4a9-8074e8cbabb2/"/>
      <tstamps>78409961-746b-4463-84b5-bd684fe0c70a</tstamps>
    </comp>
    <comp ref="R18">
      <value>33k</value>
      <footprint>Resistor_SMD:R_0603_1608Metric_Pad0.98x0.95mm_HandSolder</footprint>
      <libsource lib="Device" part="R_Small" description="Resistor, small symbol"/>
      <property name="Sheetname" value="valve_control_circuit"/>
      <property name="Sheetfile" value="valve_control.kicad_sch"/>
      <property name="ki_description" value="Resistor, small symbol"/>
      <property name="ki_keywords" value="R resistor"/>
      <sheetpath names="/valve_control_circuit/" tstamps="/5d9b68ae-21fa-4133-a4a9-8074e8cbabb2/"/>
      <tstamps>1804091e-d645-4152-a89c-132cd76798d1</tstamps>
    </comp>
    <comp ref="R19">
      <value>100k</value>
      <footprint>Resistor_SMD:R_0603_1608Metric_Pad0.98x0.95mm_HandSolder</footprint>
      <libsource lib="Device" part="R_Small" description="Resistor, small symbol"/>
      <property name="Sheetname" value="valve_control_circuit"/>
      <property name="Sheetfile" value="valve_control.kicad_sch"/>
      <property name="ki_description" value="Resistor, small symbol"/>
      <property name="ki_keywords" value="R resistor"/>
      <sheetpath names="/valve_control_circuit/" tstamps="/5d9b68ae-21fa-4133-a4a9-8074e8cbabb2/"/>
      <tstamps>50d0a7f4-e655-45fa-898a-448d0154ba79</tstamps>
    </comp>
    <comp ref="R20">
      <value>100k</value>
      <footprint>Resistor_SMD:R_0603_1608Metric_Pad0.98x0.95mm_HandSolder</footprint>
      <libsource lib="Device" part="R_Small" description="Resistor, small symbol"/>
      <property name="Sheetname" value="valve_control_circuit"/>
      <property name="Sheetfile" value="valve_control.kicad_sch"/>
      <property name="ki_description" value="Resistor, small symbol"/>
      <property name="ki_keywords" value="R resistor"/>
      <sheetpath names="/valve_control_circuit/" tstamps="/5d9b68ae-21fa-4133-a4a9-8074e8cbabb2/"/>
      <tstamps>8d98c154-42b4-4147-8b4d-9582dfb86cbf</tstamps>
    </comp>
    <comp ref="R21">
      <value>10</value>
      <footprint>Resistor_SMD:R_0603_1608Metric_Pad0.98x0.95mm_HandSolder</footprint>
      <libsource lib="Device" part="R_Small" description="Resistor, small symbol"/>
      <property name="Sheetname" value="valve_control_circuit"/>
      <property name="Sheetfile" value="valve_control.kicad_sch"/>
      <property name="ki_description" value="Resistor, small symbol"/>
      <property name="ki_keywords" value="R resistor"/>
      <sheetpath names="/valve_control_circuit/" tstamps="/5d9b68ae-21fa-4133-a4a9-8074e8cbabb2/"/>
      <tstamps>2e93c019-1d1f-4876-a8d7-2cd3b411fbbc</tstamps>
    </comp>
    <comp ref="U3">
      <value>NJM2114</value>
      <footprint>Package_DIP:DIP-8_W7.62mm</footprint>
      <datasheet>http://www.njr.com/semicon/PDF/NJM2114_E.pdf</datasheet>
      <libsource lib="Amplifier_Operational" part="NJM2114" description="Dual High Performance Low Noise Operational Amplifier, DIP-8/DMP-8/SIP-8"/>
      <property name="Sheetname" value="valve_control_circuit"/>
      <property name="Sheetfile" value="valve_control.kicad_sch"/>
      <property name="ki_description" value="Dual High Performance Low Noise Operational Amplifier, DIP-8/DMP-8/SIP-8"/>
      <property name="ki_keywords" value="dual opamp"/>
      <sheetpath names="/valve_control_circuit/" tstamps="/5d9b68ae-21fa-4133-a4a9-8074e8cbabb2/"/>
      <tstamps>b8ec6ea4-bd1c-4eae-9347-491770bcc7fb bc716611-6719-4024-bf89-0cbed5dda833 6852e743-e46f-4ac8-ad64-712b929d00dd</tstamps>
    </comp>
  </components>
  <libparts>
    <libpart lib="" part="1N4001_1">
      <description>50V 1A General Purpose Rectifier Diode, DO-41</description>
      <docs>http://www.vishay.com/docs/88503/1n4001.pdf</docs>
      <footprints>
        <fp>D*DO?41*</fp>
      </footprints>
      <fields>
        <field name="Reference">D</field>
        <field name="Value">1N4001</field>
        <field name="Footprint">Diode_THT:D_DO-41_SOD81_P10.16mm_Horizontal</field>
        <field name="Datasheet">http://www.vishay.com/docs/88503/1n4001.pdf</field>
        <field name="Sim.Device">D</field>
        <field name="Sim.Pins">1=K 2=A</field>
      </fields>
      <pins>
        <pin num="1" name="K" type="passive"/>
        <pin num="2" name="A" type="passive"/>
      </pins>
    </libpart>
    <libpart lib="Amplifier_Operational" part="NJM2114">
      <description>Dual High Performance Low Noise Operational Amplifier, DIP-8/DMP-8/SIP-8</description>
      <docs>http://www.njr.com/semicon/PDF/NJM2114_E.pdf</docs>
      <footprints>
        <fp>SOIC*3.9x4.9mm*P1.27mm*</fp>
        <fp>DIP*W7.62mm*</fp>
        <fp>TO*99*</fp>
        <fp>OnSemi*Micro8*</fp>
        <fp>TSSOP*3x3mm*P0.65mm*</fp>
        <fp>TSSOP*4.4x3mm*P0.65mm*</fp>
        <fp>MSOP*3x3mm*P0.65mm*</fp>
        <fp>SSOP*3.9x4.9mm*P0.635mm*</fp>
        <fp>LFCSP*2x2mm*P0.5mm*</fp>
        <fp>*SIP*</fp>
        <fp>SOIC*5.3x6.2mm*P1.27mm*</fp>
      </footprints>
      <fields>
        <field name="Reference">U</field>
        <field name="Value">NJM2114</field>
        <field name="Datasheet">http://www.njr.com/semicon/PDF/NJM2114_E.pdf</field>
      </fields>
      <pins>
        <pin num="1" name="" type="output"/>
        <pin num="2" name="-" type="input"/>
        <pin num="3" name="+" type="input"/>
        <pin num="4" name="V-" type="power_in"/>
        <pin num="5" name="+" type="input"/>
        <pin num="6" name="-" type="input"/>
        <pin num="7" name="" type="output"/>
        <pin num="8" name="V+" type="power_in"/>
      </pins>
    </libpart>
    <libpart lib="Connector" part="Conn_01x02_Female">
      <description>Generic connector, single row, 01x02, script generated (kicad-library-utils/schlib/autogen/connector/)</description>
      <docs>~</docs>
      <footprints>
        <fp>Connector*:*_1x??_*</fp>
      </footprints>
      <fields>
        <field name="Reference">J</field>
        <field name="Value">Conn_01x02_Female</field>
        <field name="Datasheet">~</field>
      </fields>
      <pins>
        <pin num="1" name="Pin_1" type="passive"/>
        <pin num="2" name="Pin_2" type="passive"/>
      </pins>
    </libpart>
    <libpart lib="Connector" part="Conn_01x02_Socket">
      <description>Generic connector, single row, 01x02, script generated</description>
      <docs>~</docs>
      <footprints>
        <fp>Connector*:*_1x??_*</fp>
      </footprints>
      <fields>
        <field name="Reference">J</field>
        <field name="Value">Conn_01x02_Socket</field>
        <field name="Datasheet">~</field>
      </fields>
      <pins>
        <pin num="1" name="Pin_1" type="passive"/>
        <pin num="2" name="Pin_2" type="passive"/>
      </pins>
    </libpart>
    <libpart lib="Connector" part="Conn_01x03_Socket">
      <description>Generic connector, single row, 01x03, script generated</description>
      <docs>~</docs>
      <footprints>
        <fp>Connector*:*_1x??_*</fp>
      </footprints>
      <fields>
        <field name="Reference">J</field>
        <field name="Value">Conn_01x03_Socket</field>
        <field name="Datasheet">~</field>
      </fields>
      <pins>
        <pin num="1" name="Pin_1" type="passive"/>
        <pin num="2" name="Pin_2" type="passive"/>
        <pin num="3" name="Pin_3" type="passive"/>
      </pins>
    </libpart>
    <libpart lib="Connector" part="Conn_01x04_Socket">
      <description>Generic connector, single row, 01x04, script generated</description>
      <docs>~</docs>
      <footprints>
        <fp>Connector*:*_1x??_*</fp>
      </footprints>
      <fields>
        <field name="Reference">J</field>
        <field name="Value">Conn_01x04_Socket</field>
        <field name="Datasheet">~</field>
      </fields>
      <pins>
        <pin num="1" name="Pin_1" type="passive"/>
        <pin num="2" name="Pin_2" type="passive"/>
        <pin num="3" name="Pin_3" type="passive"/>
        <pin num="4" name="Pin_4" type="passive"/>
      </pins>
    </libpart>
    <libpart lib="Connector" part="Conn_01x06_Socket">
      <description>Generic connector, single row, 01x06, script generated</description>
      <docs>~</docs>
      <footprints>
        <fp>Connector*:*_1x??_*</fp>
      </footprints>
      <fields>
        <field name="Reference">J</field>
        <field name="Value">Conn_01x06_Socket</field>
        <field name="Datasheet">~</field>
      </fields>
      <pins>
        <pin num="1" name="Pin_1" type="passive"/>
        <pin num="2" name="Pin_2" type="passive"/>
        <pin num="3" name="Pin_3" type="passive"/>
        <pin num="4" name="Pin_4" type="passive"/>
        <pin num="5" name="Pin_5" type="passive"/>
        <pin num="6" name="Pin_6" type="passive"/>
      </pins>
    </libpart>
    <libpart lib="Connector" part="USB_C_Receptacle_PowerOnly_6P">
      <description>USB Power-Only 6P Type-C Receptacle connector</description>
      <docs>https://www.usb.org/sites/default/files/documents/usb_type-c.zip</docs>
      <footprints>
        <fp>USB*C*Receptacle*</fp>
      </footprints>
      <fields>
        <field name="Reference">J</field>
        <field name="Value">USB_C_Receptacle_PowerOnly_6P</field>
        <field name="Datasheet">https://www.usb.org/sites/default/files/documents/usb_type-c.zip</field>
      </fields>
      <pins>
        <pin num="A5" name="CC1" type="bidirectional"/>
        <pin num="A9" name="VBUS" type="passive"/>
        <pin num="A12" name="GND" type="passive"/>
        <pin num="B5" name="CC2" type="bidirectional"/>
        <pin num="B9" name="VBUS" type="passive"/>
        <pin num="B12" name="GND" type="passive"/>
        <pin num="S1" name="SHIELD" type="passive"/>
      </pins>
    </libpart>
    <libpart lib="Device" part="C_Small">
      <description>Unpolarized capacitor, small symbol</description>
      <docs>~</docs>
      <footprints>
        <fp>C_*</fp>
      </footprints>
      <fields>
        <field name="Reference">C</field>
        <field name="Value">C_Small</field>
        <field name="Datasheet">~</field>
      </fields>
      <pins>
        <pin num="1" name="" type="passive"/>
        <pin num="2" name="" type="passive"/>
      </pins>
    </libpart>
    <libpart lib="Device" part="LED">
      <description>Light emitting diode</description>
      <docs>~</docs>
      <footprints>
        <fp>LED*</fp>
        <fp>LED_SMD:*</fp>
        <fp>LED_THT:*</fp>
      </footprints>
      <fields>
        <field name="Reference">D</field>
        <field name="Value">LED</field>
        <field name="Datasheet">~</field>
      </fields>
      <pins>
        <pin num="1" name="K" type="passive"/>
        <pin num="2" name="A" type="passive"/>
      </pins>
    </libpart>
    <libpart lib="Device" part="R">
      <description>Resistor</description>
      <docs>~</docs>
      <footprints>
        <fp>R_*</fp>
      </footprints>
      <fields>
        <field name="Reference">R</field>
        <field name="Value">R</field>
        <field name="Datasheet">~</field>
      </fields>
      <pins>
        <pin num="1" name="" type="passive"/>
        <pin num="2" name="" type="passive"/>
      </pins>
    </libpart>
    <libpart lib="Device" part="R_Small">
      <description>Resistor, small symbol</description>
      <docs>~</docs>
      <footprints>
        <fp>R_*</fp>
      </footprints>
      <fields>
        <field name="Reference">R</field>
        <field name="Value">R_Small</field>
        <field name="Datasheet">~</field>
      </fields>
      <pins>
        <pin num="1" name="" type="passive"/>
        <pin num="2" name="" type="passive"/>
      </pins>
    </libpart>
    <libpart lib="Diode" part="1N4001">
      <description>50V 1A General Purpose Rectifier Diode, DO-41</description>
      <docs>http://www.vishay.com/docs/88503/1n4001.pdf</docs>
      <footprints>
        <fp>D*DO?41*</fp>
      </footprints>
      <fields>
        <field name="Reference">D</field>
        <field name="Value">1N4001</field>
        <field name="Footprint">Diode_THT:D_DO-41_SOD81_P10.16mm_Horizontal</field>
        <field name="Datasheet">http://www.vishay.com/docs/88503/1n4001.pdf</field>
        <field name="Sim.Device">D</field>
        <field name="Sim.Pins">1=K 2=A</field>
      </fields>
      <pins>
        <pin num="1" name="K" type="passive"/>
        <pin num="2" name="A" type="passive"/>
      </pins>
    </libpart>
    <libpart lib="Diode" part="1N4002">
      <description>100V 1A General Purpose Rectifier Diode, DO-41</description>
      <docs>http://www.vishay.com/docs/88503/1n4001.pdf</docs>
      <footprints>
        <fp>D*DO?41*</fp>
      </footprints>
      <fields>
        <field name="Reference">D</field>
        <field name="Value">1N4002</field>
        <field name="Footprint">Diode_THT:D_DO-41_SOD81_P10.16mm_Horizontal</field>
        <field name="Datasheet">http://www.vishay.com/docs/88503/1n4001.pdf</field>
        <field name="Sim.Device">D</field>
        <field name="Sim.Pins">1=K 2=A</field>
      </fields>
      <pins>
        <pin num="1" name="K" type="passive"/>
        <pin num="2" name="A" type="passive"/>
      </pins>
    </libpart>
    <libpart lib="MCU_RaspberryPi_and_Boards" part="Pico">
      <fields>
        <field name="Reference">U</field>
        <field name="Value">Pico</field>
        <field name="Footprint">RPi_Pico:RPi_Pico_SMD_TH</field>
      </fields>
      <pins>
        <pin num="1" name="GPIO0" type="bidirectional"/>
        <pin num="2" name="GPIO1" type="bidirectional"/>
        <pin num="3" name="GND" type="power_in"/>
        <pin num="4" name="GPIO2" type="bidirectional"/>
        <pin num="5" name="GPIO3" type="bidirectional"/>
        <pin num="6" name="GPIO4" type="bidirectional"/>
        <pin num="7" name="GPIO5" type="bidirectional"/>
        <pin num="8" name="GND" type="power_in"/>
        <pin num="9" name="GPIO6" type="bidirectional"/>
        <pin num="10" name="GPIO7" type="bidirectional"/>
        <pin num="11" name="GPIO8" type="bidirectional"/>
        <pin num="12" name="GPIO9" type="bidirectional"/>
        <pin num="13" name="GND" type="power_in"/>
        <pin num="14" name="GPIO10" type="bidirectional"/>
        <pin num="15" name="GPIO11" type="bidirectional"/>
        <pin num="16" name="GPIO12" type="bidirectional"/>
        <pin num="17" name="GPIO13" type="bidirectional"/>
        <pin num="18" name="GND" type="power_in"/>
        <pin num="19" name="GPIO14" type="bidirectional"/>
        <pin num="20" name="GPIO15" type="bidirectional"/>
        <pin num="21" name="GPIO16" type="bidirectional"/>
        <pin num="22" name="GPIO17" type="bidirectional"/>
        <pin num="23" name="GND" type="power_in"/>
        <pin num="24" name="GPIO18" type="bidirectional"/>
        <pin num="25" name="GPIO19" type="bidirectional"/>
        <pin num="26" name="GPIO20" type="bidirectional"/>
        <pin num="27" name="GPIO21" type="bidirectional"/>
        <pin num="28" name="GND" type="power_in"/>
        <pin num="29" name="GPIO22" type="bidirectional"/>
        <pin num="30" name="RUN" type="input"/>
        <pin num="31" name="GPIO26_ADC0" type="bidirectional"/>
        <pin num="32" name="GPIO27_ADC1" type="bidirectional"/>
        <pin num="33" name="AGND" type="power_in"/>
        <pin num="34" name="GPIO28_ADC2" type="bidirectional"/>
        <pin num="35" name="ADC_VREF" type="power_in"/>
        <pin num="36" name="3V3" type="power_in"/>
        <pin num="37" name="3V3_EN" type="input"/>
        <pin num="38" name="GND" type="bidirectional"/>
        <pin num="39" name="VSYS" type="power_in"/>
        <pin num="40" name="VBUS" type="power_in"/>
        <pin num="41" name="SWCLK" type="input"/>
        <pin num="42" name="GND" type="power_in"/>
        <pin num="43" name="SWDIO" type="bidirectional"/>
      </pins>
    </libpart>
    <libpart lib="Regulator_Linear" part="LM317_TO-220">
      <description>1.5A 35V Adjustable Linear Regulator, TO-220</description>
      <docs>http://www.ti.com/lit/ds/symlink/lm317.pdf</docs>
      <footprints>
        <fp>TO?220*</fp>
      </footprints>
      <fields>
        <field name="Reference">U</field>
        <field name="Value">LM317_TO-220</field>
        <field name="Footprint">Package_TO_SOT_THT:TO-220-3_Vertical</field>
        <field name="Datasheet">http://www.ti.com/lit/ds/symlink/lm317.pdf</field>
      </fields>
      <pins>
        <pin num="1" name="ADJ" type="input"/>
        <pin num="2" name="VO" type="power_out"/>
        <pin num="3" name="VI" type="power_in"/>
      </pins>
    </libpart>
    <libpart lib="Transistor_BJT" part="2N2219">
      <description>800mA Ic, 50V Vce, NPN Transistor, TO-39</description>
      <docs>http://www.onsemi.com/pub_link/Collateral/2N2219-D.PDF</docs>
      <footprints>
        <fp>TO?39*</fp>
      </footprints>
      <fields>
        <field name="Reference">Q</field>
        <field name="Value">2N2219</field>
        <field name="Footprint">Package_TO_SOT_THT:TO-39-3</field>
        <field name="Datasheet">http://www.onsemi.com/pub_link/Collateral/2N2219-D.PDF</field>
      </fields>
      <pins>
        <pin num="1" name="E" type="passive"/>
        <pin num="2" name="B" type="passive"/>
        <pin num="3" name="C" type="passive"/>
      </pins>
    </libpart>
    <libpart lib="Transistor_FET" part="IRLIZ44N">
      <description>30A Id, 55V Vds, 22mOhm Rds, N-Channel HEXFET Power MOSFET, TO-220AB</description>
      <docs>http://www.irf.com/product-info/datasheets/data/irliz44n.pdf</docs>
      <footprints>
        <fp>TO?220F*</fp>
      </footprints>
      <fields>
        <field name="Reference">Q</field>
        <field name="Value">IRLIZ44N</field>
        <field name="Footprint">Package_TO_SOT_THT:TO-220F-3_Vertical</field>
        <field name="Datasheet">http://www.irf.com/product-info/datasheets/data/irliz44n.pdf</field>
      </fields>
      <pins>
        <pin num="1" name="G" type="input"/>
        <pin num="2" name="D" type="passive"/>
        <pin num="3" name="S" type="passive"/>
      </pins>
    </libpart>
  </libparts>
  <libraries>
    <library logical="Amplifier_Operational">
      <uri>/Applications/KiCad/KiCad.app/Contents/SharedSupport/symbols//Amplifier_Operational.kicad_sym</uri>
    </library>
    <library logical="Connector">
      <uri>/Applications/KiCad/KiCad.app/Contents/SharedSupport/symbols//Connector.kicad_sym</uri>
    </library>
    <library logical="Device">
      <uri>/Applications/KiCad/KiCad.app/Contents/SharedSupport/symbols//Device.kicad_sym</uri>
    </library>
    <library logical="Diode">
      <uri>/Applications/KiCad/KiCad.app/Contents/SharedSupport/symbols//Diode.kicad_sym</uri>
    </library>
    <library logical="MCU_RaspberryPi_and_Boards">
      <uri>/Users/chenxingzhou/Desktop/bppy/BPN/libs/MCU_RaspberryPi_and_Boards.kicad_sym</uri>
    </library>
    <library logical="Regulator_Linear">
      <uri>/Applications/KiCad/KiCad.app/Contents/SharedSupport/symbols//Regulator_Linear.kicad_sym</uri>
    </library>
    <library logical="Transistor_BJT">
      <uri>/Applications/KiCad/KiCad.app/Contents/SharedSupport/symbols//Transistor_BJT.kicad_sym</uri>
    </library>
    <library logical="Transistor_FET">
      <uri>/Applications/KiCad/KiCad.app/Contents/SharedSupport/symbols//Transistor_FET.kicad_sym</uri>
    </library>
  </libraries>
  <nets>
    <net code="1" name="+3.3V">
      <node ref="C2" pin="1" pintype="passive"/>
      <node ref="D2" pin="2" pinfunction="A" pintype="passive"/>
      <node ref="D3" pin="1" pinfunction="K" pintype="passive"/>
      <node ref="D4" pin="1" pinfunction="K" pintype="passive"/>
      <node ref="D5" pin="1" pinfunction="K" pintype="passive"/>
      <node ref="D6" pin="1" pinfunction="K" pintype="passive"/>
      <node ref="J2" pin="1" pinfunction="Pin_1" pintype="passive"/>
      <node ref="J3" pin="1" pinfunction="Pin_1" pintype="passive"/>
      <node ref="J4" pin="2" pinfunction="Pin_2" pintype="passive"/>
      <node ref="J5" pin="1" pinfunction="Pin_1" pintype="passive"/>
      <node ref="J6" pin="1" pinfunction="Pin_1" pintype="passive"/>
      <node ref="J7" pin="1" pinfunction="Pin_1" pintype="passive"/>
      <node ref="R5" pin="1" pintype="passive"/>
      <node ref="R6" pin="1" pintype="passive"/>
      <node ref="R7" pin="1" pintype="passive"/>
      <node ref="R8" pin="1" pintype="passive"/>
      <node ref="R9" pin="1" pintype="passive"/>
      <node ref="U1" pin="2" pinfunction="VO" pintype="power_out"/>
    </net>
    <net code="2" name="+5V">
      <node ref="C1" pin="1" pintype="passive"/>
      <node ref="D1" pin="2" pinfunction="A" pintype="passive"/>
      <node ref="D2" pin="1" pinfunction="K" pintype="passive"/>
      <node ref="J1" pin="A9" pinfunction="VBUS" pintype="passive"/>
      <node ref="J1" pin="B9" pinfunction="VBUS" pintype="passive"/>
      <node ref="U1" pin="3" pinfunction="VI" pintype="power_in"/>
      <node ref="U3" pin="8" pinfunction="V+" pintype="power_in"/>
    </net>
    <net code="3" name="/Middle_Valve">
      <node ref="R10" pin="2" pintype="passive"/>
      <node ref="U2" pin="15" pinfunction="GPIO11" pintype="bidirectional"/>
    </net>
    <net code="4" name="/Pump">
      <node ref="R11" pin="2" pintype="passive"/>
      <node ref="U2" pin="14" pinfunction="GPIO10" pintype="bidirectional"/>
    </net>
    <net code="5" name="/RX">
      <node ref="J8" pin="2" pinfunction="Pin_2" pintype="passive"/>
      <node ref="U2" pin="2" pinfunction="GPIO1" pintype="bidirectional"/>
    </net>
    <net code="6" name="/SCL0">
      <node ref="J5" pin="3" pinfunction="Pin_3" pintype="passive"/>
      <node ref="R8" pin="2" pintype="passive"/>
      <node ref="U2" pin="12" pinfunction="GPIO9" pintype="bidirectional"/>
    </net>
    <net code="7" name="/SCL1">
      <node ref="J4" pin="4" pinfunction="Pin_4" pintype="passive"/>
      <node ref="R6" pin="2" pintype="passive"/>
      <node ref="U2" pin="10" pinfunction="GPIO7" pintype="bidirectional"/>
    </net>
    <net code="8" name="/SDA0">
      <node ref="J5" pin="2" pinfunction="Pin_2" pintype="passive"/>
      <node ref="R9" pin="2" pintype="passive"/>
      <node ref="U2" pin="11" pinfunction="GPIO8" pintype="bidirectional"/>
    </net>
    <net code="9" name="/SDA1">
      <node ref="J4" pin="3" pinfunction="Pin_3" pintype="passive"/>
      <node ref="R7" pin="2" pintype="passive"/>
      <node ref="U2" pin="9" pinfunction="GPIO6" pintype="bidirectional"/>
    </net>
    <net code="10" name="/TX">
      <node ref="J8" pin="1" pinfunction="Pin_1" pintype="passive"/>
      <node ref="U2" pin="1" pinfunction="GPIO0" pintype="bidirectional"/>
    </net>
    <net code="11" name="Baseline_Valve">
      <node ref="R17" pin="1" pintype="passive"/>
      <node ref="U2" pin="21" pinfunction="GPIO16" pintype="bidirectional"/>
    </net>
    <net code="12" name="Cuff_Valve">
      <node ref="R12" pin="1" pintype="passive"/>
      <node ref="U2" pin="20" pinfunction="GPIO15" pintype="bidirectional"/>
    </net>
    <net code="13" name="GND">
      <node ref="C1" pin="2" pintype="passive"/>
      <node ref="C2" pin="2" pintype="passive"/>
      <node ref="J1" pin="A12" pinfunction="GND" pintype="passive"/>
      <node ref="J1" pin="B12" pinfunction="GND" pintype="passive"/>
      <node ref="J1" pin="S1" pinfunction="SHIELD" pintype="passive"/>
      <node ref="J4" pin="1" pinfunction="Pin_1" pintype="passive"/>
      <node ref="J5" pin="6" pinfunction="Pin_6" pintype="passive"/>
      <node ref="J8" pin="3" pinfunction="Pin_3" pintype="passive"/>
      <node ref="Q1" pin="3" pinfunction="S" pintype="passive"/>
      <node ref="Q2" pin="3" pinfunction="S" pintype="passive"/>
      <node ref="R1" pin="2" pintype="passive"/>
      <node ref="R16" pin="1" pintype="passive"/>
      <node ref="R2" pin="2" pintype="passive"/>
      <node ref="R21" pin="1" pintype="passive"/>
      <node ref="R3" pin="1" pintype="passive"/>
      <node ref="R4" pin="2" pintype="passive"/>
      <node ref="U2" pin="13" pinfunction="GND" pintype="power_in"/>
      <node ref="U2" pin="18" pinfunction="GND" pintype="power_in"/>
      <node ref="U2" pin="23" pinfunction="GND" pintype="power_in"/>
      <node ref="U2" pin="28" pinfunction="GND" pintype="power_in"/>
      <node ref="U2" pin="3" pinfunction="GND" pintype="power_in"/>
      <node ref="U2" pin="38" pinfunction="GND" pintype="bidirectional"/>
      <node ref="U2" pin="42" pinfunction="GND" pintype="power_in"/>
      <node ref="U2" pin="8" pinfunction="GND" pintype="power_in"/>
      <node ref="U3" pin="4" pinfunction="V-" pintype="power_in"/>
    </net>
    <net code="14" name="Net-(C3-Pad1)">
      <node ref="C3" pin="1" pintype="passive"/>
      <node ref="R12" pin="2" pintype="passive"/>
      <node ref="R13" pin="2" pintype="passive"/>
      <node ref="R14" pin="1" pintype="passive"/>
    </net>
    <net code="15" name="Net-(C3-Pad2)">
      <node ref="C3" pin="2" pintype="passive"/>
      <node ref="C4" pin="2" pintype="passive"/>
      <node ref="R13" pin="1" pintype="passive"/>
    </net>
    <net code="16" name="Net-(C7-Pad1)">
      <node ref="C7" pin="1" pintype="passive"/>
      <node ref="R17" pin="2" pintype="passive"/>
      <node ref="R18" pin="2" pintype="passive"/>
      <node ref="R19" pin="1" pintype="passive"/>
    </net>
    <net code="17" name="Net-(C7-Pad2)">
      <node ref="C7" pin="2" pintype="passive"/>
      <node ref="C8" pin="2" pintype="passive"/>
      <node ref="R18" pin="1" pintype="passive"/>
    </net>
    <net code="18" name="Net-(D1-K)">
      <node ref="D1" pin="1" pinfunction="K" pintype="passive"/>
      <node ref="R3" pin="2" pintype="passive"/>
    </net>
    <net code="19" name="Net-(D3-A)">
      <node ref="D3" pin="2" pinfunction="A" pintype="passive"/>
      <node ref="J2" pin="2" pinfunction="Pin_2" pintype="passive"/>
      <node ref="Q1" pin="2" pinfunction="D" pintype="passive"/>
    </net>
    <net code="20" name="Net-(D4-A)">
      <node ref="D4" pin="2" pinfunction="A" pintype="passive"/>
      <node ref="J3" pin="2" pinfunction="Pin_2" pintype="passive"/>
      <node ref="Q2" pin="2" pinfunction="D" pintype="passive"/>
    </net>
    <net code="21" name="Net-(D5-A)">
      <node ref="C6" pin="1" pintype="passive"/>
      <node ref="D5" pin="2" pinfunction="A" pintype="passive"/>
      <node ref="J6" pin="2" pinfunction="Pin_2" pintype="passive"/>
      <node ref="Q3" pin="3" pinfunction="C" pintype="passive"/>
    </net>
    <net code="22" name="Net-(D6-A)">
      <node ref="C10" pin="1" pintype="passive"/>
      <node ref="D6" pin="2" pinfunction="A" pintype="passive"/>
      <node ref="J7" pin="2" pinfunction="Pin_2" pintype="passive"/>
      <node ref="Q4" pin="3" pinfunction="C" pintype="passive"/>
    </net>
    <net code="23" name="Net-(J1-CC1)">
      <node ref="J1" pin="A5" pinfunction="CC1" pintype="bidirectional"/>
      <node ref="R2" pin="1" pintype="passive"/>
    </net>
    <net code="24" name="Net-(J1-CC2)">
      <node ref="J1" pin="B5" pinfunction="CC2" pintype="bidirectional"/>
      <node ref="R1" pin="1" pintype="passive"/>
    </net>
    <net code="25" name="Net-(Q1-G)">
      <node ref="Q1" pin="1" pinfunction="G" pintype="input"/>
      <node ref="R10" pin="1" pintype="passive"/>
    </net>
    <net code="26" name="Net-(Q2-G)">
      <node ref="Q2" pin="1" pinfunction="G" pintype="input"/>
      <node ref="R11" pin="1" pintype="passive"/>
    </net>
    <net code="27" name="Net-(Q3-B)">
      <node ref="C5" pin="1" pintype="passive"/>
      <node ref="Q3" pin="2" pinfunction="B" pintype="passive"/>
      <node ref="U3" pin="1" pintype="output"/>
    </net>
    <net code="28" name="Net-(Q3-E)">
      <node ref="C6" pin="2" pintype="passive"/>
      <node ref="Q3" pin="1" pinfunction="E" pintype="passive"/>
      <node ref="R15" pin="2" pintype="passive"/>
      <node ref="R16" pin="2" pintype="passive"/>
    </net>
    <net code="29" name="Net-(Q4-B)">
      <node ref="C9" pin="1" pintype="passive"/>
      <node ref="Q4" pin="2" pinfunction="B" pintype="passive"/>
      <node ref="U3" pin="7" pintype="output"/>
    </net>
    <net code="30" name="Net-(Q4-E)">
      <node ref="C10" pin="2" pintype="passive"/>
      <node ref="Q4" pin="1" pinfunction="E" pintype="passive"/>
      <node ref="R20" pin="2" pintype="passive"/>
      <node ref="R21" pin="2" pintype="passive"/>
    </net>
    <net code="31" name="Net-(U1-ADJ)">
      <node ref="R4" pin="1" pintype="passive"/>
      <node ref="R5" pin="2" pintype="passive"/>
      <node ref="U1" pin="1" pinfunction="ADJ" pintype="input"/>
    </net>
    <net code="32" name="Net-(U3A-+)">
      <node ref="C4" pin="1" pintype="passive"/>
      <node ref="R14" pin="2" pintype="passive"/>
      <node ref="U3" pin="3" pinfunction="+" pintype="input"/>
    </net>
    <net code="33" name="Net-(U3A--)">
      <node ref="C5" pin="2" pintype="passive"/>
      <node ref="R15" pin="1" pintype="passive"/>
      <node ref="U3" pin="2" pinfunction="-" pintype="input"/>
    </net>
    <net code="34" name="Net-(U3B-+)">
      <node ref="C8" pin="1" pintype="passive"/>
      <node ref="R19" pin="2" pintype="passive"/>
      <node ref="U3" pin="5" pinfunction="+" pintype="input"/>
    </net>
    <net code="35" name="Net-(U3B--)">
      <node ref="C9" pin="2" pintype="passive"/>
      <node ref="R20" pin="1" pintype="passive"/>
      <node ref="U3" pin="6" pinfunction="-" pintype="input"/>
    </net>
    <net code="36" name="unconnected-(J5-Pin_4-Pad4)">
      <node ref="J5" pin="4" pinfunction="Pin_4" pintype="passive+no_connect"/>
    </net>
    <net code="37" name="unconnected-(J5-Pin_5-Pad5)">
      <node ref="J5" pin="5" pinfunction="Pin_5" pintype="passive+no_connect"/>
    </net>
    <net code="38" name="unconnected-(U2-3V3-Pad36)">
      <node ref="U2" pin="36" pinfunction="3V3" pintype="power_in+no_connect"/>
    </net>
    <net code="39" name="unconnected-(U2-3V3_EN-Pad37)">
      <node ref="U2" pin="37" pinfunction="3V3_EN" pintype="input+no_connect"/>
    </net>
    <net code="40" name="unconnected-(U2-ADC_VREF-Pad35)">
      <node ref="U2" pin="35" pinfunction="ADC_VREF" pintype="power_in+no_connect"/>
    </net>
    <net code="41" name="unconnected-(U2-AGND-Pad33)">
      <node ref="U2" pin="33" pinfunction="AGND" pintype="power_in+no_connect"/>
    </net>
    <net code="42" name="unconnected-(U2-GPIO2-Pad4)">
      <node ref="U2" pin="4" pinfunction="GPIO2" pintype="bidirectional+no_connect"/>
    </net>
    <net code="43" name="unconnected-(U2-GPIO3-Pad5)">
      <node ref="U2" pin="5" pinfunction="GPIO3" pintype="bidirectional+no_connect"/>
    </net>
    <net code="44" name="unconnected-(U2-GPIO4-Pad6)">
      <node ref="U2" pin="6" pinfunction="GPIO4" pintype="bidirectional+no_connect"/>
    </net>
    <net code="45" name="unconnected-(U2-GPIO5-Pad7)">
      <node ref="U2" pin="7" pinfunction="GPIO5" pintype="bidirectional+no_connect"/>
    </net>
    <net code="46" name="unconnected-(U2-GPIO12-Pad16)">
      <node ref="U2" pin="16" pinfunction="GPIO12" pintype="bidirectional+no_connect"/>
    </net>
    <net code="47" name="unconnected-(U2-GPIO13-Pad17)">
      <node ref="U2" pin="17" pinfunction="GPIO13" pintype="bidirectional+no_connect"/>
    </net>
    <net code="48" name="unconnected-(U2-GPIO14-Pad19)">
      <node ref="U2" pin="19" pinfunction="GPIO14" pintype="bidirectional+no_connect"/>
    </net>
    <net code="49" name="unconnected-(U2-GPIO17-Pad22)">
      <node ref="U2" pin="22" pinfunction="GPIO17" pintype="bidirectional+no_connect"/>
    </net>
    <net code="50" name="unconnected-(U2-GPIO18-Pad24)">
      <node ref="U2" pin="24" pinfunction="GPIO18" pintype="bidirectional+no_connect"/>
    </net>
    <net code="51" name="unconnected-(U2-GPIO19-Pad25)">
      <node ref="U2" pin="25" pinfunction="GPIO19" pintype="bidirectional+no_connect"/>
    </net>
    <net code="52" name="unconnected-(U2-GPIO20-Pad26)">
      <node ref="U2" pin="26" pinfunction="GPIO20" pintype="bidirectional+no_connect"/>
    </net>
    <net code="53" name="unconnected-(U2-GPIO21-Pad27)">
      <node ref="U2" pin="27" pinfunction="GPIO21" pintype="bidirectional+no_connect"/>
    </net>
    <net code="54" name="unconnected-(U2-GPIO22-Pad29)">
      <node ref="U2" pin="29" pinfunction="GPIO22" pintype="bidirectional+no_connect"/>
    </net>
    <net code="55" name="unconnected-(U2-GPIO26_ADC0-Pad31)">
      <node ref="U2" pin="31" pinfunction="GPIO26_ADC0" pintype="bidirectional+no_connect"/>
    </net>
    <net code="56" name="unconnected-(U2-GPIO27_ADC1-Pad32)">
      <node ref="U2" pin="32" pinfunction="GPIO27_ADC1" pintype="bidirectional+no_connect"/>
    </net>
    <net code="57" name="unconnected-(U2-GPIO28_ADC2-Pad34)">
      <node ref="U2" pin="34" pinfunction="GPIO28_ADC2" pintype="bidirectional+no_connect"/>
    </net>
    <net code="58" name="unconnected-(U2-RUN-Pad30)">
      <node ref="U2" pin="30" pinfunction="RUN" pintype="input+no_connect"/>
    </net>
    <net code="59" name="unconnected-(U2-SWCLK-Pad41)">
      <node ref="U2" pin="41" pinfunction="SWCLK" pintype="input+no_connect"/>
    </net>
    <net code="60" name="unconnected-(U2-SWDIO-Pad43)">
      <node ref="U2" pin="43" pinfunction="SWDIO" pintype="bidirectional+no_connect"/>
    </net>
    <net code="61" name="unconnected-(U2-VBUS-Pad40)">
      <node ref="U2" pin="40" pinfunction="VBUS" pintype="power_in+no_connect"/>
    </net>
    <net code="62" name="unconnected-(U2-VSYS-Pad39)">
      <node ref="U2" pin="39" pinfunction="VSYS" pintype="power_in+no_connect"/>
    </net>
  </nets>
</export>
