0.624 , 131.04
0.635 , 130.9425
0.646 , 130.9875
0.657 , 130.9875
0.668 , 130.9875
0.679 , 130.9425
0.69 , 130.9425
0.701 , 130.9425
0.712 , 130.92
0.723 , 130.92
0.734 , 130.92
0.744 , 130.8075
0.755 , 130.8075
0.766 , 130.8075
0.777 , 130.8075
0.788 , 130.7625
0.799 , 130.7625
0.81 , 130.7625
0.821 , 130.7175
0.832 , 130.7625
0.843 , 130.695
0.854 , 130.6275
0.865 , 130.6275
0.876 , 130.6275
0.887 , 130.6275
0.898 , 130.6275
0.909 , 130.5525
0.9190001 , 130.5525
0.93 , 130.5525
0.941 , 130.5825
0.952 , 130.6275
0.963 , 130.5825
0.974 , 130.5825
0.985 , 130.5825
0.996 , 130.5825
1.007 , 131.31
1.018 , 131.2425
1.029 , 131.3775
1.039 , 130.8075
1.05 , 131.22
1.061 , 131.04
1.072 , 131.085
1.083 , 131.085
1.094 , 131.1075
1.105 , 131.1075
1.116 , 131.1075
1.127 , 131.085
1.138 , 131.04
1.148 , 131.085
1.159 , 131.04
1.17 , 131.0175
1.181 , 131.085
1.192 , 131.04
1.203 , 131.04
1.214 , 131.0175
1.225 , 131.085
1.236 , 130.9425
1.246 , 131.085
1.257 , 130.9425
1.268 , 130.9425
1.279 , 130.92
1.29 , 130.92
1.301 , 130.8525
1.312 , 130.92
1.323 , 130.8525
1.334 , 130.8525
1.345 , 130.8525
1.356 , 130.785
1.366 , 130.8075
1.377 , 130.7625
1.388 , 130.7625
1.399 , 130.7625
1.41 , 130.7175
1.421 , 130.7625
1.432 , 130.7175
1.443 , 130.7625
1.454 , 130.7175
1.465 , 130.695
1.476 , 130.695
1.487 , 130.65
1.498 , 130.65
1.508 , 130.65
1.519 , 130.6275
1.53 , 130.6275
1.541 , 130.6275
1.552 , 130.5825
1.563 , 130.5525
1.574 , 130.5825
1.585 , 130.5075
1.596 , 130.5075
1.607 , 130.485
1.618 , 130.4625
1.628 , 130.485
1.639 , 130.4175
1.65 , 130.4175
1.661 , 130.4175
1.672 , 130.395
1.683 , 130.35
1.694 , 130.395
1.705 , 130.4175
1.716 , 130.395
1.726 , 130.4175
1.737 , 130.395
1.748 , 130.4175
1.759 , 131.265
1.77 , 130.92
1.781 , 131.3325
1.792 , 130.5825
1.803 , 131.1075
1.814 , 130.8525
1.825 , 130.92
1.836 , 130.92
1.847 , 130.9425
1.857 , 130.9425
1.868 , 130.92
1.879 , 130.9425
1.89 , 130.875
1.901 , 130.92
1.912 , 130.92
1.923 , 130.92
1.934 , 130.875
1.945 , 130.92
1.956 , 130.92
1.967 , 130.8525
1.978 , 130.92
1.989 , 130.7625
2.0 , 130.8075
2.01 , 130.7625
2.021 , 130.785
2.032 , 130.7175
2.043 , 130.7175
2.054 , 130.695
2.065 , 130.695
2.076 , 130.65
2.087 , 130.7175
2.098 , 130.6275
2.109 , 130.65
2.12 , 130.6275
2.131 , 130.65
2.141 , 130.6275
2.152 , 130.5825
2.163 , 130.6275
2.174 , 130.5825
2.185 , 130.5825
2.196 , 130.5525
2.207 , 130.6275
2.218 , 130.5525
2.229 , 130.5825
2.239 , 130.5075
2.25 , 130.5075
2.261 , 130.5525
2.272 , 130.485
2.283 , 130.5075
2.294 , 130.4625
2.305 , 130.485
2.316 , 130.4625
2.327 , 130.485
2.338 , 130.4175
2.349 , 130.4625
2.359 , 130.35
2.37 , 130.395
2.381 , 130.35
2.392 , 130.35
2.403 , 130.35
2.414 , 130.2825
2.425 , 130.2825
2.436 , 130.26
2.447 , 130.3275
2.458 , 130.2825
2.468 , 130.3275
2.479 , 130.2825
2.49 , 130.26
2.501 , 130.35
2.512 , 131.22
2.523 , 130.695
2.534 , 131.0175
2.545 , 130.4175
2.556 , 130.92
2.567 , 130.65
2.578 , 130.7625
2.588 , 130.695
2.599 , 130.7175
2.61 , 130.7625
2.621 , 130.7175
2.632 , 130.7625
2.643 , 130.7625
2.654 , 130.7625
2.665 , 130.7625
2.676 , 130.7175
2.687 , 130.7175
2.698 , 130.7175
2.709 , 130.7625
2.72 , 130.7625
2.73 , 130.65
2.741 , 130.695
2.752 , 130.65
2.763 , 130.5825
2.774 , 130.65
2.785 , 130.5825
2.796 , 130.5825
2.807 , 130.5825
2.818 , 130.5825
2.829 , 130.5825
2.84 , 130.5525
2.85 , 130.5525
2.861 , 130.5075
2.872 , 130.485
2.883 , 130.5075
2.894 , 130.5075
2.905 , 130.485
2.916 , 130.4625
2.927 , 130.485
2.938 , 130.4175
2.949 , 130.485
2.96 , 130.4175
2.971 , 130.4175
2.982 , 130.35
2.992 , 130.395
3.003 , 130.395
3.014 , 130.395
3.025 , 130.35
3.036 , 130.35
3.047 , 130.35
3.058 , 130.2825
3.069 , 130.35
3.08 , 130.2825
3.09 , 130.2825
3.101 , 130.2375
3.112 , 130.2375
3.123 , 130.2375
3.134 , 130.2375
3.145 , 130.1925
3.156 , 130.1925
3.167 , 130.1925
3.178 , 130.17
3.189 , 130.125
3.2 , 130.1925
3.21 , 130.17
3.221 , 130.17
3.232 , 130.1925
3.243 , 130.1925
3.254 , 130.5075
3.265 , 130.9875
3.276 , 130.7175
3.287 , 130.6275
3.298 , 130.5525
3.309 , 130.7175
3.319 , 130.6275
3.33 , 130.7175
3.341 , 130.7175
3.352 , 130.65
3.363 , 130.65
3.374 , 130.65
3.385 , 130.65
3.396 , 130.695
3.407 , 130.65
3.418 , 130.695
3.429 , 130.65
3.44 , 130.6275
3.451 , 130.5825
3.462 , 130.5525
3.472 , 130.7175
3.483 , 130.485
3.494 , 130.5525
3.505 , 130.485
3.516 , 130.5525
3.527 , 130.5075
3.538 , 130.5525
3.549 , 130.485
3.56 , 130.485
3.571 , 130.4625
3.581 , 130.5075
3.592 , 130.4175
3.603 , 130.4625
3.614 , 130.395
3.625 , 130.4175
3.636 , 130.4175
3.647 , 130.4625
3.658 , 130.35
3.669 , 130.395
3.68 , 130.35
3.691 , 130.3275
3.701 , 130.4175
3.712 , 130.3275
3.723 , 130.35
3.734 , 130.35
3.745 , 130.35
3.756 , 130.2825
3.767 , 130.3275
3.778 , 130.26
3.789 , 130.3275
3.8 , 130.26
3.811 , 130.2375
3.821 , 130.2375
3.832 , 130.1925
3.843 , 130.2375
3.854 , 130.17
3.865 , 130.1925
3.876 , 130.125
3.887 , 130.125
3.898 , 130.095
3.909 , 130.125
3.92 , 130.095
3.931 , 130.095
3.942 , 130.05
3.952 , 130.095
3.963 , 130.05
3.974 , 130.095
3.985 , 130.05
3.996 , 130.095
4.007 , 130.785
4.018 , 130.7625
4.029 , 130.785
4.04 , 130.35
4.051 , 130.65
4.062 , 130.5075
4.073 , 130.5075
4.084 , 130.5525
4.094 , 130.5825
4.105 , 130.5075
4.116 , 130.5525
4.127 , 130.485
4.138 , 130.5075
4.149 , 130.5525
4.16 , 130.5825
4.171 , 130.5525
4.182 , 130.5825
4.192 , 130.5525
4.203 , 130.5825
4.214 , 130.5525
4.225 , 130.6275
4.236 , 130.4625
4.247 , 130.5825
4.258 , 130.4625
4.269 , 130.4625
4.28 , 130.4625
4.291 , 130.4625
4.301 , 130.35
4.312 , 130.4175
4.323 , 130.395
4.334 , 130.4175
4.345 , 130.395
4.356 , 130.395
4.367 , 130.35
4.378 , 130.3275
4.389 , 130.3275
4.4 , 130.2825
4.411 , 130.3275
4.421 , 130.3275
4.432 , 130.2825
4.443 , 130.3275
4.454 , 130.3275
4.465 , 130.26
4.476 , 130.26
4.487 , 130.26
4.498 , 130.2375
4.509 , 130.2375
4.52 , 130.1925
4.531 , 130.26
4.542 , 130.1925
4.552 , 130.1925
4.563 , 130.1925
4.574 , 130.1925
4.585 , 130.17
4.596 , 130.125
4.607 , 130.17
4.618 , 130.05
4.629 , 130.125
4.64 , 130.095
4.651 , 130.0275
4.662 , 130.005
4.672 , 130.005
4.683 , 130.005
4.694 , 130.0275
4.705 , 130.0275
4.716 , 130.0275
4.727 , 130.05
4.738 , 130.05
4.749 , 130.0275
4.76 , 130.8525
4.771 , 130.5525
4.781 , 130.92
4.792 , 130.2375
4.803 , 130.695
4.814 , 130.485
4.825 , 130.5075
4.836 , 130.485
4.847 , 130.5075
4.858 , 130.485
4.869 , 130.5075
4.88 , 130.5075
4.891 , 130.5525
4.902 , 130.5075
4.913 , 130.5075
4.923 , 130.5525
4.934 , 130.5525
4.945 , 130.5075
4.956 , 130.5525
4.967 , 130.4625
4.978 , 130.5525
4.989 , 130.4175
5.0 , 130.485
5.011 , 130.4175
5.022 , 130.4625
5.033 , 130.4175
5.044 , 130.395
5.054 , 130.35
5.065 , 130.35
5.076 , 130.35
5.087 , 130.35
5.098 , 130.3275
5.109 , 130.2825
5.12 , 130.2825
5.131 , 130.2825
5.142 , 130.3275
5.152 , 130.26
5.163 , 130.2825
5.174 , 130.26
5.185 , 130.2825
5.196 , 130.26
5.207 , 130.26
5.218 , 130.17
5.229 , 130.2375
5.24 , 130.1925
5.251 , 130.2375
5.262 , 130.2375
5.273 , 130.1925
5.283 , 130.1925
5.294 , 130.17
5.305 , 130.125
5.316 , 130.17
5.327 , 130.17
5.338 , 130.05
5.349 , 130.095
5.36 , 130.05
5.371 , 130.0275
5.382 , 130.05
5.393 , 130.0275
5.404 , 130.005
5.415 , 130.005
5.425 , 130.005
5.436 , 129.8925
5.447 , 130.0275
5.458 , 129.96
5.469 , 129.96
5.48 , 130.005
5.491 , 129.96
5.502 , 130.0275
5.513 , 130.875
5.524 , 130.4175
5.535 , 130.7175
5.545 , 130.1925
5.556 , 130.5525
5.567 , 130.395
5.578 , 130.4625
5.589 , 130.4175
5.6 , 130.4175
5.611 , 130.4175
5.622 , 130.4625
5.633 , 130.4175
5.644 , 130.4175
5.655 , 130.4175
5.665 , 130.4175
5.676 , 130.4175
5.687 , 130.4625
5.698 , 130.4175
5.709 , 130.4625
5.72 , 130.485
5.731 , 130.4175
5.742 , 130.395
5.753 , 130.395
5.764 , 130.35
5.775 , 130.35
5.786 , 130.35
5.796 , 130.35
5.807 , 130.3275
5.818 , 130.3275
5.829 , 130.2825
5.84 , 130.3275
5.851 , 130.2825
5.862 , 130.2825
5.873 , 130.2375
5.884 , 130.2825
5.895 , 130.2825
5.906 , 130.2375
5.917 , 130.2375
5.928 , 130.2375
5.939 , 130.1925
5.949 , 130.1925
5.96 , 130.1925
5.971 , 130.1925
5.982 , 130.17
5.993 , 130.17
6.004 , 130.125
6.015 , 130.1925
6.026 , 130.125
6.037 , 130.125
6.047 , 130.125
6.058 , 130.095
6.069 , 130.095
6.08 , 130.05
6.091 , 130.0275
6.102 , 130.0275
6.113 , 130.0275
6.124 , 130.005
6.135 , 130.0275
6.146 , 129.96
6.157 , 129.9375
6.167 , 129.96
6.178 , 129.8925
6.189 , 129.9375
6.2 , 129.9375
6.211 , 129.9375
6.222 , 129.9375
6.233 , 129.96
6.244 , 129.96
6.255 , 130.26
6.266 , 130.785
6.277 , 130.485
6.288 , 130.4175
6.299 , 130.4175
6.31 , 130.4625
6.321 , 130.395
6.331 , 130.4625
6.342 , 130.4175
6.353 , 130.4175
6.364 , 130.4175
6.375 , 130.395
6.386 , 130.4175
6.397 , 130.4625
6.408 , 130.395
6.419 , 130.395
6.43 , 130.4175
6.44 , 130.4175
6.451 , 130.395
6.462 , 130.35
6.473 , 130.5075
6.484 , 130.3275
6.495 , 130.395
6.506 , 130.35
6.517 , 130.395
6.528 , 130.35
6.539 , 130.3275
6.549 , 130.26
6.56 , 130.26
6.571 , 130.2375
6.582 , 130.26
6.593 , 130.1925
6.604 , 130.26
6.615 , 130.1925
6.626 , 130.2375
6.637 , 130.1925
6.648 , 130.2825
6.659 , 130.17
6.67 , 130.2375
6.681 , 130.1925
6.692 , 130.17
6.702 , 130.1925
6.713 , 130.125
6.724 , 130.17
6.735 , 130.125
6.746 , 130.17
6.757 , 130.05
6.768 , 130.17
6.779 , 130.095
6.79 , 130.095
6.801 , 130.05
6.812 , 130.0275
6.823 , 130.095
6.834 , 130.05
6.844 , 129.96
6.855 , 130.0275
6.866 , 130.005
6.877 , 130.0275
6.888 , 130.0275
6.899 , 129.96
6.91 , 129.96
6.921 , 129.96
6.932 , 129.96
6.943 , 129.8925
6.954 , 129.96
6.965 , 129.87
6.976 , 129.9375
6.987 , 129.8925
6.998 , 129.96
7.009 , 130.695
7.02 , 130.5525
7.031 , 130.695
7.041 , 130.125
7.052 , 130.485
7.063 , 130.35
7.074 , 130.395
7.085 , 130.395
7.096 , 130.395
7.107 , 130.395
7.118 , 130.4175
7.129 , 130.4175
7.139 , 130.395
7.15 , 130.4175
7.161 , 130.4175
7.172 , 130.395
7.183 , 130.4175
7.194 , 130.4175
7.205 , 130.4175
7.216 , 130.35
7.227 , 130.4625
7.238 , 130.2825
7.249 , 130.395
7.259 , 130.3275
7.27 , 130.3275
7.281 , 130.3275
7.292 , 130.35
7.303 , 130.26
7.314 , 130.2825
7.325 , 130.2375
7.336 , 130.2825
7.347 , 130.26
7.358 , 130.2375
7.369 , 130.1925
7.38 , 130.17
7.391 , 130.2375
7.401 , 130.17
7.412 , 130.1925
7.423 , 130.17
7.434 , 130.17
7.445 , 130.125
7.456 , 130.1925
7.467 , 130.125
7.478 , 130.17
7.489 , 130.17
7.5 , 130.095
7.511 , 130.17
7.521 , 130.095
7.532 , 130.125
7.543 , 130.095
7.554 , 130.125
7.565 , 130.095
7.576 , 130.095
7.587 , 130.005
7.598 , 130.005
7.609 , 130.005
7.619 , 129.96
7.63 , 129.96
7.641 , 129.9375
7.652 , 129.9375
7.663 , 129.8925
7.674 , 129.8925
7.685 , 129.9375
7.696 , 129.96
7.707 , 129.9375
7.718 , 129.9375
7.729 , 129.9375
7.74 , 129.96
7.751 , 129.9375
7.762 , 130.8525
7.773 , 130.4175
7.784 , 130.7625
7.795 , 130.095
7.806 , 130.5825
7.816 , 130.35
7.827 , 130.4175
7.838 , 130.4175
7.849 , 130.4175
7.86 , 130.4175
7.871 , 130.4175
7.882 , 130.4175
7.893 , 130.3275
7.904 , 130.395
7.915 , 130.35
7.926 , 130.35
7.937 , 130.395
7.948 , 130.35
7.958 , 130.3275
7.969 , 130.3275
7.98 , 130.3275
7.991 , 130.2825
8.002 , 130.35
8.013 , 130.2825
8.024 , 130.3275
8.035 , 130.2375
8.046 , 130.2375
8.057 , 130.1925
8.068 , 130.2375
8.078 , 130.2375
8.089 , 130.26
8.1 , 130.17
8.111 , 130.2375
8.122 , 130.17
8.133 , 130.2375
8.144 , 130.1925
8.155 , 130.17
8.166 , 130.125
8.177 , 130.125
8.188 , 130.125
8.198 , 130.125
8.209 , 130.17
8.22 , 130.125
8.231 , 130.125
8.242 , 130.095
8.253 , 130.125
8.264 , 130.17
8.275 , 130.095
8.286 , 130.05
8.297 , 130.05
8.308 , 130.05
8.319 , 130.005
8.33 , 130.05
8.34 , 130.005
8.351 , 130.0275
8.362 , 130.005
8.373 , 130.0275
8.384 , 130.005
8.395 , 129.96
8.406 , 129.8925
8.417 , 129.8925
8.428 , 129.87
8.439 , 129.825
8.45 , 129.8925
8.46 , 129.87
8.471 , 129.87
8.482 , 129.8925
8.493 , 129.8925
8.504 , 130.05
8.515 , 130.92
8.526 , 130.4625
8.537 , 130.5075
8.548 , 130.2375
8.559 , 130.5075
8.57 , 130.3275
8.581 , 130.4625
8.592 , 130.395
8.603 , 130.395
8.613 , 130.395
8.624 , 130.395
8.635 , 130.395
8.646 , 130.35
8.657 , 130.35
8.668 , 130.35
8.679 , 130.35
8.69 , 130.395
8.701 , 130.35
8.712 , 130.35
8.723 , 130.485
8.733 , 130.2825
8.744 , 130.35
8.755 , 130.3275
8.766 , 130.35
8.777 , 130.3275
8.788 , 130.3275
8.799 , 130.3275
8.81 , 130.26
8.821 , 130.26
8.832 , 130.2825
8.843 , 130.1925
8.853 , 130.2375
8.864 , 130.17
8.875 , 130.1925
8.886 , 130.1925
8.897 , 130.1925
8.908 , 130.095
8.919 , 130.125
8.93 , 130.17
8.941 , 130.17
8.952 , 130.17
8.963 , 130.125
8.974 , 130.17
8.985 , 130.17
8.996 , 130.125
9.006 , 130.095
9.017 , 130.095
9.028 , 130.05
9.039 , 130.05
9.05 , 130.0275
9.061 , 130.05
9.072 , 130.0275
9.083 , 130.005
9.094 , 130.0275
9.105 , 129.9375
9.116 , 129.96
9.127 , 129.9375
9.138 , 129.96
9.149 , 129.8925
9.159 , 129.96
9.17 , 129.8925
9.181 , 129.8925
9.192 , 129.8925
9.203 , 129.8925
9.214 , 129.87
9.225 , 129.8925
9.236 , 129.8925
9.247 , 129.8925
9.266 , 130.4625
9.277 , 130.395
9.288 , 130.4175
9.299 , 130.2375
9.31 , 130.485
9.32 , 130.3275
9.331 , 130.35
9.342 , 130.2825
9.353 , 130.35
9.364 , 130.3275
9.375 , 130.2825
9.386 , 130.3275
9.397 , 130.3275
9.408 , 130.2825
9.419 , 130.3275
9.429 , 130.395
9.44 , 130.35
9.451 , 130.35
9.462 , 130.395
9.473 , 130.4625
9.484 , 130.26
9.495 , 130.35
9.506 , 130.2825
9.517 , 130.26
9.528 , 130.26
9.539 , 130.26
9.55 , 130.2825
9.561 , 130.2825
9.572 , 130.26
9.583 , 130.2825
9.593 , 130.2375
9.604 , 130.26
9.615 , 130.2375
9.626 , 130.2375
9.637 , 130.1925
9.648 , 130.2375
9.659 , 130.095
9.67 , 130.125
9.681 , 130.125
9.692 , 130.125
9.702 , 130.095
9.713 , 130.05
9.724 , 130.095
9.735 , 130.05
9.746 , 130.095
9.757 , 130.05
9.768 , 130.05
9.779 , 130.0275
9.79 , 130.05
9.801 , 130.0275
9.812 , 130.0275
9.823 , 130.0275
9.834 , 129.96
9.845 , 130.0275
9.856 , 129.96
9.867 , 129.9375
9.877 , 129.8925
9.888 , 129.9375
9.899 , 129.87
9.91 , 129.9375
9.921 , 129.825
9.932 , 129.825
9.943 , 129.825
9.954 , 129.87
9.965 , 129.87
9.976 , 129.87
9.987 , 129.825
9.998 , 129.8925
10.009 , 130.5525
10.02 , 130.5825
10.031 , 130.5525
10.041 , 130.125
10.052 , 130.4175
10.063 , 130.3275
10.074 , 130.395
10.085 , 130.35
10.096 , 130.395
10.107 , 130.395
10.118 , 130.395
10.128 , 130.4175
10.139 , 130.4175
10.15 , 130.395
10.161 , 130.395
10.172 , 130.395
10.183 , 130.35
10.194 , 130.3275
10.205 , 130.35
10.216 , 130.2825
10.227 , 130.35
10.238 , 130.26
10.248 , 130.35
10.259 , 130.2375
10.27 , 130.2825
10.281 , 130.2375
10.292 , 130.2825
10.303 , 130.2375
10.314 , 130.26
10.325 , 130.2375
10.336 , 130.2375
10.346 , 130.17
10.357 , 130.17
10.368 , 130.17
10.379 , 130.125
10.39 , 130.125
10.401 , 130.17
10.412 , 130.095
10.423 , 130.125
10.434 , 130.095
10.445 , 130.125
10.455 , 130.095
10.466 , 130.095
10.477 , 130.05
10.488 , 130.05
10.499 , 130.05
10.51 , 130.05
10.521 , 130.0275
10.532 , 130.0275
10.543 , 130.0275
10.554 , 130.005
10.565 , 130.05
10.576 , 130.0275
10.586 , 129.96
10.597 , 129.96
10.608 , 129.9375
10.619 , 129.8925
10.63 , 129.8925
10.641 , 129.8925
10.652 , 129.825
10.663 , 129.87
10.674 , 129.825
10.685 , 129.825
10.696 , 129.87
10.706 , 129.87
10.717 , 129.87
10.728 , 129.825
10.739 , 129.87
10.75 , 129.8925
10.761 , 130.695
10.772 , 130.4625
10.783 , 130.65
10.794 , 130.0275
10.805 , 130.485
10.816 , 130.3275
10.827 , 130.35
10.838 , 130.3275
10.848 , 130.3275
10.859 , 130.3275
10.87 , 130.35
10.881 , 130.3275
10.892 , 130.35
10.903 , 130.3275
10.914 , 130.35
10.925 , 130.35
10.936 , 130.3275
10.947 , 130.35
10.958 , 130.35
10.968 , 130.2825
10.979 , 130.3275
10.99 , 130.26
11.001 , 130.35
11.012 , 130.2375
11.023 , 130.2825
11.034 , 130.2375
11.045 , 130.2825
11.056 , 130.1925
11.066 , 130.1925
11.077 , 130.17
11.088 , 130.2375
11.099 , 130.17
11.11 , 130.17
11.121 , 130.125
11.132 , 130.05
11.143 , 130.125
11.154 , 130.05
11.165 , 130.125
11.176 , 130.095
11.187 , 130.05
11.197 , 130.0275
11.208 , 130.095
11.219 , 130.05
11.23 , 130.095
11.241 , 130.05
11.252 , 130.0275
11.263 , 130.0275
11.274 , 130.0275
11.285 , 130.0275
11.296 , 130.005
11.306 , 130.05
11.317 , 129.9375
11.328 , 129.96
11.339 , 129.9375
11.35 , 129.9375
11.361 , 129.8925
11.372 , 129.87
11.383 , 129.825
11.394 , 129.825
11.405 , 129.825
11.416 , 129.87
11.427 , 129.87
11.438 , 129.8025
11.448 , 129.87
11.459 , 129.87
11.47 , 129.8925
11.481 , 129.87
11.492 , 129.87
11.503 , 129.9375
11.514 , 130.7625
11.525 , 130.26
11.536 , 130.5525
11.547 , 130.0275
11.558 , 130.4175
11.569 , 130.2375
11.58 , 130.3275
11.591 , 130.2825
11.601 , 130.3275
11.612 , 130.26
11.623 , 130.35
11.634 , 130.3275
11.645 , 130.3275
11.656 , 130.3275
11.667 , 130.35
11.678 , 130.3275
11.689 , 130.3275
11.7 , 130.3275
11.711 , 130.35
11.721 , 130.3275
11.732 , 130.2825
11.743 , 130.26
11.754 , 130.2825
11.765 , 130.2375
11.776 , 130.26
11.787 , 130.1925
11.798 , 130.2375
11.809 , 130.1925
11.82 , 130.1925
11.831 , 130.125
11.841 , 130.125
11.852 , 130.095
11.863 , 130.17
11.874 , 130.125
11.885 , 130.17
11.896 , 130.125
11.907 , 130.05
11.918 , 130.05
11.929 , 130.095
11.94 , 130.095
11.951 , 130.05
11.961 , 130.0275
11.972 , 130.095
11.983 , 130.095
11.994 , 130.05
12.005 , 130.05
12.016 , 130.095
12.027 , 130.005
12.038 , 129.96
12.049 , 129.96
12.06 , 129.9375
12.071 , 129.96
12.081 , 129.96
12.092 , 129.9375
12.103 , 129.8925
12.114 , 129.825
12.125 , 129.8925
12.136 , 129.8925
12.147 , 129.825
12.158 , 129.825
12.169 , 129.825
12.18 , 129.78
12.191 , 129.78
12.202 , 129.87
12.212 , 129.8025
12.223 , 129.825
12.234 , 129.87
12.245 , 129.9375
12.256 , 130.1925
12.267 , 130.785
12.278 , 130.4175
12.289 , 130.3275
12.3 , 130.26
12.311 , 130.4175
12.322 , 130.3275
12.333 , 130.395
12.344 , 130.3275
12.355 , 130.3275
12.365 , 130.3275
12.376 , 130.3275
12.387 , 130.3275
12.398 , 130.3275
12.409 , 130.35
12.42 , 130.35
12.431 , 130.35
12.442 , 130.3275
12.453 , 130.2825
12.463 , 130.26
12.474 , 130.4625
12.485 , 130.2375
12.496 , 130.2825
12.507 , 130.26
12.518 , 130.2825
12.529 , 130.26
12.54 , 130.26
12.551 , 130.1925
12.562 , 130.1925
12.573 , 130.17
12.584 , 130.17
12.595 , 130.095
12.605 , 130.125
12.616 , 130.125
12.627 , 130.125
12.638 , 130.05
12.649 , 130.125
12.66 , 130.095
12.671 , 130.17
12.682 , 130.17
12.693 , 130.095
12.704 , 130.125
12.715 , 130.05
12.726 , 130.125
12.736 , 130.095
12.747 , 130.095
12.758 , 130.0275
12.769 , 130.05
12.78 , 129.96
12.791 , 130.0275
12.802 , 130.005
12.813 , 130.005
12.824 , 130.005
12.834 , 129.96
12.845 , 129.96
12.856 , 129.8925
12.867 , 129.8925
12.878 , 129.8925
12.889 , 129.9375
12.9 , 129.825
12.911 , 129.87
12.922 , 129.87
12.933 , 129.87
12.944 , 129.87
12.955 , 129.87
12.966 , 129.87
12.977 , 129.8925
12.988 , 129.87
12.999 , 129.9375
13.01 , 130.5525
13.021 , 130.5825
13.032 , 130.5525
13.042 , 130.125
13.053 , 130.4175
13.064 , 130.35
13.075 , 130.35
13.086 , 130.3275
13.097 , 130.395
13.108 , 130.395
13.119 , 130.395
13.13 , 130.3275
13.14 , 130.3275
13.151 , 130.3275
13.162 , 130.3275
13.173 , 130.2825
13.184 , 130.3275
13.195 , 130.35
13.206 , 130.3275
13.217 , 130.26
13.228 , 130.35
13.238 , 130.1925
13.249 , 130.2825
13.26 , 130.26
13.271 , 130.26
13.282 , 130.1925
13.293 , 130.2375
13.304 , 130.125
13.315 , 130.1925
13.326 , 130.125
13.337 , 130.1925
13.348 , 130.125
13.359 , 130.125
13.369 , 130.125
13.38 , 130.05
13.391 , 130.17
13.402 , 130.125
13.413 , 130.125
13.424 , 130.095
13.435 , 130.095
13.446 , 130.095
13.456 , 130.095
13.467 , 130.095
13.478 , 130.0275
13.489 , 130.0275
13.5 , 130.0275
13.511 , 130.0275
13.522 , 130.0275
13.533 , 130.005
13.544 , 130.0275
13.555 , 130.0275
13.565 , 130.0275
13.576 , 130.005
13.587 , 129.96
13.598 , 129.96
13.609 , 129.9375
13.62 , 129.87
13.631 , 129.8925
13.642 , 129.9375
13.653 , 129.9375
13.664 , 129.87
13.675 , 129.8925
13.686 , 129.8025
13.697 , 129.9375
13.708 , 129.8925
13.719 , 129.9375
13.73 , 129.8925
13.74 , 129.8925
13.751 , 129.9375
13.762 , 130.7625
13.773 , 130.4625
13.784 , 130.7175
13.795 , 130.095
13.806 , 130.4625
13.817 , 130.26
13.828 , 130.35
13.839 , 130.3275
13.85 , 130.3275
13.86 , 130.26
13.871 , 130.3275
13.882 , 130.2825
13.893 , 130.3275
13.904 , 130.3275
13.915 , 130.35
13.926 , 130.35
13.937 , 130.3275
13.948 , 130.2825
13.959 , 130.35
13.97 , 130.3275
13.981 , 130.395
13.992 , 130.2825
14.002 , 130.395
14.013 , 130.2825
14.024 , 130.3275
14.035 , 130.2825
14.046 , 130.26
14.057 , 130.1925
14.068 , 130.2375
14.079 , 130.1925
14.09 , 130.26
14.101 , 130.1925
14.112 , 130.26
14.122 , 130.17
14.133 , 130.17
14.144 , 130.1925
14.155 , 130.125
14.166 , 130.125
14.177 , 130.05
14.188 , 130.095
14.199 , 130.05
14.21 , 130.125
14.221 , 130.125
14.231 , 130.095
14.242 , 130.095
14.253 , 130.05
14.264 , 130.095
14.275 , 130.05
14.286 , 130.125
14.297 , 130.05
14.308 , 130.05
14.319 , 129.96
14.33 , 130.0275
14.341 , 129.96
14.352 , 130.005
14.362 , 129.9375
14.373 , 129.9375
14.384 , 129.9375
14.395 , 129.87
14.406 , 129.8925
14.417 , 129.87
14.428 , 129.825
14.439 , 129.8025
14.45 , 129.8925
14.461 , 129.825
14.472 , 129.87
14.483 , 129.825
14.493 , 129.87
14.504 , 129.87
14.515 , 130.7625
14.526 , 130.2825
14.537 , 130.5525
14.548 , 130.095
14.559 , 130.485
14.57 , 130.26
14.581 , 130.395
14.592 , 130.35
14.603 , 130.35
14.613 , 130.3275
14.624 , 130.35
14.635 , 130.395
14.646 , 130.395
14.657 , 130.395
14.668 , 130.35
14.679 , 130.35
14.69 , 130.35
14.701 , 130.35
14.712 , 130.395
14.722 , 130.4175
14.733 , 130.2825
14.744 , 130.2825
14.755 , 130.2825
14.766 , 130.26
14.777 , 130.26
14.788 , 130.2375
14.799 , 130.26
14.81 , 130.26
14.821 , 130.2375
14.832 , 130.2375
14.843 , 130.2375
14.853 , 130.1925
14.864 , 130.1925
14.875 , 130.1925
14.886 , 130.1925
14.897 , 130.17
14.908 , 130.095
14.919 , 130.17
14.93 , 130.125
14.941 , 130.095
14.952 , 130.125
14.963 , 130.095
14.974 , 130.095
14.984 , 130.095
14.995 , 130.05
15.006 , 130.095
15.017 , 130.095
15.028 , 130.0275
15.039 , 130.0275
15.05 , 130.0275
15.061 , 130.0275
15.072 , 130.005
15.083 , 129.96
15.094 , 130.005
15.104 , 129.9375
15.115 , 129.8925
15.126 , 129.87
15.137 , 129.8925
15.148 , 129.825
15.159 , 129.825
15.17 , 129.87
15.181 , 129.825
15.192 , 129.8025
15.203 , 129.8925
15.214 , 129.825
15.225 , 129.8925
15.235 , 129.8925
15.246 , 129.8925
15.257 , 130.1925
15.268 , 130.785
15.279 , 130.35
15.29 , 130.35
15.301 , 130.26
15.312 , 130.4175
15.323 , 130.3275
15.334 , 130.35
15.345 , 130.35
15.355 , 130.35
15.366 , 130.395
15.377 , 130.395
15.388 , 130.395
15.399 , 130.395
15.41 , 130.395
15.421 , 130.395
15.432 , 130.395
15.443 , 130.395
15.454 , 130.4625
15.465 , 130.3275
15.476 , 130.4625
15.486 , 130.2825
15.497 , 130.3275
15.508 , 130.2825
15.519 , 130.2825
15.53 , 130.2825
15.541 , 130.26
15.552 , 130.2375
15.563 , 130.2375
15.574 , 130.2375
15.585 , 130.2375
15.595 , 130.17
15.606 , 130.2375
15.617 , 130.095
15.628 , 130.17
15.639 , 130.095
15.65 , 130.1925
15.661 , 130.05
15.672 , 130.125
15.683 , 130.05
15.694 , 130.095
15.705 , 130.095
15.716 , 130.05
15.727 , 130.125
15.737 , 130.05
15.748 , 130.095
15.759 , 130.0275
15.77 , 130.095
15.781 , 130.005
15.792 , 130.0275
15.803 , 130.0275
15.814 , 130.0275
15.825 , 130.0275
15.836 , 130.005
15.847 , 129.96
15.857 , 129.96
15.868 , 129.9375
15.879 , 129.9375
15.89 , 129.96
15.901 , 129.87
15.912 , 129.8925
15.923 , 129.825
15.934 , 129.87
15.945 , 129.8925
15.956 , 129.8925
15.967 , 129.87
15.978 , 129.87
15.989 , 129.87
16.0 , 129.8925
16.011 , 130.5525
16.021 , 130.5825
16.032 , 130.5525
16.043 , 130.125
16.054 , 130.4175
16.065 , 130.35
16.076 , 130.3275
16.087 , 130.35
16.098 , 130.35
16.109 , 130.35
16.12 , 130.35
16.13 , 130.35
16.141 , 130.35
16.152 , 130.35
16.163 , 130.35
16.174 , 130.3275
16.185 , 130.35
16.196 , 130.35
16.207 , 130.4175
16.217 , 130.3275
16.228 , 130.4175
16.239 , 130.2825
16.25 , 130.395
16.261 , 130.2825
16.272 , 130.2825
16.283 , 130.2825
16.294 , 130.26
16.305 , 130.1925
16.316 , 130.2375
16.326 , 130.1925
16.337 , 130.2375
16.348 , 130.17
16.359 , 130.1925
16.37 , 130.2375
16.381 , 130.17
16.392 , 130.17
16.403 , 130.17
16.414 , 130.095
16.425 , 130.17
16.436 , 130.125
16.447 , 130.17
16.457 , 130.125
16.468 , 130.095
16.479 , 130.095
16.49 , 130.05
16.501 , 130.05
16.512 , 130.095
16.523 , 130.0275
16.534 , 130.005
16.545 , 130.05
16.555 , 130.0275
16.566 , 130.005
16.577 , 130.0275
16.588 , 130.005
16.599 , 129.96
16.61 , 129.9375
16.621 , 129.9375
16.632 , 129.9375
16.643 , 129.9375
16.654 , 129.8925
16.665 , 129.8925
16.676 , 129.87
16.687 , 129.825
16.698 , 129.8925
16.708 , 129.825
16.719 , 129.8025
16.73 , 129.825
16.741 , 129.825
16.752 , 129.8925
16.763 , 130.65
16.774 , 130.395
16.785 , 130.6275
16.796 , 130.05
16.807 , 130.485
16.818 , 130.26
16.829 , 130.35
16.839 , 130.2825
16.85 , 130.3275
16.861 , 130.3275
16.872 , 130.2825
16.883 , 130.3275
16.894 , 130.2825
16.905 , 130.3275
16.916 , 130.35
16.927 , 130.35
16.938 , 130.395
16.949 , 130.3275
16.959 , 130.35
16.97 , 130.35
16.981 , 130.35
16.992 , 130.26
17.003 , 130.35
17.014 , 130.2375
17.025 , 130.2825
17.036 , 130.2825
17.047 , 130.2825
17.058 , 130.1925
17.069 , 130.2375
17.079 , 130.17
17.09 , 130.26
17.101 , 130.125
17.112 , 130.1925
17.123 , 130.1925
17.134 , 130.1925
17.145 , 130.2375
17.156 , 130.1925
17.167 , 130.17
17.177 , 130.125
17.188 , 130.17
17.199 , 130.125
17.21 , 130.1925
17.221 , 130.095
17.232 , 130.05
17.243 , 130.05
17.254 , 130.005
17.265 , 130.05
17.276 , 130.005
17.287 , 130.0275
17.297 , 129.96
17.308 , 130.005
17.319 , 129.96
17.33 , 130.095
17.341 , 129.96
17.352 , 130.0275
17.363 , 129.96
17.374 , 130.005
17.385 , 129.96
17.396 , 129.8925
17.407 , 129.9375
17.418 , 129.8925
17.429 , 129.9375
17.439 , 129.8025
17.45 , 129.9375
17.461 , 129.8925
17.472 , 129.8925
17.483 , 129.8925
17.494 , 129.8925
17.505 , 129.96
17.516 , 130.8525
17.527 , 130.35
17.538 , 130.65
17.549 , 130.095
17.56 , 130.485
17.57 , 130.3275
17.581 , 130.4175
17.592 , 130.35
17.603 , 130.395
17.614 , 130.395
17.625 , 130.395
17.636 , 130.4175
17.647 , 130.35
17.658 , 130.35
17.669 , 130.35
17.68 , 130.35
17.69 , 130.35
17.701 , 130.35
17.712 , 130.3275
17.723 , 130.35
17.734 , 130.2825
17.745 , 130.2825
17.756 , 130.2825
17.767 , 130.26
17.778 , 130.26
17.789 , 130.2375
17.799 , 130.2375
17.81 , 130.2375
17.821 , 130.26
17.832 , 130.2375
17.843 , 130.2375
17.854 , 130.1925
17.865 , 130.2375
17.876 , 130.17
17.887 , 130.17
17.898 , 130.1925
17.909 , 130.125
17.92 , 130.125
17.931 , 130.17
17.941 , 130.095
17.952 , 130.125
17.963 , 130.095
17.974 , 130.05
17.985 , 130.05
17.996 , 130.095
18.007 , 130.095
18.018 , 130.05
18.029 , 130.0275
18.04 , 130.0275
18.051 , 130.0275
18.061 , 130.005
18.072 , 130.0275
18.083 , 130.005
18.094 , 130.005
18.105 , 129.96
18.116 , 129.96
18.127 , 129.9375
18.138 , 129.9375
18.149 , 129.8925
18.16 , 129.8925
18.171 , 129.87
18.182 , 129.87
18.193 , 129.8025
18.203 , 129.87
18.214 , 129.87
18.225 , 129.8925
18.236 , 129.87
18.247 , 129.9375
18.258 , 130.125
18.269 , 130.7625
18.28 , 130.395
18.291 , 130.3275
18.302 , 130.2825
18.313 , 130.4625
18.323 , 130.2825
18.334 , 130.395
18.345 , 130.35
18.356 , 130.35
18.367 , 130.35
18.378 , 130.395
18.389 , 130.35
18.4 , 130.35
18.411 , 130.35
18.422 , 130.35
18.432 , 130.35
18.443 , 130.35
18.454 , 130.35
18.465 , 130.2825
18.476 , 130.4625
18.487 , 130.3275
18.498 , 130.395
18.509 , 130.35
18.52 , 130.3275
18.531 , 130.3275
18.541 , 130.3275
18.552 , 130.2825
18.563 , 130.2825
18.574 , 130.1925
18.585 , 130.2375
18.596 , 130.17
18.607 , 130.2375
18.618 , 130.17
18.629 , 130.1925
18.64 , 130.17
18.651 , 130.1925
18.661 , 130.095
18.672 , 130.125
18.683 , 130.125
18.694 , 130.125
18.705 , 130.125
18.716 , 130.05
18.727 , 130.125
18.738 , 130.05
18.749 , 130.095
18.76 , 130.05
18.77 , 130.095
18.781 , 130.0275
18.792 , 130.095
18.803 , 130.005
18.814 , 130.0275
18.825 , 130.0275
18.836 , 130.005
18.847 , 130.005
18.858 , 129.96
18.869 , 129.96
18.88 , 129.9375
18.891 , 130.005
18.901 , 129.9375
18.912 , 129.9375
18.923 , 129.9375
18.934 , 129.87
18.945 , 129.8925
18.956 , 129.8925
18.967 , 129.8925
18.978 , 129.87
18.989 , 129.825
19.0 , 129.8925
19.011 , 130.4175
19.022 , 130.5525
19.033 , 130.485
19.043 , 130.125
19.054 , 130.3275
19.065 , 130.3275
19.076 , 130.2825
19.087 , 130.2825
19.098 , 130.3275
19.109 , 130.2825
19.12 , 130.2825
19.131 , 130.2825
19.142 , 130.35
19.153 , 130.3275
19.163 , 130.3275
19.174 , 130.3275
19.185 , 130.2825
19.196 , 130.35
19.207 , 130.35
19.218 , 130.3275
19.229 , 130.4175
19.24 , 130.26
19.251 , 130.35
19.262 , 130.26
19.273 , 130.2825
19.283 , 130.26
19.294 , 130.2825
19.305 , 130.17
19.316 , 130.1925
19.327 , 130.1925
19.338 , 130.1925
19.349 , 130.17
19.36 , 130.17
19.371 , 130.17
19.382 , 130.125
19.393 , 130.125
19.403 , 130.1925
19.414 , 130.095
19.425 , 130.17
19.436 , 130.125
19.447 , 130.125
19.458 , 130.125
19.469 , 130.095
19.48 , 130.095
19.491 , 130.095
19.502 , 130.05
19.513 , 130.005
19.523 , 130.05
19.534 , 129.96
19.545 , 130.005
19.556 , 130.005
19.567 , 129.96
19.578 , 130.005
19.589 , 129.9375
19.6 , 129.9375
19.611 , 129.96
19.622 , 129.8925
19.633 , 129.96
19.644 , 129.9375
19.655 , 129.8925
19.665 , 129.8925
19.676 , 129.87
19.687 , 129.825
19.698 , 129.87
19.709 , 129.8925
19.72 , 129.8025
19.731 , 129.87
19.742 , 129.825
19.753 , 129.9375
19.764 , 130.695
19.775 , 130.4175
19.786 , 130.695
19.797 , 130.05
19.808 , 130.485
19.819 , 130.2825
19.829 , 130.35
19.84 , 130.3275
19.851 , 130.3275
19.862 , 130.3275
19.873 , 130.3275
19.884 , 130.3275
19.895 , 130.2825
19.906 , 130.3275
19.917 , 130.3275
19.928 , 130.35
19.939 , 130.35
19.949 , 130.395
19.96 , 130.35
19.971 , 130.2825
19.982 , 130.35
19.993 , 130.2375
20.004 , 130.35
20.015 , 130.26
20.026 , 130.3275
20.037 , 130.26
20.048 , 130.26
20.059 , 130.1925
20.069 , 130.2375
20.08 , 130.1925
20.091 , 130.26
20.102 , 130.17
20.113 , 130.1925
20.124 , 130.1925
20.135 , 130.17
20.146 , 130.17
20.157 , 130.125
20.168 , 130.17
20.178 , 130.125
20.189 , 130.17
20.2 , 130.05
20.211 , 130.125
20.222 , 130.0275
20.233 , 130.095
20.244 , 130.05
20.255 , 130.05
20.266 , 130.05
20.277 , 130.005
20.287 , 130.05
20.298 , 130.0275
20.309 , 130.0275
20.32 , 130.005
20.331 , 130.005
20.342 , 130.005
20.353 , 130.005
20.364 , 129.96
20.375 , 129.96
20.385 , 129.9375
20.396 , 129.9375
20.407 , 129.9375
20.418 , 129.8925
20.429 , 129.8925
20.44 , 129.78
20.451 , 129.825
20.462 , 129.78
20.473 , 129.825
20.484 , 129.825
20.495 , 129.825
20.506 , 129.87
20.516 , 130.7625
20.527 , 130.2825
20.538 , 130.5825
20.549 , 130.05
20.56 , 130.4625
20.571 , 130.26
20.582 , 130.3275
20.593 , 130.26
20.604 , 130.35
20.615 , 130.2825
20.625 , 130.3275
20.636 , 130.2825
20.647 , 130.35
20.658 , 130.35
20.669 , 130.3275
20.68 , 130.3275
20.691 , 130.395
20.702 , 130.35
20.713 , 130.35
20.724 , 130.35
20.734 , 130.3275
20.745 , 130.2825
20.756 , 130.2825
20.767 , 130.2375
20.778 , 130.26
20.789 , 130.26
20.8 , 130.2375
20.811 , 130.2375
20.822 , 130.2375
20.833 , 130.1925
20.844 , 130.26
20.854 , 130.125
20.865 , 130.2375
20.876 , 130.125
20.887 , 130.1925
20.898 , 130.1925
20.909 , 130.17
20.92 , 130.095
20.931 , 130.125
20.942 , 130.125
20.953 , 130.095
20.963 , 130.17
20.974 , 130.095
20.985 , 130.095
20.996 , 130.095
21.007 , 130.095
21.018 , 130.125
21.029 , 130.05
21.04 , 130.05
21.051 , 130.095
21.062 , 130.005
21.072 , 130.005
21.083 , 130.005
21.094 , 129.96
21.105 , 129.96
21.116 , 129.9375
21.127 , 129.9375
21.138 , 129.9375
21.149 , 129.87
21.16 , 129.87
21.171 , 129.87
21.182 , 129.78
21.193 , 129.8025
21.203 , 129.87
21.214 , 129.87
21.225 , 129.87
21.236 , 129.87
21.247 , 129.8925
21.258 , 130.05
21.269 , 130.8075
21.28 , 130.3275
21.291 , 130.4175
21.302 , 130.1925
21.313 , 130.4625
21.324 , 130.2825
21.334 , 130.35
21.345 , 130.3275
21.356 , 130.35
21.367 , 130.395
21.378 , 130.3275
21.389 , 130.35
21.4 , 130.3275
21.411 , 130.3275
21.422 , 130.35
21.433 , 130.35
21.443 , 130.35
21.454 , 130.35
21.465 , 130.3275
21.476 , 130.4175
21.487 , 130.2825
21.498 , 130.2825
21.509 , 130.26
21.52 , 130.26
21.531 , 130.2825
21.541 , 130.26
21.552 , 130.1925
21.563 , 130.2375
21.574 , 130.2375
21.585 , 130.2375
21.596 , 130.17
21.607 , 130.2375
21.618 , 130.17
21.629 , 130.17
21.64 , 130.125
21.651 , 130.1925
21.661 , 130.095
21.672 , 130.125
21.683 , 130.125
21.694 , 130.125
21.705 , 130.125
21.716 , 130.095
21.727 , 130.125
21.738 , 130.05
21.749 , 130.095
21.76 , 130.095
21.77 , 130.095
21.781 , 130.0275
21.792 , 130.0275
21.803 , 130.0275
21.814 , 130.005
21.825 , 130.0275
21.836 , 130.005
21.847 , 130.005
21.857 , 129.96
21.868 , 129.9375
21.879 , 129.9375
21.89 , 129.96
21.901 , 129.87
21.912 , 129.8925
21.923 , 129.87
21.934 , 129.8025
21.945 , 129.8025
21.956 , 129.87
21.967 , 129.825
21.978 , 129.87
21.989 , 129.87
22.0 , 129.96
22.011 , 130.35
22.021 , 130.65
22.032 , 130.4175
22.043 , 130.26
22.054 , 130.35
22.065 , 130.395
22.076 , 130.3275
22.087 , 130.35
22.098 , 130.3275
22.109 , 130.3275
22.12 , 130.35
22.13 , 130.35
22.141 , 130.3275
22.152 , 130.3275
22.163 , 130.3275
22.174 , 130.3275
22.185 , 130.35
22.196 , 130.35
22.207 , 130.35
22.218 , 130.2825
22.229 , 130.395
22.239 , 130.26
22.25 , 130.35
22.261 , 130.26
22.272 , 130.26
22.283 , 130.26
22.294 , 130.26
22.305 , 130.1925
22.316 , 130.1925
22.327 , 130.17
22.338 , 130.1925
22.349 , 130.125
22.359 , 130.1925
22.37 , 130.1925
22.381 , 130.1925
22.392 , 130.095
22.403 , 130.2375
22.414 , 130.095
22.425 , 130.17
22.436 , 130.095
22.446 , 130.095
22.457 , 130.125
22.468 , 130.05
22.479 , 130.095
22.49 , 130.05
22.501 , 130.095
22.512 , 130.0275
22.523 , 130.095
22.534 , 130.0275
22.545 , 130.05
22.555 , 130.0275
22.566 , 130.005
22.577 , 130.0275
22.588 , 129.96
22.599 , 129.96
22.61 , 129.9375
22.621 , 129.9375
22.632 , 129.8925
22.643 , 129.96
22.654 , 129.8925
22.665 , 129.8925
22.676 , 129.825
22.687 , 129.825
22.697 , 129.87
22.708 , 129.825
22.719 , 129.87
22.73 , 129.87
22.741 , 129.825
22.752 , 129.8925
22.763 , 130.5525
22.774 , 130.5525
22.785 , 130.5825
22.796 , 130.125
22.807 , 130.4175
22.817 , 130.2825
22.828 , 130.3275
22.839 , 130.35
22.85 , 130.35
22.861 , 130.3275
22.872 , 130.3275
22.883 , 130.35
22.894 , 130.3275
22.905 , 130.3275
22.916 , 130.35
22.927 , 130.3275
22.937 , 130.35
22.948 , 130.3275
22.959 , 130.35
22.97 , 130.2825
22.981 , 130.395
22.992 , 130.2375
23.003 , 130.3275
23.014 , 130.2375
23.025 , 130.26
23.036 , 130.2375
23.046 , 130.2825
23.057 , 130.1925
23.068 , 130.2375
23.079 , 130.1925
23.09 , 130.2375
23.101 , 130.17
23.112 , 130.17
23.123 , 130.17
23.134 , 130.125
23.145 , 130.125
23.155 , 130.125
23.166 , 130.095
23.177 , 130.125
23.188 , 130.095
23.199 , 130.095
23.21 , 130.125
23.221 , 130.0275
23.232 , 130.095
23.243 , 130.095
23.253 , 130.05
23.264 , 130.05
23.275 , 130.05
23.286 , 130.0275
23.297 , 130.05
23.308 , 130.0275
23.319 , 130.0275
23.33 , 130.0275
23.341 , 129.96
23.352 , 129.96
23.363 , 129.9375
23.374 , 129.9375
23.384 , 129.8925
23.395 , 129.9375
23.406 , 129.8925
23.417 , 129.8925
23.428 , 129.87
23.439 , 129.8025
23.45 , 129.87
23.461 , 129.87
23.472 , 129.87
23.483 , 129.8025
23.494 , 129.825
23.505 , 129.8925
23.516 , 130.7175
23.526 , 130.4175
23.537 , 130.65
23.548 , 130.095
23.559 , 130.5075
23.57 , 130.3275
23.581 , 130.395
23.592 , 130.35
23.603 , 130.395
23.614 , 130.4175
23.625 , 130.395
23.635 , 130.395
23.646 , 130.35
23.657 , 130.3275
23.668 , 130.35
23.679 , 130.3275
23.69 , 130.3275
23.701 , 130.35
23.712 , 130.3275
23.723 , 130.3275
23.734 , 130.3275
23.745 , 130.26
23.755 , 130.395
23.766 , 130.2825
23.777 , 130.3275
23.788 , 130.26
23.799 , 130.2825
23.81 , 130.26
23.821 , 130.2375
23.832 , 130.1925
23.843 , 130.2825
23.854 , 130.17
23.865 , 130.2375
23.876 , 130.17
23.886 , 130.2375
23.897 , 130.1925
23.908 , 130.17
23.919 , 130.1925
23.93 , 130.125
23.941 , 130.1925
23.952 , 130.095
23.963 , 130.125
23.974 , 130.05
23.985 , 130.095
23.996 , 130.05
24.006 , 130.05
24.017 , 130.05
24.028 , 130.005
24.039 , 130.05
24.05 , 130.0275
24.061 , 130.005
24.072 , 130.0275
24.083 , 130.0275
24.094 , 129.9375
24.105 , 130.0275
24.116 , 129.9375
24.126 , 129.9375
24.137 , 129.8925
24.148 , 129.8925
24.159 , 129.87
24.17 , 129.87
24.181 , 129.87
24.192 , 129.8025
24.203 , 129.87
24.214 , 129.825
24.225 , 129.8925
24.236 , 129.825
24.247 , 129.8025
24.257 , 129.96
24.268 , 130.8075
24.279 , 130.3275
24.29 , 130.485
24.301 , 130.095
24.312 , 130.485
24.323 , 130.26
24.334 , 130.35
24.345 , 130.3275
24.356 , 130.35
24.367 , 130.2825
24.377 , 130.3275
24.388 , 130.3275
24.399 , 130.3275
24.41 , 130.35
24.421 , 130.3275
24.432 , 130.3275
24.443 , 130.3275
24.454 , 130.395
24.465 , 130.35
24.476 , 130.35
24.486 , 130.2825
24.497 , 130.3275
24.508 , 130.26
24.519 , 130.26
24.53 , 130.26
24.541 , 130.2375
24.552 , 130.2375
24.563 , 130.2375
24.574 , 130.2375
24.585 , 130.2375
24.596 , 130.2375
24.606 , 130.1925
24.617 , 130.26
24.628 , 130.17
24.639 , 130.17
24.65 , 130.1925
24.661 , 130.17
24.672 , 130.17
24.683 , 130.1925
24.694 , 130.125
24.705 , 130.125
24.716 , 130.125
24.726 , 130.125
24.737 , 130.095
24.748 , 130.095
24.759 , 130.095
24.77 , 130.095
24.781 , 130.0275
24.792 , 130.05
24.803 , 130.005
24.814 , 130.005
24.825 , 130.005
24.836 , 130.005
24.846 , 129.96
24.857 , 129.96
24.868 , 129.9375
24.879 , 129.9375
24.89 , 129.96
24.901 , 129.825
24.912 , 129.87
24.923 , 129.87
24.934 , 129.8025
24.945 , 129.825
24.956 , 129.87
24.967 , 129.825
24.978 , 129.8025
24.989 , 129.87
24.999 , 129.9375
25.01 , 130.1925
25.021 , 130.7175
25.032 , 130.395
25.043 , 130.2825
25.054 , 130.26
25.065 , 130.4175
25.076 , 130.2825
25.087 , 130.35
25.098 , 130.35
25.109 , 130.395
25.119 , 130.35
25.13 , 130.35
25.141 , 130.395
25.152 , 130.395
25.163 , 130.395
25.174 , 130.395
25.185 , 130.395
25.196 , 130.395
25.207 , 130.395
25.217 , 130.35
25.228 , 130.485
25.239 , 130.26
25.25 , 130.3275
25.261 , 130.2825
25.272 , 130.2825
25.283 , 130.2825
25.294 , 130.2825
25.305 , 130.2375
25.316 , 130.26
25.326 , 130.26
25.337 , 130.26
25.348 , 130.2375
25.359 , 130.26
25.37 , 130.1925
25.381 , 130.2375
25.392 , 130.17
25.403 , 130.1925
25.414 , 130.05
25.425 , 130.17
25.436 , 130.125
25.447 , 130.095
25.457 , 130.125
25.468 , 130.05
25.479 , 130.125
25.49 , 130.05
25.501 , 130.0275
25.512 , 130.0275
25.523 , 130.125
25.534 , 130.05
25.545 , 130.095
25.555 , 130.05
25.566 , 130.0275
25.577 , 130.05
25.588 , 130.0275
25.599 , 130.005
25.61 , 129.96
25.621 , 129.96
25.632 , 129.8925
25.643 , 129.9375
25.654 , 129.87
25.665 , 129.8925
25.676 , 129.87
25.687 , 129.87
25.698 , 129.87
25.709 , 129.87
25.72 , 129.87
25.73 , 129.87
25.741 , 129.87
25.752 , 129.8925
25.763 , 130.5525
25.774 , 130.5825
25.785 , 130.5525
25.796 , 130.17
25.807 , 130.4175
25.818 , 130.3275
25.829 , 130.2825
25.84 , 130.2825
25.851 , 130.2825
25.862 , 130.2825
25.872 , 130.2825
25.883 , 130.2825
25.894 , 130.2825
25.905 , 130.3275
25.916 , 130.2825
25.927 , 130.3275
25.946 , 130.3275
25.957 , 130.35
25.968 , 130.2825
25.979 , 130.4175
25.99 , 130.2375
26.001 , 130.2825
26.011 , 130.26
26.022 , 130.2825
26.033 , 130.2825
26.044 , 130.2375
26.055 , 130.1925
26.066 , 130.2375
26.077 , 130.17
26.088 , 130.1925
26.099 , 130.125
26.11 , 130.17
26.121 , 130.095
26.131 , 130.17
26.142 , 130.05
26.153 , 130.17
26.164 , 130.05
26.175 , 130.095
26.186 , 130.095
26.197 , 130.0275
26.208 , 130.095
26.219 , 130.05
26.23 , 130.05
26.241 , 130.0275
26.251 , 130.095
26.262 , 130.0275
26.273 , 130.05
26.284 , 130.005
26.295 , 130.05
26.306 , 130.005
26.317 , 130.0275
26.328 , 130.0275
26.339 , 129.96
26.35 , 129.96
26.361 , 129.8925
26.372 , 129.8925
26.382 , 129.87
26.393 , 129.9375
26.404 , 129.87
26.415 , 129.87
26.426 , 129.825
26.437 , 129.825
26.448 , 129.825
26.459 , 129.87
26.47 , 129.8925
26.481 , 129.8925
26.492 , 129.87
26.503 , 129.9375
26.514 , 130.5075
26.525 , 130.6275
26.535 , 130.5525
26.546 , 130.17
26.557 , 130.395
26.568 , 130.3275
26.579 , 130.35
26.59 , 130.35
26.601 , 130.3275
26.612 , 130.3275
26.623 , 130.35
26.634 , 130.35
26.645 , 130.395
26.655 , 130.35
26.666 , 130.395
26.677 , 130.35
26.688 , 130.395
26.699 , 130.395
26.71 , 130.35
26.721 , 130.35
26.732 , 130.395
26.743 , 130.26
26.753 , 130.395
26.764 , 130.2375
26.775 , 130.26
26.786 , 130.26
26.797 , 130.26
26.808 , 130.2375
26.819 , 130.2375
26.83 , 130.1925
26.841 , 130.1925
26.852 , 130.1925
26.863 , 130.17
26.874 , 130.17
26.885 , 130.125
26.895 , 130.125
26.906 , 130.125
26.917 , 130.095
26.928 , 130.095
26.939 , 130.095
26.95 , 130.095
26.961 , 130.095
26.972 , 130.05
26.983 , 130.0275
26.994 , 130.05
27.005 , 130.0275
27.015 , 130.0275
27.026 , 130.05
27.037 , 130.0275
27.048 , 130.005
27.059 , 130.005
27.07 , 130.005
27.081 , 130.0275
27.092 , 130.0275
27.103 , 129.96
27.114 , 130.005
27.124 , 129.9375
27.135 , 129.9375
27.146 , 129.9375
27.157 , 129.8925
27.168 , 129.8925
27.179 , 129.87
27.19 , 129.825
27.201 , 129.87
27.212 , 129.87
27.223 , 129.8025
27.234 , 129.87
27.245 , 129.825
27.256 , 129.87
27.266 , 130.695
27.277 , 130.4175
27.288 , 130.6275
27.299 , 130.0275
27.31 , 130.4625
27.321 , 130.26
27.332 , 130.2825
27.343 , 130.3275
27.354 , 130.2825
27.365 , 130.26
27.376 , 130.2825
27.387 , 130.2825
27.397 , 130.35
27.408 , 130.3275
27.419 , 130.3275
27.43 , 130.3275
27.441 , 130.3275
27.452 , 130.3275
27.463 , 130.3275
27.474 , 130.2825
27.485 , 130.3275
27.496 , 130.26
27.507 , 130.3275
27.517 , 130.26
27.528 , 130.2825
27.539 , 130.26
27.55 , 130.26
27.561 , 130.1925
27.572 , 130.1925
27.583 , 130.17
27.594 , 130.2375
27.605 , 130.125
27.616 , 130.1925
27.627 , 130.17
27.638 , 130.095
27.648 , 130.125
27.659 , 130.095
27.67 , 130.17
27.681 , 130.095
27.692 , 130.125
27.703 , 130.095
27.714 , 130.17
27.725 , 130.095
27.736 , 130.125
27.746 , 130.095
27.757 , 130.05
27.768 , 130.125
27.779 , 130.05
27.79 , 130.05
27.801 , 130.005
27.812 , 130.0275
27.823 , 129.96
27.834 , 130.005
27.845 , 129.96
27.856 , 129.96
27.867 , 129.9375
27.878 , 129.9375
27.888 , 129.9375
27.899 , 129.87
27.91 , 129.87
27.921 , 129.825
27.932 , 129.8025
27.943 , 129.78
27.954 , 129.87
27.965 , 129.825
27.976 , 129.87
27.987 , 129.87
27.998 , 129.87
28.009 , 129.96
28.02 , 130.785
28.031 , 130.35
28.042 , 130.485
28.052 , 130.125
28.063 , 130.485
28.074 , 130.3275
28.085 , 130.3275
28.096 , 130.3275
28.107 , 130.3275
28.118 , 130.3275
28.129 , 130.35
28.14 , 130.35
28.151 , 130.395
28.162 , 130.395
28.172 , 130.395
28.183 , 130.35
28.194 , 130.35
28.205 , 130.35
28.216 , 130.35
28.227 , 130.35
28.238 , 130.2825
28.249 , 130.3275
28.26 , 130.3275
28.271 , 130.26
28.281 , 130.2375
28.292 , 130.26
28.303 , 130.26
28.314 , 130.1925
28.325 , 130.2375
28.336 , 130.2375
28.347 , 130.1925
28.358 , 130.1925
28.369 , 130.1925
28.38 , 130.1925
28.391 , 130.1925
28.401 , 130.2375
28.412 , 130.17
28.423 , 130.095
28.434 , 130.095
28.445 , 130.095
28.456 , 130.05
28.467 , 130.05
28.478 , 130.095
28.489 , 130.05
28.5 , 130.05
28.511 , 130.05
28.522 , 130.05
28.532 , 130.0275
28.543 , 130.0275
28.554 , 130.05
28.565 , 129.96
28.576 , 130.0275
28.587 , 130.005
28.598 , 130.005
28.609 , 129.96
28.62 , 129.96
28.631 , 130.005
28.642 , 129.96
28.653 , 129.96
28.664 , 129.9375
28.675 , 129.9375
28.685 , 129.8925
28.696 , 129.87
28.707 , 129.9375
28.718 , 129.87
28.729 , 129.9375
28.74 , 129.87
28.751 , 129.9375
28.762 , 130.3275
28.773 , 130.7175
28.784 , 130.395
28.795 , 130.2375
28.806 , 130.3275
28.817 , 130.35
28.828 , 130.3275
28.839 , 130.395
28.849 , 130.35
28.86 , 130.35
28.871 , 130.395
28.882 , 130.395
28.893 , 130.35
28.904 , 130.395
28.915 , 130.395
28.926 , 130.395
28.937 , 130.395
28.948 , 130.3275
28.958 , 130.2825
28.969 , 130.3275
28.98 , 130.4175
28.991 , 130.2375
29.002 , 130.3275
29.013 , 130.26
29.024 , 130.26
29.035 , 130.2825
29.046 , 130.2825
29.057 , 130.2375
29.068 , 130.1925
29.079 , 130.17
29.089 , 130.2375
29.1 , 130.17
29.111 , 130.2375
29.122 , 130.125
29.133 , 130.2375
29.144 , 130.095
29.155 , 130.1925
29.166 , 130.095
29.177 , 130.17
29.188 , 130.125
29.199 , 130.095
29.209 , 130.095
29.22 , 130.0275
29.231 , 130.125
29.242 , 130.05
29.253 , 130.17
29.264 , 130.095
29.275 , 130.125
29.286 , 130.095
29.297 , 130.125
29.308 , 130.125
29.318 , 130.095
29.329 , 130.095
29.34 , 130.0275
29.351 , 130.05
29.362 , 130.005
29.373 , 130.005
29.384 , 130.005
29.395 , 130.005
29.406 , 129.825
29.417 , 129.87
29.427 , 129.825
29.438 , 129.825
29.449 , 129.87
29.46 , 129.8925
29.471 , 129.8925
29.482 , 129.87
29.493 , 129.87
29.504 , 129.9375
29.515 , 130.65
29.526 , 130.5825
29.537 , 130.6275
29.548 , 130.17
29.559 , 130.485
29.57 , 130.3275
29.581 , 130.35
29.591 , 130.35
29.602 , 130.3275
29.613 , 130.35
29.624 , 130.35
29.635 , 130.35
29.646 , 130.35
29.657 , 130.35
29.668 , 130.395
29.679 , 130.395
29.69 , 130.395
29.7 , 130.35
29.711 , 130.395
29.722 , 130.2825
29.733 , 130.395
29.744 , 130.26
29.755 , 130.35
29.766 , 130.2375
29.777 , 130.26
29.788 , 130.26
29.799 , 130.2825
29.81 , 130.1925
29.821 , 130.2375
29.831 , 130.2375
29.842 , 130.2375
29.853 , 130.17
29.864 , 130.17
29.875 , 130.1925
29.886 , 130.125
29.897 , 130.17
29.908 , 130.125
29.919 , 130.17
29.93 , 130.17
29.941 , 130.1925
29.952 , 130.125
29.962 , 130.125
29.973 , 130.095
29.984 , 130.17
29.995 , 130.095
30.006 , 130.05
30.017 , 130.125
30.028 , 130.095
30.039 , 130.095
30.05 , 130.05
30.061 , 130.05
30.072 , 130.05
30.082 , 130.0275
30.093 , 130.005
30.104 , 130.005
30.115 , 129.96
30.126 , 129.96
30.137 , 129.9375
30.148 , 129.87
30.159 , 129.8925
30.17 , 129.825
30.181 , 129.87
30.192 , 129.8025
30.202 , 129.87
30.213 , 129.87
30.224 , 129.87
30.235 , 129.825
30.246 , 129.87
30.257 , 129.96
30.268 , 130.7625
30.279 , 130.4175
30.29 , 130.695
30.301 , 130.05
30.312 , 130.5075
30.323 , 130.3275
30.333 , 130.395
30.344 , 130.35
30.355 , 130.35
30.366 , 130.35
30.377 , 130.395
30.388 , 130.395
30.399 , 130.395
30.41 , 130.35
30.421 , 130.395
30.432 , 130.395
30.443 , 130.35
30.453 , 130.35
30.464 , 130.35
30.475 , 130.3275
30.486 , 130.35
30.497 , 130.2825
30.508 , 130.35
30.519 , 130.2825
30.53 , 130.26
30.54 , 130.2375
30.551 , 130.2825
30.562 , 130.2375
30.573 , 130.26
30.584 , 130.1925
30.595 , 130.2825
30.606 , 130.17
30.617 , 130.2375
30.628 , 130.2375
30.639 , 130.1925
30.65 , 130.2375
30.66 , 130.125
30.671 , 130.1925
30.682 , 130.125
30.693 , 130.1925
30.704 , 130.125
30.715 , 130.17
30.726 , 130.095
30.737 , 130.125
30.748 , 130.095
30.759 , 130.095
30.77 , 130.125
30.78 , 130.05
30.791 , 130.095
30.802 , 130.005
30.813 , 130.05
30.824 , 130.05
30.835 , 130.05
30.846 , 130.005
30.857 , 130.005
30.868 , 129.96
30.878 , 129.96
30.889 , 130.005
30.9 , 129.9375
30.911 , 129.9375
30.922 , 129.8925
30.933 , 129.825
30.944 , 129.8925
30.955 , 129.9375
30.966 , 129.8925
30.977 , 129.8925
30.988 , 129.8925
30.999 , 129.8925
31.01 , 130.05
31.02 , 130.875
31.031 , 130.395
31.042 , 130.6275
31.053 , 130.1925
31.064 , 130.5525
31.075 , 130.3275
31.086 , 130.485
31.097 , 130.395
31.108 , 130.4175
31.118 , 130.3275
31.129 , 130.35
31.14 , 130.35
31.151 , 130.35
31.162 , 130.395
31.173 , 130.395
31.184 , 130.395
31.195 , 130.395
31.206 , 130.35
31.216 , 130.35
31.227 , 130.3275
31.238 , 130.2825
31.249 , 130.2825
31.26 , 130.26
31.271 , 130.26
31.282 , 130.26
31.293 , 130.1925
31.304 , 130.1925
31.315 , 130.1925
31.325 , 130.1925
31.336 , 130.2375
31.347 , 130.1925
31.358 , 130.1925
31.369 , 130.2375
31.38 , 130.1925
31.391 , 130.2375
31.402 , 130.1925
31.413 , 130.17
31.424 , 130.1925
31.434 , 130.095
31.445 , 130.05
31.456 , 130.125
31.467 , 130.095
31.478 , 130.095
31.489 , 130.095
31.5 , 130.05
31.511 , 130.0275
31.522 , 130.095
31.533 , 130.05
31.543 , 130.05
31.554 , 130.05
31.565 , 130.0275
31.576 , 130.0275
31.587 , 130.0275
31.598 , 130.005
31.609 , 130.0275
31.62 , 129.96
31.631 , 129.96
31.642 , 130.005
31.653 , 129.9375
31.663 , 129.9375
31.674 , 129.9375
31.685 , 129.87
31.696 , 129.8925
31.707 , 129.8925
31.718 , 129.825
31.729 , 129.8925
31.74 , 129.8925
31.751 , 129.9375
31.762 , 130.1925
31.773 , 130.785
31.784 , 130.395
31.795 , 130.35
31.805 , 130.26
31.816 , 130.485
31.827 , 130.35
31.838 , 130.395
31.849 , 130.395
31.86 , 130.395
31.871 , 130.35
31.882 , 130.395
31.893 , 130.395
31.904 , 130.395
31.914 , 130.395
31.925 , 130.395
31.936 , 130.395
31.947 , 130.35
31.958 , 130.35
31.969 , 130.3275
31.98 , 130.4175
31.991 , 130.26
32.002 , 130.3275
32.013 , 130.2825
32.024 , 130.26
32.035 , 130.2825
32.045 , 130.26
32.056 , 130.26
32.067 , 130.3275
32.078 , 130.26
32.089 , 130.3275
32.1 , 130.2375
32.111 , 130.26
32.122 , 130.1925
32.133 , 130.2375
32.144 , 130.1925
32.155 , 130.26
32.165 , 130.125
32.176 , 130.17
32.187 , 130.17
32.198 , 130.17
32.209 , 130.17
32.22 , 130.095
32.231 , 130.125
32.242 , 130.095
32.253 , 130.125
32.264 , 130.05
32.274 , 130.095
32.285 , 130.05
32.296 , 130.095
32.307 , 130.05
32.318 , 130.0275
32.329 , 130.0275
32.34 , 130.005
32.351 , 130.0275
32.362 , 129.9375
32.373 , 129.96
32.384 , 129.8925
32.394 , 129.9375
32.405 , 129.87
32.416 , 129.8925
32.427 , 129.87
32.438 , 129.8025
32.449 , 129.825
32.46 , 129.87
32.471 , 129.9375
32.482 , 129.8925
32.493 , 129.9375
32.504 , 129.96
32.515 , 130.5075
32.526 , 130.695
32.536 , 130.5525
32.547 , 130.1925
32.558 , 130.4175
32.569 , 130.4175
32.58 , 130.395
32.591 , 130.4175
32.602 , 130.395
32.613 , 130.35
32.624 , 130.35
32.635 , 130.395
32.645 , 130.395
32.656 , 130.35
32.667 , 130.395
32.678 , 130.395
32.689 , 130.395
32.7 , 130.395
32.711 , 130.395
32.722 , 130.3275
32.733 , 130.4175
32.744 , 130.2825
32.754 , 130.395
32.765 , 130.2825
32.776 , 130.35
32.787 , 130.3275
32.798 , 130.3275
32.809 , 130.26
32.82 , 130.26
32.831 , 130.26
32.842 , 130.26
32.853 , 130.2375
32.864 , 130.26
32.875 , 130.26
32.886 , 130.1925
32.896 , 130.1925
32.907 , 130.2375
32.918 , 130.17
32.929 , 130.1925
32.94 , 130.17
32.951 , 130.1925
32.962 , 130.17
32.973 , 130.125
32.984 , 130.05
32.995 , 130.095
33.006 , 130.05
33.016 , 130.0275
33.027 , 130.05
33.038 , 130.0275
33.049 , 130.0275
33.06 , 130.005
33.071 , 130.005
33.082 , 129.96
33.093 , 130.0275
33.104 , 130.0275
33.115 , 130.005
33.125 , 130.005
33.136 , 129.96
33.147 , 130.005
33.158 , 129.9375
33.169 , 130.005
33.18 , 129.87
33.191 , 129.87
33.202 , 129.8925
33.213 , 129.8925
33.224 , 129.8925
33.235 , 129.8925
33.245 , 129.8925
33.256 , 129.96
33.267 , 130.7175
33.278 , 130.5075
33.289 , 130.65
33.3 , 130.125
33.311 , 130.485
33.322 , 130.3275
33.333 , 130.395
33.344 , 130.3275
33.355 , 130.3275
33.365 , 130.35
33.376 , 130.35
33.387 , 130.395
33.398 , 130.35
33.409 , 130.35
33.42 , 130.35
33.431 , 130.35
33.442 , 130.35
33.453 , 130.395
33.464 , 130.395
33.474 , 130.3275
33.485 , 130.4175
33.496 , 130.2825
33.507 , 130.4175
33.518 , 130.3275
33.529 , 130.35
33.54 , 130.2825
33.551 , 130.3275
33.562 , 130.26
33.573 , 130.2825
33.584 , 130.2375
33.594 , 130.2825
33.605 , 130.1925
33.616 , 130.2375
33.627 , 130.2375
33.638 , 130.1925
33.649 , 130.1925
33.66 , 130.17
33.671 , 130.1925
33.682 , 130.125
33.693 , 130.125
33.703 , 130.095
33.714 , 130.125
33.725 , 130.095
33.736 , 130.095
33.747 , 130.125
33.758 , 130.095
33.769 , 130.095
33.78 , 130.0275
33.791 , 130.05
33.802 , 130.0275
33.813 , 130.05
33.823 , 130.0275
33.834 , 130.05
33.845 , 130.005
33.856 , 130.005
33.867 , 129.96
33.878 , 129.9375
33.889 , 129.96
33.9 , 129.8925
33.911 , 129.8925
33.922 , 129.9375
33.933 , 129.9375
33.944 , 129.825
33.955 , 129.9375
33.965 , 129.8925
33.976 , 129.9375
33.987 , 129.87
33.998 , 129.9375
34.009 , 129.96
34.02 , 130.785
34.031 , 130.395
34.042 , 130.65
34.053 , 130.125
34.064 , 130.485
34.075 , 130.2825
34.085 , 130.4175
34.096 , 130.35
34.107 , 130.395
34.118 , 130.3275
34.129 , 130.395
34.14 , 130.395
34.151 , 130.35
34.162 , 130.35
34.173 , 130.395
34.183 , 130.35
34.194 , 130.35
34.205 , 130.4175
34.216 , 130.395
34.227 , 130.3275
34.238 , 130.2825
34.249 , 130.26
34.26 , 130.3275
34.271 , 130.26
34.282 , 130.2825
34.293 , 130.2375
34.303 , 130.1925
34.314 , 130.1925
34.325 , 130.1925
34.336 , 130.26
34.347 , 130.2825
34.358 , 130.1925
34.369 , 130.26
34.38 , 130.1925
34.391 , 130.2375
34.402 , 130.26
34.412 , 130.17
34.423 , 130.17
34.434 , 130.17
34.445 , 130.17
34.456 , 130.17
34.467 , 130.1925
34.478 , 130.095
34.489 , 130.17
34.5 , 130.095
34.511 , 130.125
34.522 , 130.125
34.533 , 130.095
34.543 , 130.0275
34.554 , 130.05
34.565 , 130.0275
34.576 , 130.0275
34.587 , 130.0275
34.598 , 129.96
34.609 , 130.005
34.62 , 129.96
34.631 , 129.9375
34.642 , 130.005
34.653 , 130.005
34.663 , 129.8925
34.674 , 129.9375
34.685 , 129.8925
34.696 , 129.8925
34.707 , 129.9375
34.718 , 129.87
34.729 , 129.87
34.74 , 129.8925
34.751 , 129.8925
34.762 , 130.125
34.773 , 130.8525
34.784 , 130.395
34.795 , 130.395
34.806 , 130.2375
34.816 , 130.4625
34.827 , 130.3275
34.838 , 130.395
34.849 , 130.35
34.86 , 130.395
34.871 , 130.395
34.882 , 130.35
34.893 , 130.35
34.904 , 130.395
34.915 , 130.395
34.925 , 130.4175
34.936 , 130.4175
34.947 , 130.395
34.958 , 130.3275
34.969 , 130.3275
34.98 , 130.4175
34.991 , 130.26
35.002 , 130.2825
35.013 , 130.26
35.024 , 130.26
35.035 , 130.2375
35.046 , 130.26
35.057 , 130.2375
35.067 , 130.2375
35.078 , 130.1925
35.089 , 130.2375
35.1 , 130.1925
35.111 , 130.1925
35.122 , 130.17
35.133 , 130.17
35.144 , 130.125
35.155 , 130.17
35.166 , 130.125
35.176 , 130.125
35.187 , 130.125
35.198 , 130.125
35.209 , 130.125
35.22 , 130.095
35.231 , 130.125
35.242 , 130.095
35.253 , 130.095
35.263 , 130.05
35.274 , 130.125
35.285 , 130.05
35.296 , 130.05
35.307 , 130.0275
35.318 , 130.05
35.329 , 130.0275
35.34 , 130.005
35.351 , 130.005
35.362 , 129.96
35.373 , 129.96
35.384 , 129.9375
35.395 , 129.96
35.405 , 129.8925
35.416 , 129.9375
35.427 , 129.825
35.438 , 129.825
35.449 , 129.825
35.46 , 129.8925
35.471 , 129.825
35.482 , 129.825
35.493 , 129.825
35.504 , 129.9375
35.515 , 130.3275
35.526 , 130.65
35.536 , 130.4175
35.547 , 130.1925
35.558 , 130.3275
35.569 , 130.395
35.58 , 130.3275
35.591 , 130.35
35.602 , 130.3275
35.613 , 130.35
35.624 , 130.35
35.635 , 130.35
35.645 , 130.35
35.656 , 130.35
35.667 , 130.35
35.678 , 130.35
35.689 , 130.35
35.7 , 130.35
35.711 , 130.395
35.722 , 130.3275
35.733 , 130.485
35.744 , 130.2375
35.754 , 130.395
35.765 , 130.2825
35.776 , 130.2825
35.787 , 130.1925
35.798 , 130.2825
35.809 , 130.17
35.82 , 130.1925
35.831 , 130.17
35.842 , 130.1925
35.853 , 130.125
35.864 , 130.17
35.875 , 130.125
35.885 , 130.2375
35.896 , 130.1925
35.907 , 130.2375
35.918 , 130.17
35.929 , 130.2375
35.94 , 130.17
35.951 , 130.17
35.962 , 130.17
35.973 , 130.125
35.984 , 130.125
35.995 , 130.05
36.006 , 130.05
36.017 , 130.05
36.027 , 130.095
36.038 , 130.05
36.049 , 130.05
36.06 , 130.005
36.071 , 130.005
36.082 , 130.0275
36.093 , 130.005
36.104 , 129.96
36.115 , 130.005
36.126 , 130.005
36.136 , 129.9375
36.147 , 130.005
36.158 , 129.87
36.169 , 129.9375
36.18 , 129.87
36.191 , 129.9375
36.202 , 129.87
36.213 , 129.8925
36.224 , 129.87
36.235 , 129.825
36.246 , 129.825
36.257 , 129.9375
36.268 , 130.65
36.279 , 130.5075
36.289 , 130.5825
36.3 , 130.095
36.311 , 130.485
36.322 , 130.3275
36.333 , 130.35
36.344 , 130.3275
36.355 , 130.35
36.366 , 130.35
36.377 , 130.35
36.388 , 130.35
36.398 , 130.395
36.409 , 130.395
36.42 , 130.395
36.431 , 130.395
36.442 , 130.395
36.453 , 130.395
36.464 , 130.4175
36.475 , 130.35
36.486 , 130.4175
36.497 , 130.2825
36.507 , 130.3275
36.518 , 130.2375
36.529 , 130.2825
36.54 , 130.26
36.551 , 130.2825
36.562 , 130.2375
36.573 , 130.26
36.584 , 130.1925
36.595 , 130.26
36.606 , 130.17
36.617 , 130.17
36.628 , 130.2375
36.639 , 130.125
36.649 , 130.1925
36.66 , 130.125
36.671 , 130.17
36.682 , 130.125
36.693 , 130.125
36.704 , 130.095
36.715 , 130.125
36.726 , 130.095
36.737 , 130.095
36.748 , 130.095
36.758 , 130.05
36.769 , 130.05
36.78 , 130.0275
36.791 , 130.0275
36.802 , 130.0275
36.813 , 130.0275
36.824 , 130.05
36.835 , 130.095
36.846 , 129.96
36.857 , 130.0275
36.868 , 130.0275
36.879 , 129.96
36.89 , 130.005
36.901 , 129.9375
36.911 , 129.9375
36.922 , 129.8925
36.933 , 129.8925
36.944 , 129.8025
36.955 , 129.87
36.966 , 129.825
36.977 , 129.825
36.988 , 129.9375
36.999 , 129.87
37.01 , 129.87
37.021 , 130.7175
37.032 , 130.3275
37.043 , 130.6275
37.054 , 130.0275
37.064 , 130.4175
37.075 , 130.26
37.086 , 130.3275
37.097 , 130.3275
37.108 , 130.35
37.119 , 130.2825
37.13 , 130.395
37.141 , 130.395
37.152 , 130.395
37.163 , 130.395
37.173 , 130.4175
37.184 , 130.395
37.195 , 130.395
37.206 , 130.395
37.217 , 130.395
37.228 , 130.35
37.239 , 130.395
37.25 , 130.35
37.261 , 130.395
37.272 , 130.3275
37.283 , 130.2825
37.293 , 130.26
37.304 , 130.26
37.315 , 130.2375
37.326 , 130.26
37.337 , 130.1925
37.348 , 130.26
37.359 , 130.17
37.37 , 130.2375
37.381 , 130.17
37.392 , 130.1925
37.403 , 130.1925
37.414 , 130.17
37.424 , 130.17
37.435 , 130.125
37.446 , 130.125
37.457 , 130.125
37.468 , 130.125
37.479 , 130.095
37.49 , 130.095
37.501 , 130.0275
37.512 , 130.05
37.523 , 130.05
37.534 , 130.005
37.544 , 130.005
37.555 , 130.005
37.566 , 130.005
37.577 , 130.005
37.588 , 129.96
37.599 , 129.96
37.61 , 129.9375
37.621 , 129.8925
37.632 , 129.8925
37.643 , 129.9375
37.654 , 129.8925
37.665 , 129.8925
37.676 , 129.9375
37.686 , 129.825
37.697 , 129.825
37.708 , 129.9375
37.719 , 129.825
37.73 , 129.825
37.741 , 129.87
37.752 , 129.87
37.763 , 130.05
37.774 , 130.8075
37.785 , 130.3275
37.796 , 130.35
37.807 , 130.17
37.818 , 130.395
37.829 , 130.26
37.84 , 130.35
37.85 , 130.3275
37.861 , 130.3275
37.872 , 130.35
37.883 , 130.35
37.894 , 130.35
37.905 , 130.35
37.916 , 130.3275
37.927 , 130.3275
37.938 , 130.3275
37.949 , 130.35
37.959 , 130.35
37.97 , 130.35
37.981 , 130.4175
37.992 , 130.26
38.003 , 130.3275
38.014 , 130.2825
38.025 , 130.2825
38.036 , 130.2825
38.047 , 130.2825
38.058 , 130.2375
38.069 , 130.1925
38.079 , 130.1925
38.09 , 130.2375
38.101 , 130.17
38.112 , 130.1925
38.123 , 130.17
38.134 , 130.17
38.145 , 130.125
38.156 , 130.17
38.167 , 130.125
38.178 , 130.125
38.189 , 130.125
38.2 , 130.05
38.21 , 130.125
38.221 , 130.0275
38.232 , 130.095
38.243 , 130.05
38.254 , 130.05
38.265 , 130.005
38.276 , 130.125
38.287 , 130.05
38.298 , 130.05
38.309 , 130.05
38.32 , 130.05
38.331 , 130.05
38.341 , 130.0275
38.352 , 130.005
38.363 , 129.96
38.374 , 130.005
38.385 , 129.9375
38.396 , 129.96
38.407 , 129.825
38.418 , 129.8925
38.429 , 129.8925
38.44 , 129.825
38.451 , 129.8925
38.462 , 129.8925
38.473 , 129.8925
38.484 , 129.87
38.494 , 129.87
38.505 , 129.9375
38.516 , 130.4175
38.527 , 130.6275
38.538 , 130.5075
38.549 , 130.125
38.56 , 130.395
38.571 , 130.35
38.582 , 130.35
38.593 , 130.35
38.604 , 130.3275
38.615 , 130.35
38.625 , 130.3275
38.636 , 130.3275
38.647 , 130.35
38.658 , 130.35
38.669 , 130.395
38.68 , 130.3275
38.691 , 130.3275
38.702 , 130.3275
38.713 , 130.3275
38.724 , 130.3275
38.735 , 130.4175
38.745 , 130.26
38.756 , 130.3275
38.767 , 130.26
38.778 , 130.2825
38.789 , 130.26
38.8 , 130.3275
38.811 , 130.2375
38.822 , 130.2375
38.833 , 130.2375
38.844 , 130.26
38.855 , 130.1925
38.866 , 130.17
38.877 , 130.1925
38.887 , 130.1925
38.898 , 130.125
38.909 , 130.17
38.92 , 130.17
38.931 , 130.1925
38.942 , 130.125
38.953 , 130.17
38.964 , 130.095
38.975 , 130.05
38.986 , 130.095
38.997 , 130.095
39.008 , 130.05
39.018 , 130.05
39.029 , 130.05
39.04 , 130.0275
39.051 , 130.005
39.062 , 130.0275
39.073 , 130.0275
39.084 , 130.005
39.095 , 129.96
39.106 , 129.96
39.117 , 129.96
39.128 , 129.9375
39.139 , 129.9375
39.15 , 129.8925
39.16 , 129.8925
39.171 , 129.87
39.182 , 129.87
39.193 , 129.8025
39.204 , 129.87
39.215 , 129.87
39.226 , 129.87
39.237 , 129.87
39.248 , 129.825
39.259 , 129.8925
39.27 , 130.7175
39.281 , 130.4175
39.292 , 130.695
39.303 , 130.05
39.313 , 130.5075
39.324 , 130.26
39.335 , 130.35
39.346 , 130.35
39.357 , 130.35
39.368 , 130.35
39.379 , 130.395
39.39 , 130.35
39.401 , 130.35
39.412 , 130.35
39.423 , 130.35
39.433 , 130.35
39.444 , 130.35
39.455 , 130.3275
39.466 , 130.3275
39.477 , 130.2825
39.488 , 130.395
39.499 , 130.2825
39.51 , 130.35
39.521 , 130.2825
39.532 , 130.26
39.542 , 130.26
39.553 , 130.26
39.564 , 130.2375
39.575 , 130.2375
39.586 , 130.1925
39.597 , 130.2375
39.608 , 130.17
39.619 , 130.2375
39.63 , 130.2375
39.641 , 130.17
39.652 , 130.1925
39.663 , 130.095
39.674 , 130.1925
39.685 , 130.125
39.695 , 130.125
39.706 , 130.095
39.717 , 130.125
39.728 , 130.095
39.739 , 130.095
39.75 , 130.095
39.761 , 130.05
39.772 , 130.095
39.783 , 130.0275
39.794 , 130.05
39.805 , 130.0275
39.815 , 130.05
39.826 , 130.005
39.837 , 130.0275
39.848 , 129.96
39.859 , 130.005
39.87 , 129.96
39.881 , 129.96
39.892 , 129.9375
39.903 , 129.8925
39.914 , 129.9375
39.925 , 129.8925
39.936 , 129.87
39.947 , 129.87
39.958 , 129.87
39.969 , 129.825
39.979 , 129.825
39.99 , 129.8925
40.001 , 129.8925
40.012 , 129.96
40.023 , 130.8525
40.034 , 130.395
40.045 , 130.485
40.056 , 130.125
40.067 , 130.485
40.078 , 130.3275
40.089 , 130.395
40.099 , 130.3275
40.11 , 130.35
40.121 , 130.35
40.132 , 130.395
40.143 , 130.35
40.154 , 130.395
40.165 , 130.35
40.176 , 130.395
40.187 , 130.35
40.197 , 130.35
40.208 , 130.3275
40.219 , 130.35
40.23 , 130.3275
40.241 , 130.2825
40.252 , 130.3275
40.263 , 130.2825
40.274 , 130.26
40.285 , 130.26
40.296 , 130.1925
40.306 , 130.2375
40.317 , 130.1925
40.328 , 130.2375
40.339 , 130.2375
40.35 , 130.1925
40.361 , 130.125
40.372 , 130.17
40.383 , 130.095
40.394 , 130.17
40.405 , 130.17
40.415 , 130.095
40.426 , 130.095
40.437 , 130.05
40.448 , 130.125
40.459 , 130.095
40.47 , 130.095
40.481 , 130.095
40.492 , 130.095
40.503 , 130.05
40.513 , 130.095
40.524 , 130.05
40.535 , 130.05
40.546 , 130.0275
40.557 , 130.05
40.568 , 130.05
40.579 , 130.0275
40.59 , 130.005
40.601 , 130.005
40.612 , 130.005
40.623 , 130.005
40.633 , 129.96
40.644 , 129.96
40.655 , 129.8925
40.666 , 129.87
40.677 , 129.8925
40.688 , 129.825
40.699 , 129.825
40.71 , 129.8925
40.721 , 129.8025
40.732 , 129.8925
40.743 , 129.87
40.754 , 129.8925
40.765 , 130.125
40.775 , 130.8075
40.786 , 130.35
40.797 , 130.3275
40.808 , 130.26
40.819 , 130.4625
40.83 , 130.2825
40.841 , 130.3275
40.852 , 130.3275
40.863 , 130.4175
40.874 , 130.395
40.885 , 130.4175
40.895 , 130.395
40.906 , 130.35
40.917 , 130.35
40.928 , 130.395
40.939 , 130.35
40.95 , 130.395
40.961 , 130.395
40.972 , 130.2825
40.983 , 130.4175
40.994 , 130.2825
41.005 , 130.3275
41.015 , 130.2825
41.026 , 130.2825
41.037 , 130.2825
41.048 , 130.2825
41.059 , 130.1925
41.07 , 130.26
41.081 , 130.2375
41.092 , 130.2375
41.103 , 130.1925
41.113 , 130.2375
41.124 , 130.17
41.135 , 130.1925
41.146 , 130.125
41.157 , 130.1925
41.168 , 130.125
41.179 , 130.17
41.19 , 130.095
41.201 , 130.05
41.212 , 130.17
41.222 , 130.0275
41.233 , 130.095
41.244 , 130.05
41.255 , 130.125
41.266 , 130.05
41.277 , 130.125
41.288 , 130.05
41.299 , 130.05
41.31 , 130.05
41.321 , 130.0275
41.332 , 130.05
41.342 , 130.005
41.353 , 130.05
41.364 , 130.005
41.375 , 130.005
41.386 , 129.87
41.397 , 129.9375
41.408 , 129.8925
41.419 , 129.8925
41.43 , 129.825
41.441 , 129.825
41.451 , 129.825
41.462 , 129.8925
41.473 , 129.825
41.484 , 129.8925
41.495 , 129.8925
41.506 , 129.9375
41.517 , 130.4625
41.528 , 130.65
41.539 , 130.4625
41.55 , 130.2375
41.561 , 130.4175
41.572 , 130.395
41.582 , 130.35
41.593 , 130.395
41.604 , 130.395
41.615 , 130.35
41.626 , 130.395
41.637 , 130.395
41.648 , 130.395
41.659 , 130.395
41.67 , 130.395
41.681 , 130.395
41.691 , 130.35
41.702 , 130.35
41.713 , 130.35
41.724 , 130.3275
41.735 , 130.4625
41.746 , 130.26
41.757 , 130.3275
41.768 , 130.2825
41.779 , 130.2825
41.79 , 130.26
41.8 , 130.2825
41.811 , 130.2375
41.822 , 130.2375
41.833 , 130.2375
41.844 , 130.2375
41.855 , 130.17
41.866 , 130.17
41.877 , 130.17
41.888 , 130.17
41.899 , 130.125
41.91 , 130.17
41.921 , 130.05
41.932 , 130.17
41.943 , 130.095
41.953 , 130.125
41.964 , 130.125
41.975 , 130.05
41.986 , 130.095
41.997 , 130.05
42.008 , 130.0275
42.019 , 130.0275
42.03 , 130.05
42.041 , 129.96
42.052 , 130.005
42.062 , 130.005
42.073 , 130.005
42.084 , 129.96
42.095 , 129.96
42.106 , 129.9375
42.117 , 129.96
42.128 , 129.96
42.139 , 129.9375
42.15 , 129.8925
42.161 , 129.87
42.172 , 129.825
42.183 , 129.825
42.193 , 129.825
42.204 , 129.825
42.215 , 129.8925
42.226 , 129.87
42.237 , 129.825
42.248 , 129.825
42.259 , 129.8925
42.27 , 130.695
42.281 , 130.485
42.292 , 130.6275
42.303 , 130.095
42.314 , 130.4625
42.324 , 130.3275
42.335 , 130.35
42.346 , 130.35
42.357 , 130.395
42.368 , 130.395
42.379 , 130.395
42.39 , 130.395
42.401 , 130.395
42.412 , 130.35
42.422 , 130.35
42.433 , 130.3275
42.444 , 130.35
42.455 , 130.35
42.466 , 130.3275
42.477 , 130.2825
42.488 , 130.35
42.499 , 130.26
42.51 , 130.3275
42.521 , 130.2375
42.532 , 130.2825
42.542 , 130.26
42.553 , 130.2825
42.564 , 130.2375
42.575 , 130.2375
42.586 , 130.1925
42.597 , 130.26
42.608 , 130.17
42.627 , 130.17
42.638 , 130.1925
42.649 , 130.1925
42.66 , 130.1925
42.671 , 130.17
42.681 , 130.17
42.692 , 130.095
42.703 , 130.125
42.714 , 130.125
42.725 , 130.17
42.736 , 130.05
42.747 , 130.095
42.758 , 130.05
42.769 , 130.0275
42.78 , 130.05
42.791 , 130.0275
42.801 , 130.05
42.812 , 130.0275
42.823 , 130.0275
42.834 , 130.095
42.845 , 130.0275
42.856 , 130.005
42.867 , 130.005
42.878 , 129.96
42.889 , 129.9375
42.9 , 129.96
42.911 , 129.87
42.922 , 129.9375
42.933 , 129.87
42.943 , 129.825
42.954 , 129.825
42.965 , 129.825
42.976 , 129.825
42.987 , 129.87
42.998 , 129.825
43.009 , 129.8925
43.02 , 130.695
43.031 , 130.5075
43.042 , 130.6275
43.053 , 130.095
43.064 , 130.485
43.074 , 130.35
43.085 , 130.4175
43.096 , 130.35
43.107 , 130.395
43.118 , 130.395
43.129 , 130.395
43.14 , 130.35
43.151 , 130.35
43.162 , 130.395
43.173 , 130.35
43.183 , 130.35
43.194 , 130.35
43.205 , 130.35
43.216 , 130.395
43.227 , 130.35
43.238 , 130.4175
43.249 , 130.2375
43.26 , 130.35
43.271 , 130.2375
43.281 , 130.2825
43.292 , 130.26
43.303 , 130.2825
43.314 , 130.26
43.325 , 130.2375
43.336 , 130.1925
43.347 , 130.26
43.358 , 130.1925
43.369 , 130.2375
43.38 , 130.2375
43.391 , 130.1925
43.401 , 130.2375
43.412 , 130.125
43.423 , 130.1925
43.434 , 130.17
43.445 , 130.17
43.456 , 130.095
43.467 , 130.095
43.478 , 130.095
43.489 , 130.05
43.5 , 130.095
43.511 , 130.05
43.521 , 130.095
43.532 , 130.0275
43.543 , 130.0275
43.554 , 130.005
43.565 , 130.005
43.576 , 129.9375
43.587 , 130.005
43.598 , 129.8925