0.201 , 18.54
0.402 , 41.98
0.603 , 34.7
0.804 , 42.37
1.005 , 48.96
1.206 , 67.52
1.406 , 57.06
1.607 , 62.76
1.808 , 67.64
2.009 , 71.69
2.21 , 81.73
2.41 , 85.42
2.611 , 116.37
3.112 , 97.87
3.613 , 102.06
4.114 , 104.01
4.615 , 109.25
5.116 , 114.26
5.617 , 116.25
6.118 , 120.76
6.619 , 125.57
7.12 , 128.66
7.621 , 133.01
8.122 , 136.96
8.623 , 140.65
9.124 , 144.5
9.625 , 148.36
10.126 , 152.25
10.127 , 152.23
10.127 , 152.23
10.128 , 152.23
10.129 , 152.23
10.13 , 152.23
10.131 , 152.23
10.132 , 152.19
10.132 , 152.19
10.133 , 152.19
10.134 , 152.19
10.135 , 152.23
10.135 , 152.19
10.136 , 152.19
10.137 , 152.19
10.138 , 152.19
10.139 , 152.19
10.139 , 152.19
10.14 , 152.23
10.141 , 152.16
10.142 , 152.19
10.143 , 152.19
10.143 , 152.19
10.144 , 152.19
10.145 , 152.19
10.146 , 152.16
10.147 , 152.16
10.147 , 152.19
10.148 , 152.19
10.149 , 152.16
10.15 , 152.16
10.151 , 152.16
10.151 , 152.19
10.152 , 152.16
10.153 , 152.16
10.154 , 152.19
10.154 , 152.16
10.155 , 152.16
10.156 , 152.12
10.157 , 152.16
10.158 , 152.16
10.158 , 152.16
10.159 , 152.16
10.16 , 152.16
10.161 , 152.16
10.162 , 152.12
10.162 , 152.12
10.163 , 152.16
10.164 , 152.16
10.165 , 152.16
10.166 , 152.12
10.166 , 152.12
10.167 , 152.16
10.168 , 152.12
10.169 , 152.12
10.17 , 152.12
10.17 , 152.09
10.171 , 152.12
10.172 , 152.09
10.173 , 152.09
10.174 , 152.12
10.175 , 152.12
10.175 , 152.09
10.176 , 152.12
10.177 , 152.16
10.178 , 152.09
10.179 , 152.05
10.18 , 152.09
10.18 , 152.12
10.181 , 152.09
10.182 , 152.09
10.183 , 152.09
10.184 , 152.09
10.184 , 152.09
10.185 , 152.09
10.186 , 152.09
10.187 , 152.09
10.188 , 152.09
10.189 , 152.05
10.189 , 152.05
10.19 , 152.05
10.191 , 152.05
10.192 , 152.09
10.193 , 152.05
10.193 , 152.05
10.194 , 152.05
10.195 , 152.05
10.196 , 152.03
10.197 , 152.05
10.197 , 152.03
10.198 , 152.03
10.199 , 152.03
10.2 , 152.03
10.201 , 152.05
10.202 , 152.05
10.202 , 152.05
10.203 , 152.03
10.204 , 152.05
10.205 , 152.05
10.206 , 152.05
10.206 , 152.03
10.207 , 152.05
10.208 , 152.03
10.209 , 152.03
10.209 , 152.0
10.21 , 152.03
10.211 , 152.0
10.212 , 152.03
10.213 , 152.03
10.213 , 152.0
10.214 , 152.0
10.215 , 152.0
10.216 , 152.03
10.217 , 152.0
10.217 , 152.0
10.218 , 152.0
10.219 , 152.03
10.22 , 152.0
10.22 , 152.0
10.221 , 152.0
10.222 , 152.0
10.223 , 151.96
10.224 , 151.96
10.224 , 152.0
10.225 , 152.0
10.226 , 152.0
10.227 , 152.0
10.228 , 151.96
10.228 , 152.0
10.229 , 152.0
10.23 , 152.0
10.231 , 151.96
10.232 , 152.0
10.232 , 151.96
10.233 , 151.96
10.234 , 151.96
10.235 , 151.96
10.236 , 151.96
10.236 , 151.96
10.237 , 151.96
10.238 , 151.96
10.239 , 151.96
10.239 , 151.93
10.24 , 151.93
10.241 , 151.96
10.242 , 151.93
10.243 , 151.93
10.244 , 151.96
10.244 , 151.96
10.245 , 151.93
10.246 , 151.96
10.247 , 151.96
10.248 , 151.96
10.248 , 151.96
10.249 , 151.93
10.25 , 151.96
10.251 , 151.96
10.252 , 151.93
10.252 , 151.89
10.253 , 151.93
10.254 , 151.93
10.255 , 151.93
10.256 , 151.89
10.257 , 151.93
10.257 , 151.93
10.258 , 151.93
10.259 , 151.89
10.26 , 151.93
10.261 , 151.89
10.262 , 151.89
10.262 , 151.89
10.263 , 151.93
10.264 , 151.89
10.265 , 151.89
10.266 , 151.89
10.267 , 151.89
10.268 , 151.93
10.268 , 151.89
10.269 , 151.89
10.27 , 151.89
10.271 , 151.89
10.272 , 151.87
10.273 , 151.89
10.273 , 151.89
10.274 , 151.89
10.275 , 151.89
10.276 , 151.87
10.277 , 151.89
10.278 , 151.89
10.279 , 151.87
10.279 , 151.89
10.28 , 151.89
10.281 , 151.87
10.282 , 151.87
10.283 , 151.89
10.284 , 151.87
10.284 , 151.89
10.285 , 151.87
10.286 , 151.87
10.287 , 151.82
10.288 , 151.87
10.289 , 151.87
10.29 , 151.87
10.29 , 151.82
10.291 , 151.82
10.292 , 151.82
10.293 , 151.82
10.294 , 151.8
10.294 , 151.82
10.295 , 151.82
10.296 , 151.82
10.297 , 151.82
10.298 , 151.87
10.298 , 151.82
10.299 , 151.82
10.3 , 151.8
10.301 , 151.8
10.302 , 151.8
10.302 , 151.77
10.303 , 151.8
10.304 , 151.8
10.305 , 151.77
10.306 , 151.77
10.306 , 151.8
10.307 , 151.8
10.308 , 151.77
10.309 , 151.77
10.309 , 151.8
10.31 , 151.77
10.311 , 151.77
10.312 , 151.73
10.313 , 151.8
10.313 , 151.77
10.314 , 151.73
10.315 , 151.77
10.316 , 151.73
10.317 , 151.73
10.317 , 151.71
10.318 , 151.77
10.319 , 151.73
10.32 , 151.73
10.321 , 151.73
10.322 , 151.77
10.322 , 151.73
10.323 , 151.77
10.324 , 151.77
10.325 , 151.73
10.326 , 151.73
10.326 , 151.71
10.327 , 151.71
10.328 , 151.77
10.329 , 151.73
10.33 , 151.71
10.331 , 151.71
10.331 , 151.73
10.332 , 151.73
10.333 , 151.73
10.334 , 151.71
10.335 , 151.73
10.335 , 151.71
10.336 , 151.71
10.337 , 151.71
10.338 , 151.71
10.338 , 151.66
10.339 , 151.71
10.34 , 151.71
10.341 , 151.71
10.342 , 151.71
10.342 , 151.71
10.343 , 151.66
10.344 , 151.71
10.345 , 151.71
10.345 , 151.71
10.346 , 151.71
10.347 , 151.66
10.348 , 151.66
10.349 , 151.71
10.349 , 151.66
10.35 , 151.66
10.351 , 151.66
10.352 , 151.66
10.353 , 151.71
10.354 , 151.66
10.354 , 151.66
10.355 , 151.66
10.356 , 151.64
10.357 , 151.66
10.357 , 151.66
10.358 , 151.66
10.359 , 151.66
10.36 , 151.71
10.361 , 151.66
10.361 , 151.64
10.362 , 151.64
10.363 , 151.64
10.364 , 151.64
10.365 , 151.64
10.366 , 151.66
10.366 , 151.66
10.367 , 151.64
10.368 , 151.66
10.369 , 151.64
10.37 , 151.64
10.37 , 151.64
10.371 , 151.64
10.372 , 151.66
10.373 , 151.64
10.374 , 151.64
10.375 , 151.64
10.375 , 151.59
10.376 , 151.64
10.377 , 151.64
10.378 , 151.57
10.379 , 151.59
10.38 , 151.59
10.38 , 151.59
10.381 , 151.59
10.382 , 151.59
10.383 , 151.59
10.384 , 151.59
10.393 , 151.59
10.393 , 151.59
10.394 , 151.54
10.395 , 151.57
10.396 , 151.57
10.397 , 151.59
10.398 , 151.57
10.398 , 151.57
10.399 , 151.57
10.4 , 151.57
10.401 , 151.57
10.402 , 151.57
10.402 , 151.54
10.403 , 151.57
10.404 , 151.57
10.405 , 151.54
10.406 , 151.54
10.406 , 151.54
10.407 , 151.57
10.408 , 151.57
10.409 , 151.57
10.41 , 151.57
10.41 , 151.57
10.411 , 151.57
10.412 , 151.54
10.413 , 151.54
10.414 , 151.54
10.414 , 151.5
10.415 , 151.54
10.416 , 151.54
10.417 , 151.5
10.418 , 151.5
10.419 , 151.54
10.419 , 151.54
10.42 , 151.54
10.421 , 151.5
10.422 , 151.5
10.423 , 151.54
10.423 , 151.5
10.424 , 151.54
10.425 , 151.54
10.426 , 151.5
10.427 , 151.48
10.427 , 151.54
10.428 , 151.54
10.429 , 151.5
10.43 , 151.5
10.431 , 151.5
10.431 , 151.5
10.432 , 151.5
10.433 , 151.5
10.434 , 151.5
10.435 , 151.5
10.435 , 151.5
10.436 , 151.48
10.437 , 151.5
10.438 , 151.48
10.439 , 151.5
10.439 , 151.48
10.44 , 151.48
10.441 , 151.48
10.442 , 151.5
10.443 , 151.48
10.444 , 151.48
10.444 , 151.43
10.445 , 151.48
10.446 , 151.5
10.447 , 151.48
10.448 , 151.5
10.448 , 151.5
10.449 , 151.48
10.45 , 151.43
10.451 , 151.41
10.452 , 151.5
10.453 , 151.48
10.453 , 151.48
10.454 , 151.43
10.455 , 151.43
10.456 , 151.48
10.457 , 151.43
10.458 , 151.48
10.458 , 151.43
10.459 , 151.43
10.46 , 151.41
10.461 , 151.48
10.462 , 151.43
10.462 , 151.41
10.463 , 151.36
10.464 , 151.41
10.465 , 151.41
10.466 , 151.43
10.466 , 151.41
10.467 , 151.43
10.468 , 151.41
10.469 , 151.41
10.47 , 151.41
10.47 , 151.41
10.471 , 151.41
10.472 , 151.41
10.473 , 151.41
10.474 , 151.41
10.474 , 151.41
10.475 , 151.41
10.476 , 151.36
10.477 , 151.36
10.478 , 151.36
10.478 , 151.36
10.479 , 151.36
10.48 , 151.36
10.481 , 151.36
10.482 , 151.41
10.482 , 151.36
10.483 , 151.41
10.484 , 151.36
10.485 , 151.36
10.486 , 151.36
10.486 , 151.36
10.487 , 151.34
10.488 , 151.36
10.489 , 151.36
10.49 , 151.34
10.49 , 151.34
10.491 , 151.34
10.492 , 151.34
10.493 , 151.34
10.494 , 151.34
10.495 , 151.36
10.495 , 151.34
10.496 , 151.32
10.497 , 151.36
10.498 , 151.36
10.499 , 151.34
10.499 , 151.34
10.5 , 151.34
10.501 , 151.32
10.502 , 151.36
10.503 , 151.36
10.503 , 151.34
10.504 , 151.34
10.505 , 151.32
10.506 , 151.32
10.507 , 151.34
10.507 , 151.34
10.508 , 151.41
10.509 , 151.34
10.51 , 151.36
10.511 , 151.34
10.512 , 151.36
10.512 , 151.34
10.513 , 151.36
10.514 , 151.34
10.515 , 151.34
10.516 , 151.34
10.516 , 151.36
10.517 , 151.34
10.518 , 151.34
10.519 , 151.34
10.52 , 151.34
10.52 , 151.34
10.521 , 151.34
10.522 , 151.34
10.523 , 151.32
10.524 , 151.34
10.525 , 151.34
10.525 , 151.34
10.526 , 151.34
10.527 , 151.34
10.528 , 151.34
10.529 , 151.32
10.53 , 151.34
10.53 , 151.34
10.531 , 151.32
10.532 , 151.32
10.533 , 151.34
10.534 , 151.32
10.534 , 151.34
10.535 , 151.32
10.536 , 151.32
10.537 , 151.27
10.538 , 151.32
10.538 , 151.32
10.539 , 151.32
10.54 , 151.27
10.541 , 151.27
10.542 , 151.32
10.542 , 151.27
10.543 , 151.27
10.544 , 151.25
10.545 , 151.32
10.546 , 151.32
10.546 , 151.27
10.547 , 151.27
10.548 , 151.27
10.549 , 151.32
10.55 , 151.32
10.55 , 151.32
10.551 , 151.27
10.552 , 151.27
10.553 , 151.27
10.554 , 151.27
10.554 , 151.27
10.555 , 151.27
10.556 , 151.32
10.557 , 151.27
10.558 , 151.25
10.558 , 151.27
10.559 , 151.32
10.56 , 151.25
10.561 , 151.27
10.562 , 151.27
10.562 , 151.25
10.563 , 151.25
10.564 , 151.27
10.565 , 151.27
10.565 , 151.27
10.566 , 151.25
10.567 , 151.25
10.568 , 151.25
10.569 , 151.27
10.569 , 151.25
10.57 , 151.25
10.571 , 151.27
10.572 , 151.25
10.573 , 151.25
10.573 , 151.2
10.574 , 151.27
10.575 , 151.2
10.576 , 151.2
10.577 , 151.2
10.578 , 151.2
10.579 , 151.2
10.579 , 151.2
10.58 , 151.2
10.581 , 151.2
10.582 , 151.2
10.583 , 151.2
10.584 , 151.18
10.584 , 151.2
10.585 , 151.2
10.586 , 151.2
10.587 , 151.2
10.588 , 151.18
10.589 , 151.2
10.589 , 151.2
10.59 , 151.2
10.591 , 151.25
10.592 , 151.25
10.593 , 151.2
10.593 , 151.13
10.594 , 151.18
10.595 , 151.18
10.596 , 151.18
10.597 , 151.18
10.598 , 151.18
10.598 , 151.18
10.599 , 151.18
10.6 , 151.2
10.601 , 151.18
10.602 , 151.18
10.603 , 151.18
10.604 , 151.18
10.604 , 151.18
10.605 , 151.13
10.606 , 151.18
10.607 , 151.18
10.608 , 151.13
10.608 , 151.13
10.609 , 151.18
10.61 , 151.18
10.611 , 151.13
10.612 , 151.18
10.612 , 151.13
10.613 , 151.13
10.614 , 151.13
10.615 , 151.13
10.616 , 151.11
10.616 , 151.13
10.617 , 151.18
10.618 , 151.13
10.619 , 151.13
10.619 , 151.11
10.62 , 151.11
10.621 , 151.11
10.622 , 151.13
10.623 , 151.13
10.623 , 151.13
10.624 , 151.13
10.625 , 151.11
10.626 , 151.13
10.627 , 151.13
10.627 , 151.11
10.628 , 151.13
10.629 , 151.13
10.63 , 151.11
10.631 , 151.13
10.631 , 151.13
10.632 , 151.13
10.633 , 151.11
10.634 , 151.11
10.634 , 151.11
10.635 , 151.13
10.636 , 151.11
10.637 , 151.11
10.638 , 151.11
10.638 , 151.11
10.639 , 151.11
10.64 , 151.13
10.641 , 151.11
10.642 , 151.11
10.642 , 151.13
10.643 , 151.11
10.644 , 151.04
10.645 , 151.09
10.645 , 151.11
10.646 , 151.09
10.647 , 151.09
10.648 , 151.09
10.649 , 151.11
10.65 , 151.11
10.65 , 151.11
10.651 , 151.09
10.652 , 151.09
10.653 , 151.11
10.654 , 151.09
10.654 , 151.09
10.655 , 151.11
10.656 , 151.04
10.657 , 151.04
10.658 , 151.09
10.659 , 151.09
10.659 , 151.09
10.66 , 151.11
10.661 , 151.04
10.662 , 151.09
10.663 , 151.09
10.663 , 151.04
10.664 , 151.04
10.665 , 151.04
10.666 , 151.09
10.667 , 151.09
10.668 , 151.04
10.668 , 151.09
10.669 , 151.04
10.67 , 151.09
10.671 , 151.09
10.672 , 151.04
10.673 , 151.02
10.673 , 151.04
10.674 , 151.04
10.675 , 151.04
10.676 , 151.04
10.677 , 151.02
10.678 , 151.02
10.678 , 151.04
10.679 , 151.04
10.68 , 151.02
10.681 , 151.04
10.682 , 151.04
10.682 , 151.04
10.683 , 151.04
10.684 , 151.02
10.685 , 151.02
10.686 , 151.02
10.686 , 151.04
10.687 , 151.04
10.688 , 151.02
10.689 , 151.04
10.69 , 150.97
10.691 , 151.02
10.691 , 151.02
10.692 , 151.02
10.693 , 150.97
10.694 , 151.02
10.695 , 151.02
10.695 , 151.02
10.696 , 150.97
10.697 , 151.02
10.698 , 151.04
10.699 , 151.02
10.699 , 151.02
10.7 , 151.04
10.701 , 151.02
10.702 , 151.02
10.702 , 151.02
10.703 , 151.02
10.704 , 150.97
10.705 , 151.02
10.705 , 151.02
10.706 , 151.04
10.707 , 151.04
10.708 , 151.02
10.709 , 151.04
10.709 , 151.02
10.71 , 151.04
10.711 , 151.02
10.712 , 151.02
10.712 , 151.02
10.713 , 151.02
10.714 , 151.02
10.715 , 151.02
10.715 , 150.95
10.716 , 150.95
10.717 , 150.95
10.718 , 150.95
10.719 , 150.97
10.719 , 150.95
10.72 , 150.97
10.721 , 150.97
10.722 , 150.95
10.723 , 150.95
10.723 , 150.95
10.724 , 150.95
10.725 , 150.95
10.726 , 150.95
10.727 , 150.95
10.728 , 150.97
10.728 , 150.97
10.729 , 150.9
10.73 , 150.95
10.731 , 150.9
10.732 , 150.88
10.732 , 150.9
10.733 , 150.95
10.734 , 150.95
10.735 , 150.95
10.736 , 150.9
10.736 , 150.95
10.737 , 150.9
10.738 , 150.9
10.739 , 150.9
10.74 , 150.9
10.74 , 150.9
10.741 , 150.9
10.742 , 150.95
10.743 , 150.9
10.744 , 150.9
10.745 , 150.9
10.745 , 150.9
10.746 , 150.95
10.747 , 150.95
10.748 , 150.9
10.749 , 150.9
10.75 , 150.9
10.75 , 150.95
10.751 , 150.95
10.752 , 150.9
10.753 , 150.9
10.754 , 150.9
10.754 , 150.95
10.755 , 150.9
10.756 , 150.9
10.757 , 150.88
10.758 , 150.9
10.758 , 150.88
10.759 , 150.88
10.76 , 150.9
10.761 , 150.9
10.762 , 150.9
10.762 , 150.9
10.763 , 150.88
10.764 , 150.9
10.765 , 150.88
10.766 , 150.9
10.766 , 150.88
10.767 , 150.9
10.768 , 150.9
10.769 , 150.9
10.77 , 150.88
10.77 , 150.88
10.771 , 150.88
10.772 , 150.88
10.773 , 150.9
10.774 , 150.9
10.774 , 150.88
10.775 , 150.88
10.776 , 150.88
10.777 , 150.88
10.778 , 150.88
10.778 , 150.88
10.779 , 150.88
10.78 , 150.86
10.781 , 150.86
10.782 , 150.86
10.782 , 150.86
10.783 , 150.86
10.784 , 150.88
10.785 , 150.86
10.785 , 150.88
10.786 , 150.88
10.787 , 150.88
10.788 , 150.86
10.789 , 150.86
10.789 , 150.86
10.79 , 150.86
10.791 , 150.88
10.792 , 150.86
10.793 , 150.86
10.793 , 150.86
10.794 , 150.88
10.795 , 150.86
10.796 , 150.81
10.796 , 150.88
10.797 , 150.86
10.798 , 150.86
10.799 , 150.86
10.8 , 150.86
10.8 , 150.86
10.801 , 150.86
10.802 , 150.86
10.803 , 150.86
10.803 , 150.81
10.804 , 150.81
10.805 , 150.81
10.806 , 150.86
10.807 , 150.81
10.807 , 150.79
10.808 , 150.86
10.809 , 150.86
10.81 , 150.81
10.811 , 150.81
10.811 , 150.86
10.812 , 150.81
10.813 , 150.86
10.814 , 150.86
10.814 , 150.81
10.815 , 150.81
10.816 , 150.81
10.817 , 150.81
10.818 , 150.81
10.818 , 150.79
10.819 , 150.79
10.82 , 150.79
10.821 , 150.81
10.822 , 150.79
10.823 , 150.81
10.823 , 150.81
10.824 , 150.81
10.825 , 150.81
10.826 , 150.81
10.827 , 150.79
10.827 , 150.79
10.828 , 150.81
10.829 , 150.79
10.83 , 150.79
10.831 , 150.79
10.832 , 150.81
10.832 , 150.79
10.833 , 150.79
10.834 , 150.79
10.835 , 150.74
10.836 , 150.79
10.836 , 150.79
10.837 , 150.79
10.838 , 150.79
10.839 , 150.79
10.84 , 150.79
10.84 , 150.79
10.841 , 150.79
10.842 , 150.79
10.843 , 150.79
10.844 , 150.79
10.845 , 150.81
10.845 , 150.79
10.846 , 150.79
10.847 , 150.81
10.848 , 150.79
10.849 , 150.79
10.849 , 150.74
10.85 , 150.79
10.851 , 150.81
10.852 , 150.74
10.853 , 150.74
10.853 , 150.79
10.854 , 150.79
10.855 , 150.79
10.856 , 150.72
10.857 , 150.74
10.857 , 150.74
10.858 , 150.74
10.859 , 150.74
10.86 , 150.72
10.861 , 150.74
10.861 , 150.74
10.862 , 150.72
10.863 , 150.74
10.864 , 150.74
10.864 , 150.74
10.865 , 150.74
10.866 , 150.72
10.867 , 150.79
10.868 , 150.79
10.868 , 150.74
10.869 , 150.74
10.87 , 150.74
10.871 , 150.74
10.871 , 150.74
10.872 , 150.72
10.873 , 150.74
10.874 , 150.72
10.874 , 150.74
10.875 , 150.74
10.876 , 150.74
10.877 , 150.74
10.878 , 150.74
10.878 , 150.72
10.879 , 150.74
10.88 , 150.74
10.881 , 150.72
10.881 , 150.74
10.882 , 150.72
10.883 , 150.72
10.884 , 150.74
10.885 , 150.72
10.885 , 150.72
10.886 , 150.74
10.887 , 150.74
10.888 , 150.72
10.888 , 150.68
10.889 , 150.72
10.89 , 150.68
10.891 , 150.72
10.892 , 150.68
10.892 , 150.72
10.893 , 150.72
10.894 , 150.72
10.895 , 150.72
10.896 , 150.68
10.896 , 150.72
10.897 , 150.68
10.898 , 150.72
10.899 , 150.72
10.9 , 150.72
10.9 , 150.68
10.901 , 150.68
10.902 , 150.68
10.903 , 150.72
10.904 , 150.68
10.904 , 150.68
10.905 , 150.72
10.906 , 150.72
10.907 , 150.72
10.907 , 150.65
10.908 , 150.72
10.909 , 150.72
10.91 , 150.68
10.911 , 150.68
10.911 , 150.68
10.912 , 150.68
10.913 , 150.65
10.914 , 150.72
10.915 , 150.68
10.915 , 150.68
10.916 , 150.68
10.917 , 150.68
10.918 , 150.68
10.919 , 150.68
10.92 , 150.65
10.92 , 150.68
10.921 , 150.68
10.922 , 150.68
10.923 , 150.68
10.924 , 150.68
10.924 , 150.68
10.925 , 150.68
10.926 , 150.72
10.927 , 150.72
10.928 , 150.68
10.928 , 150.68
10.929 , 150.72
10.93 , 150.68
10.931 , 150.72
10.932 , 150.68
10.932 , 150.72
10.933 , 150.65
10.934 , 150.72
10.935 , 150.68
10.935 , 150.68
10.936 , 150.72
10.937 , 150.68
10.938 , 150.65
10.939 , 150.68
10.94 , 150.68
10.94 , 150.68
10.941 , 150.72
10.942 , 150.68
10.943 , 150.65
10.944 , 150.68
10.944 , 150.65
10.945 , 150.68
10.946 , 150.68
10.947 , 150.68
10.948 , 150.68
10.949 , 150.68
10.949 , 150.65
10.95 , 150.65
10.951 , 150.68
10.952 , 150.68
10.953 , 150.65
10.953 , 150.68
10.954 , 150.68
10.955 , 150.65
10.956 , 150.65
10.957 , 150.68
10.957 , 150.65
10.958 , 150.65
10.959 , 150.65
10.96 , 150.65
10.961 , 150.65
10.962 , 150.68
10.962 , 150.65
10.963 , 150.65
10.964 , 150.65
10.965 , 150.65
10.966 , 150.65
10.966 , 150.63
10.967 , 150.65
10.968 , 150.65
10.969 , 150.65
10.97 , 150.63
10.97 , 150.68
10.971 , 150.63
10.972 , 150.65
10.973 , 150.63
10.974 , 150.65
10.974 , 150.65
10.975 , 150.63
10.976 , 150.63
10.977 , 150.63
10.978 , 150.63
10.978 , 150.65
10.979 , 150.63
10.98 , 150.65
10.981 , 150.63
10.982 , 150.63
10.982 , 150.63
10.983 , 150.63
10.984 , 150.65
10.985 , 150.56
10.986 , 150.63
10.986 , 150.63
10.987 , 150.65
10.988 , 150.63
10.989 , 150.63
10.989 , 150.63
10.99 , 150.56
10.991 , 150.63
10.992 , 150.63
10.993 , 150.63
10.993 , 150.63
10.994 , 150.65
10.995 , 150.63
10.996 , 150.65
10.996 , 150.56
10.997 , 150.63
10.998 , 150.63
10.999 , 150.63
11.0 , 150.63
11.0 , 150.56
11.001 , 150.63
11.002 , 150.63
11.003 , 150.63
11.003 , 150.63
11.004 , 150.63
11.005 , 150.56
11.006 , 150.56
11.007 , 150.56
11.007 , 150.56
11.008 , 150.54
11.009 , 150.56
11.01 , 150.63
11.01 , 150.56
11.011 , 150.63
11.012 , 150.63
11.013 , 150.56
11.014 , 150.63
11.014 , 150.54
11.015 , 150.56
11.016 , 150.56
11.017 , 150.56
11.018 , 150.54
11.018 , 150.56
11.019 , 150.54
11.02 , 150.56
11.021 , 150.54
11.022 , 150.56
11.022 , 150.54
11.023 , 150.49
11.024 , 150.54
11.025 , 150.54
11.025 , 150.54
11.026 , 150.56
11.027 , 150.54
11.028 , 150.54
11.029 , 150.56
11.029 , 150.54
11.03 , 150.54
11.031 , 150.49
11.032 , 150.54
11.033 , 150.54
11.033 , 150.54
11.034 , 150.54
11.035 , 150.54
11.036 , 150.54
11.037 , 150.56
11.037 , 150.54
11.038 , 150.54
11.039 , 150.49
11.04 , 150.54
11.041 , 150.49
11.041 , 150.49
11.042 , 150.54
11.043 , 150.49
11.044 , 150.56
11.045 , 150.54
11.045 , 150.54
11.046 , 150.54
11.047 , 150.54
11.048 , 150.49
11.048 , 150.54
11.049 , 150.54
11.05 , 150.54
11.051 , 150.49
11.052 , 150.54
11.052 , 150.54
11.053 , 150.54
11.054 , 150.54
11.055 , 150.49
11.055 , 150.54
11.056 , 150.49
11.057 , 150.54
11.058 , 150.49
11.059 , 150.49
11.059 , 150.49
11.06 , 150.54
11.061 , 150.49
11.062 , 150.49
11.062 , 150.49
11.063 , 150.47
11.064 , 150.49
11.065 , 150.49
11.066 , 150.49
11.066 , 150.54
11.067 , 150.49
11.068 , 150.47
11.069 , 150.49
11.069 , 150.47
11.07 , 150.49
11.071 , 150.49
11.072 , 150.54
11.073 , 150.47
11.073 , 150.47
11.074 , 150.49
11.075 , 150.47
11.076 , 150.49
11.076 , 150.47
11.077 , 150.47
11.078 , 150.47
11.079 , 150.47
11.079 , 150.47
11.08 , 150.49
11.081 , 150.47
11.082 , 150.49
11.082 , 150.47
11.083 , 150.47
11.084 , 150.42
11.085 , 150.47
11.086 , 150.47
11.086 , 150.49
11.087 , 150.49
11.088 , 150.49
11.089 , 150.47
11.089 , 150.47
11.09 , 150.47
11.091 , 150.47
11.092 , 150.47
11.093 , 150.42
11.093 , 150.47
11.094 , 150.47
11.095 , 150.42
11.096 , 150.47
11.096 , 150.47
11.097 , 150.47
11.098 , 150.47
11.099 , 150.42
11.1 , 150.47
11.1 , 150.42
11.101 , 150.47
11.102 , 150.42
11.103 , 150.47
11.103 , 150.49
11.104 , 150.47
11.105 , 150.49
11.106 , 150.42
11.106 , 150.47
11.107 , 150.47
11.108 , 150.42
11.109 , 150.42
11.11 , 150.42
11.11 , 150.42
11.111 , 150.42
11.112 , 150.4
11.113 , 150.4
11.114 , 150.42
11.114 , 150.47
11.115 , 150.4
11.116 , 150.42
11.117 , 150.4
11.118 , 150.4
11.118 , 150.42
11.119 , 150.42
11.12 , 150.4
11.121 , 150.42
11.121 , 150.47
11.122 , 150.42
11.123 , 150.35
11.124 , 150.42
11.125 , 150.42
11.125 , 150.35
11.126 , 150.42
11.127 , 150.42
11.128 , 150.4
11.128 , 150.42
11.129 , 150.47
11.13 , 150.42
11.131 , 150.4
11.132 , 150.35
11.132 , 150.4
11.133 , 150.33
11.134 , 150.33
11.135 , 150.4
11.136 , 150.4
11.136 , 150.4
11.137 , 150.42
11.138 , 150.4
11.139 , 150.4
11.14 , 150.35
11.14 , 150.4
11.141 , 150.33
11.142 , 150.33
11.143 , 150.35
11.143 , 150.4
11.144 , 150.33
11.145 , 150.33
11.146 , 150.35
11.147 , 150.33
11.147 , 150.35
11.148 , 150.35
11.149 , 150.35
11.149 , 150.33
11.15 , 150.33
11.151 , 150.33
11.152 , 150.35
11.152 , 150.33
11.153 , 150.4
11.154 , 150.4
11.155 , 150.4
11.156 , 150.35
11.156 , 150.31
11.157 , 150.35
11.158 , 150.35
11.159 , 150.33
11.159 , 150.33
11.16 , 150.33
11.161 , 150.33
11.162 , 150.31
11.163 , 150.31
11.163 , 150.31
11.164 , 150.31
11.165 , 150.33
11.166 , 150.33
11.166 , 150.33
11.167 , 150.31
11.168 , 150.33
11.169 , 150.33
11.17 , 150.31
11.17 , 150.33
11.171 , 150.33
11.172 , 150.33
11.173 , 150.35
11.173 , 150.33
11.174 , 150.33
11.175 , 150.33
11.176 , 150.31
11.176 , 150.31
11.177 , 150.33
11.178 , 150.31
11.179 , 150.33
11.18 , 150.31
11.18 , 150.31
11.181 , 150.31
11.182 , 150.31
11.183 , 150.31
11.183 , 150.33
11.184 , 150.31
11.185 , 150.31
11.186 , 150.26
11.187 , 150.31
11.187 , 150.33
11.188 , 150.31
11.189 , 150.31
11.19 , 150.31
11.191 , 150.31
11.191 , 150.31
11.192 , 150.31
11.193 , 150.33
11.194 , 150.31
11.195 , 150.31
11.195 , 150.31
11.196 , 150.31
11.197 , 150.31
11.198 , 150.31
11.199 , 150.31
11.199 , 150.31
11.2 , 150.26
11.201 , 150.26
11.202 , 150.31
11.203 , 150.26
11.203 , 150.26
11.204 , 150.26
11.205 , 150.31
11.206 , 150.31
11.206 , 150.31
11.207 , 150.31
11.208 , 150.31
11.209 , 150.31
11.21 , 150.26
11.21 , 150.31
11.211 , 150.33
11.212 , 150.26
11.213 , 150.31
11.214 , 150.26
11.214 , 150.31
11.215 , 150.26
11.216 , 150.31
11.217 , 150.31
11.218 , 150.26
11.218 , 150.26
11.219 , 150.26
11.22 , 150.26
11.221 , 150.26
11.221 , 150.26
11.222 , 150.26
11.223 , 150.24
11.224 , 150.26
11.225 , 150.26
11.225 , 150.26
11.226 , 150.31
11.227 , 150.31
11.228 , 150.26
11.229 , 150.26
11.229 , 150.26
11.23 , 150.26
11.231 , 150.31
11.232 , 150.26
11.233 , 150.24
11.233 , 150.24
11.234 , 150.24
11.235 , 150.24
11.236 , 150.24
11.236 , 150.26
11.237 , 150.26
11.238 , 150.24
11.239 , 150.26
11.24 , 150.24
11.24 , 150.24
11.241 , 150.19
11.242 , 150.26
11.243 , 150.26
11.243 , 150.31
11.244 , 150.24
11.245 , 150.24
11.246 , 150.24
11.246 , 150.24
11.247 , 150.26
11.248 , 150.24
11.249 , 150.24
11.25 , 150.24
11.25 , 150.24
11.251 , 150.24
11.252 , 150.24
11.253 , 150.24
11.253 , 150.24
11.254 , 150.24
11.255 , 150.19
11.256 , 150.24
11.256 , 150.26
11.257 , 150.19
11.258 , 150.24
11.259 , 150.26
11.26 , 150.24
11.26 , 150.19
11.261 , 150.19
11.262 , 150.24
11.263 , 150.24
11.263 , 150.19
11.264 , 150.24
11.265 , 150.19
11.266 , 150.24
11.266 , 150.24
11.267 , 150.24
11.268 , 150.24
11.269 , 150.24
11.269 , 150.24
11.27 , 150.19
11.271 , 150.24
11.272 , 150.19
11.272 , 150.19
11.273 , 150.24
11.274 , 150.19
11.275 , 150.19
11.275 , 150.19
11.276 , 150.19
11.277 , 150.24
11.278 , 150.19
11.279 , 150.17
11.279 , 150.19
11.28 , 150.19
11.281 , 150.19
11.282 , 150.19
11.282 , 150.19
11.283 , 150.24
11.284 , 150.17
11.285 , 150.13
11.286 , 150.19
11.286 , 150.19
11.287 , 150.19
11.288 , 150.19
11.289 , 150.19
11.289 , 150.17
11.29 , 150.17
11.291 , 150.17
11.292 , 150.17
11.293 , 150.19
11.293 , 150.19
11.294 , 150.19
11.295 , 150.19
11.296 , 150.19
11.296 , 150.17
11.297 , 150.19
11.298 , 150.19
11.299 , 150.17
11.3 , 150.17
11.3 , 150.17
11.301 , 150.19
11.302 , 150.19
11.303 , 150.17
11.303 , 150.17
11.304 , 150.17
11.305 , 150.19
11.306 , 150.19
11.307 , 150.19
11.307 , 150.17
11.308 , 150.19
11.309 , 150.13
11.31 , 150.17
11.31 , 150.17
11.311 , 150.17
11.312 , 150.17
11.313 , 150.17
11.313 , 150.17
11.314 , 150.17
11.315 , 150.17
11.316 , 150.17
11.317 , 150.17
11.317 , 150.17
11.318 , 150.17
11.319 , 150.17
11.32 , 150.17
11.321 , 150.17
11.322 , 150.13
11.322 , 150.17
11.323 , 150.17
11.324 , 150.17
11.325 , 150.17
11.326 , 150.13
11.326 , 150.13
11.327 , 150.17
11.328 , 150.13
11.329 , 150.17
11.329 , 150.13
11.33 , 150.17
11.331 , 150.17
11.332 , 150.13
11.332 , 150.13
11.333 , 150.17
11.334 , 150.17
11.335 , 150.17
11.336 , 150.17
11.336 , 150.13
11.337 , 150.13
11.338 , 150.13
11.339 , 150.13
11.339 , 150.13
11.34 , 150.13
11.341 , 150.13
11.342 , 150.17
11.342 , 150.13
11.343 , 150.13
11.344 , 150.13
11.345 , 150.13
11.345 , 150.13
11.346 , 150.13
11.347 , 150.13
11.348 , 150.1
11.348 , 150.13
11.349 , 150.17
11.35 , 150.13
11.351 , 150.17
11.352 , 150.1
11.352 , 150.13
11.353 , 150.1
11.354 , 150.13
11.355 , 150.1
11.355 , 150.1
11.356 , 150.08
11.357 , 150.17
11.358 , 150.13
11.358 , 150.13
11.359 , 150.1
11.36 , 150.1
11.361 , 150.1
11.362 , 150.1
11.362 , 150.13
11.363 , 150.1
11.364 , 150.1
11.364 , 150.08
11.365 , 150.1
11.366 , 150.1
11.367 , 150.13
11.368 , 150.1
11.368 , 150.13
11.369 , 150.13
11.37 , 150.1
11.371 , 150.1
11.371 , 150.1
11.372 , 150.08
11.373 , 150.13
11.374 , 150.13
11.374 , 150.08
11.375 , 150.13
11.376 , 150.1
11.377 , 150.1
11.377 , 150.1
11.378 , 150.1
11.379 , 150.1
11.38 , 150.08
11.38 , 150.1
11.381 , 150.13
11.382 , 150.1
11.383 , 150.1
11.383 , 150.08
11.384 , 150.1
11.385 , 150.1
11.386 , 150.08
11.386 , 150.08
11.387 , 150.08
11.388 , 150.1
11.389 , 150.1
11.389 , 150.13
11.39 , 150.08
11.391 , 150.1
11.392 , 150.1
11.393 , 150.1
11.393 , 150.1
11.394 , 150.1
11.395 , 150.08
11.396 , 150.08
11.396 , 150.1
11.397 , 150.08
11.398 , 150.08
11.399 , 150.1
11.399 , 150.1
11.4 , 150.1
11.401 , 150.1
11.402 , 150.1
11.402 , 150.08
11.403 , 150.1
11.404 , 150.1
11.405 , 150.08
11.405 , 150.08
11.406 , 150.08
11.407 , 150.08
11.408 , 150.03
11.409 , 150.1
11.409 , 150.08
11.41 , 150.08
11.411 , 150.08
11.412 , 150.08
11.412 , 150.03
11.413 , 150.03
11.414 , 150.08
11.415 , 150.08
11.415 , 150.03
11.416 , 150.08
11.417 , 150.03
11.418 , 150.03
11.419 , 150.08
11.419 , 150.08
11.42 , 150.08
11.421 , 150.08
11.422 , 150.08
11.422 , 150.08
11.423 , 150.08
11.424 , 150.08
11.425 , 150.08
11.426 , 150.01
11.426 , 150.03
11.427 , 150.03
11.428 , 150.08
11.429 , 150.03
11.429 , 150.03
11.43 , 150.08
11.431 , 150.08
11.432 , 150.03
11.433 , 150.03
11.433 , 150.03
11.434 , 150.03
11.435 , 150.03
11.436 , 150.03
11.437 , 150.03
11.437 , 150.03
11.438 , 150.03
11.439 , 150.08
11.44 , 150.01
11.44 , 150.08
11.441 , 150.03
11.442 , 150.01
11.443 , 150.03
11.444 , 150.03
11.444 , 150.03
11.445 , 150.08
11.446 , 150.03
11.447 , 150.08
11.448 , 150.03
11.448 , 150.01
11.449 , 150.03
11.45 , 150.01
11.451 , 150.01
11.452 , 150.01
11.452 , 150.03
11.453 , 150.03
11.454 , 150.01
11.455 , 150.03
11.456 , 150.01
11.456 , 150.03
11.457 , 150.01
11.458 , 150.03
11.459 , 150.01
11.46 , 150.01
11.46 , 150.03
11.461 , 150.01
11.462 , 150.01
11.463 , 150.03
11.463 , 150.03
11.464 , 150.03
11.465 , 150.01
11.466 , 150.01
11.467 , 150.01
11.467 , 150.03
11.468 , 150.01
11.469 , 150.01
11.47 , 150.03
11.471 , 149.97
11.471 , 150.01
11.472 , 149.97
11.473 , 150.01
11.474 , 150.01
11.475 , 149.97
11.475 , 149.97
11.476 , 150.01
11.477 , 150.01
11.478 , 149.97
11.479 , 149.97
11.479 , 150.01
11.48 , 149.97
11.481 , 149.97
11.482 , 149.97
11.482 , 150.01
11.483 , 149.97
11.484 , 150.01
11.485 , 149.97
11.486 , 149.97
11.486 , 150.01
11.487 , 150.01
11.488 , 149.97
11.489 , 150.01
11.49 , 150.01
11.49 , 149.97
11.491 , 149.97
11.492 , 149.97
11.493 , 150.01
11.494 , 150.01
11.494 , 149.97
11.495 , 149.97
11.496 , 149.97
11.497 , 149.97
11.498 , 150.01
11.498 , 149.97
11.499 , 149.94
11.5 , 149.97
11.501 , 149.97
11.501 , 149.97
11.502 , 149.97
11.503 , 149.97
11.504 , 150.01
11.505 , 149.97
11.505 , 149.97
11.506 , 150.01
11.507 , 149.97
11.508 , 150.01
11.508 , 149.97
11.509 , 149.97
11.51 , 149.97
11.511 , 149.97
11.512 , 150.01
11.512 , 150.01
11.513 , 149.97
11.514 , 149.94
11.515 , 149.97
11.516 , 149.94
11.516 , 149.94
11.517 , 149.97
11.518 , 149.94
11.519 , 149.94
11.52 , 149.94
11.52 , 149.94
11.521 , 149.97
11.522 , 149.97
11.523 , 149.94
11.523 , 149.97
11.524 , 149.97
11.525 , 149.94
11.526 , 149.97
11.526 , 149.97
11.527 , 149.94
11.528 , 149.9
11.529 , 149.97
11.53 , 149.97
11.53 , 149.94
11.531 , 149.94
11.532 , 149.94
11.533 , 149.97
11.534 , 149.97
11.534 , 149.94
11.535 , 149.9
11.536 , 149.94
11.537 , 149.94
11.538 , 149.97
11.538 , 149.9
11.539 , 149.94
11.54 , 149.97
11.541 , 149.9
11.542 , 149.9
11.542 , 149.9
11.543 , 149.94
11.544 , 149.9
11.545 , 150.01
11.546 , 149.97
11.546 , 149.97
11.547 , 149.97
11.548 , 149.97
11.549 , 149.97
11.55 , 149.97
11.55 , 150.01
11.551 , 149.97
11.552 , 149.97
11.553 , 150.01
11.553 , 149.97
11.554 , 149.97
11.555 , 149.94
11.556 , 149.94
11.557 , 149.97
11.557 , 149.97
11.558 , 149.94
11.559 , 149.94
11.56 , 149.94
11.561 , 149.94
11.561 , 149.97
11.562 , 149.94
11.563 , 149.94
11.564 , 149.94
11.564 , 149.94
11.565 , 149.97
11.566 , 149.94
11.567 , 149.94
11.568 , 149.94
11.568 , 149.94
11.569 , 149.94
11.57 , 149.94
11.571 , 149.94
11.572 , 149.94
11.572 , 149.94
11.573 , 149.94
11.574 , 149.9
11.575 , 149.94
11.576 , 149.94
11.576 , 149.94
11.577 , 149.97
11.578 , 149.94
11.579 , 149.9
11.58 , 149.9
11.58 , 149.94
11.581 , 149.94
11.582 , 149.9
11.583 , 149.9
11.584 , 149.94
11.584 , 149.97
11.585 , 149.94
11.586 , 149.94
11.587 , 149.9
11.588 , 149.94
11.588 , 149.9
11.589 , 149.9
11.59 , 149.9
11.591 , 149.94
11.592 , 149.94
11.593 , 149.94
11.593 , 149.94
11.594 , 149.9
11.595 , 149.94
11.596 , 149.94
11.597 , 149.9
11.597 , 149.94
11.598 , 149.94
11.599 , 149.94
11.6 , 149.9
11.601 , 149.9
11.601 , 149.9
11.602 , 149.9
11.603 , 149.94
11.604 , 149.9
11.605 , 149.9
11.605 , 149.9
11.606 , 149.9
11.607 , 149.94
11.608 , 149.9
11.609 , 149.87
11.61 , 149.94
11.61 , 149.9
11.611 , 149.9
11.612 , 149.87
11.613 , 149.9
11.614 , 149.94
11.614 , 149.9
11.623 , 149.9
11.624 , 149.9
11.625 , 149.9
11.626 , 149.9
11.627 , 149.87
11.627 , 149.9
11.628 , 149.87
11.629 , 149.9
11.63 , 149.87
11.631 , 149.9
11.632 , 149.87
11.632 , 149.9
11.633 , 149.87
11.634 , 149.87
11.635 , 149.87
11.636 , 149.87
11.637 , 149.9
11.637 , 149.87
11.638 , 149.87
11.639 , 149.87
11.64 , 149.87
11.641 , 149.9
11.641 , 149.9
11.642 , 149.87
11.643 , 149.87
11.644 , 149.87
11.645 , 149.87
11.646 , 149.87
11.646 , 149.87
11.647 , 149.87
11.648 , 149.81
11.649 , 149.81
11.65 , 149.85
11.651 , 149.81
11.651 , 149.87
11.652 , 149.87
11.653 , 149.85
11.654 , 149.87
11.655 , 149.85
11.655 , 149.81
11.656 , 149.81
11.657 , 149.87
11.658 , 149.85
11.659 , 149.85
11.659 , 149.81
11.66 , 149.81
11.661 , 149.81
11.662 , 149.81
11.663 , 149.85
11.664 , 149.81
11.664 , 149.85
11.665 , 149.87
11.666 , 149.81
11.667 , 149.85
11.668 , 149.85
11.668 , 149.85
11.669 , 149.85
11.67 , 149.85
11.671 , 149.85
11.672 , 149.78
11.672 , 149.81
11.673 , 149.81
11.674 , 149.81
11.675 , 149.85
11.676 , 149.81
11.677 , 149.81
11.677 , 149.81
11.678 , 149.81
11.679 , 149.81
11.68 , 149.81
11.681 , 149.85
11.681 , 149.85
11.682 , 149.81
11.683 , 149.85
11.684 , 149.85
11.685 , 149.81
11.685 , 149.81
11.686 , 149.81
11.687 , 149.81
11.688 , 149.85
11.689 , 149.81
11.689 , 149.81
11.69 , 149.81
11.691 , 149.81
11.692 , 149.81
11.693 , 149.81
11.694 , 149.78
11.694 , 149.78
11.695 , 149.81
11.696 , 149.81
11.697 , 149.81
11.698 , 149.78
11.699 , 149.81
11.699 , 149.81
11.7 , 149.78
11.701 , 149.81
11.702 , 149.81
11.703 , 149.78
11.704 , 149.85
11.704 , 149.81
11.705 , 149.78
11.706 , 149.81
11.707 , 149.81
11.708 , 149.78
11.708 , 149.78
11.709 , 149.81
11.71 , 149.81
11.711 , 149.81
11.712 , 149.81
11.712 , 149.81
11.713 , 149.81
11.714 , 149.81
11.715 , 149.78
11.716 , 149.81
11.716 , 149.78
11.717 , 149.81
11.718 , 149.78
11.719 , 149.74
11.72 , 149.81
11.721 , 149.78
11.721 , 149.81
11.722 , 149.78
11.723 , 149.78
11.724 , 149.78
11.725 , 149.74
11.726 , 149.81
11.726 , 149.78
11.727 , 149.78
11.728 , 149.81
11.729 , 149.78
11.73 , 149.78
11.73 , 149.78
11.731 , 149.78
11.732 , 149.78
11.733 , 149.74
11.734 , 149.78
11.735 , 149.78
11.735 , 149.74
11.736 , 149.74
11.737 , 149.74
11.738 , 149.78
11.739 , 149.74
11.739 , 149.74
11.74 , 149.74
11.741 , 149.74
11.742 , 149.74
11.743 , 149.78
11.743 , 149.78
11.744 , 149.78
11.745 , 149.74
11.746 , 149.78
11.747 , 149.78
11.747 , 149.78
11.748 , 149.78
11.749 , 149.78
11.75 , 149.78
11.751 , 149.74
11.752 , 149.74
11.752 , 149.74
11.753 , 149.78
11.754 , 149.74
11.755 , 149.78
11.756 , 149.74
11.756 , 149.74
11.757 , 149.78
11.758 , 149.74
11.759 , 149.78
11.76 , 149.74
11.76 , 149.71
11.761 , 149.74
11.762 , 149.74
11.763 , 149.74
11.764 , 149.74
11.764 , 149.78
11.765 , 149.74
11.766 , 149.74
11.767 , 149.78
11.768 , 149.74
11.768 , 149.78
11.769 , 149.74
11.77 , 149.74
11.771 , 149.74
11.772 , 149.74
11.772 , 149.74
11.773 , 149.74
11.774 , 149.71
11.775 , 149.74
11.776 , 149.74
11.776 , 149.71
11.777 , 149.74
11.778 , 149.71
11.779 , 149.74
11.779 , 149.71
11.78 , 149.71
11.781 , 149.74
11.782 , 149.74
11.783 , 149.74
11.783 , 149.71
11.784 , 149.71
11.785 , 149.74
11.786 , 149.74
11.786 , 149.74
11.787 , 149.78
11.788 , 149.74
11.789 , 149.74
11.79 , 149.74
11.791 , 149.74
11.791 , 149.67
11.792 , 149.71
11.793 , 149.71
11.794 , 149.71
11.794 , 149.74
11.795 , 149.71
11.796 , 149.71
11.797 , 149.71
11.798 , 149.71
11.798 , 149.71
11.799 , 149.71
11.8 , 149.71
11.801 , 149.71
11.802 , 149.71
11.802 , 149.71
11.803 , 149.71
11.804 , 149.71
11.805 , 149.71
11.805 , 149.71
11.806 , 149.74
11.807 , 149.71
11.808 , 149.71
11.808 , 149.71
11.809 , 149.74
11.81 , 149.67
11.811 , 149.71
11.812 , 149.67
11.812 , 149.71
11.813 , 149.71
11.814 , 149.71
11.815 , 149.71
11.815 , 149.67
11.816 , 149.71
11.817 , 149.71
11.818 , 149.71
11.819 , 149.67
11.819 , 149.74
11.82 , 149.71
11.821 , 149.74
11.822 , 149.71
11.823 , 149.71
11.823 , 149.67
11.824 , 149.71
11.825 , 149.71
11.826 , 149.71
11.827 , 149.71
11.827 , 149.71
11.828 , 149.71
11.829 , 149.71
11.83 , 149.67
11.831 , 149.67
11.831 , 149.67
11.832 , 149.67
11.833 , 149.67
11.834 , 149.67
11.835 , 149.67
11.835 , 149.71
11.836 , 149.71
11.837 , 149.65
11.838 , 149.67
11.839 , 149.67
11.839 , 149.65
11.84 , 149.67
11.841 , 149.67
11.842 , 149.71
11.843 , 149.65
11.843 , 149.71
11.844 , 149.67
11.845 , 149.67
11.846 , 149.67
11.847 , 149.67
11.848 , 149.65
11.848 , 149.67
11.849 , 149.67
11.85 , 149.67
11.851 , 149.67
11.852 , 149.65
11.853 , 149.67
11.853 , 149.67
11.854 , 149.65
11.855 , 149.65
11.856 , 149.67
11.857 , 149.67
11.857 , 149.67
11.858 , 149.65
11.859 , 149.67
11.86 , 149.65
11.861 , 149.65
11.862 , 149.67
11.862 , 149.65
11.863 , 149.65
11.864 , 149.65
11.865 , 149.67
11.866 , 149.67
11.867 , 149.67
11.867 , 149.65
11.868 , 149.67
11.869 , 149.67
11.87 , 149.67
11.871 , 149.67
11.872 , 149.67
11.872 , 149.67
11.873 , 149.67
11.874 , 149.65
11.875 , 149.62
11.876 , 149.65
11.877 , 149.65
11.877 , 149.65
11.878 , 149.65
11.879 , 149.65
11.88 , 149.65
11.881 , 149.67
11.882 , 149.65
11.882 , 149.65
11.883 , 149.65
11.884 , 149.67
11.885 , 149.65
11.886 , 149.65
11.887 , 149.62
11.887 , 149.65
11.888 , 149.65
11.889 , 149.65
11.89 , 149.65
11.891 , 149.67
11.892 , 149.65
11.892 , 149.65
11.893 , 149.65
11.894 , 149.65
11.895 , 149.65
11.896 , 149.65
11.897 , 149.65
11.897 , 149.65
11.898 , 149.65
11.899 , 149.62
11.9 , 149.65
11.901 , 149.65
11.901 , 149.65
11.902 , 149.62
11.903 , 149.65
11.904 , 149.62
11.905 , 149.62
11.906 , 149.62
11.906 , 149.62
11.907 , 149.65
11.908 , 149.62
11.909 , 149.65
11.91 , 149.65
11.91 , 149.65
11.911 , 149.62
11.912 , 149.62
11.913 , 149.65
11.914 , 149.62
11.915 , 149.65
11.915 , 149.62
11.916 , 149.65
11.917 , 149.62
11.918 , 149.62
11.919 , 149.65
11.92 , 149.62
11.92 , 149.65
11.921 , 149.65
11.922 , 149.65
11.923 , 149.58
11.924 , 149.65
11.924 , 149.62
11.925 , 149.62
11.926 , 149.62
11.927 , 149.62
11.928 , 149.62
11.928 , 149.62
11.929 , 149.65
11.93 , 149.62
11.931 , 149.58
11.932 , 149.62
11.932 , 149.62
11.933 , 149.65
11.934 , 149.62
11.935 , 149.62
11.936 , 149.65
11.936 , 149.62
11.937 , 149.62
11.938 , 149.58
11.939 , 149.62
11.94 , 149.62
11.941 , 149.65
11.941 , 149.62
11.942 , 149.58
11.943 , 149.65
11.944 , 149.62
11.945 , 149.65
11.946 , 149.58
11.946 , 149.58
11.947 , 149.62
11.948 , 149.65
11.949 , 149.62
11.95 , 149.62
11.95 , 149.65
11.951 , 149.65
11.952 , 149.62
11.953 , 149.62
11.954 , 149.58
11.955 , 149.62
11.955 , 149.58
11.956 , 149.58
11.957 , 149.58
11.958 , 149.58
11.958 , 149.58
11.959 , 149.58
11.96 , 149.62
11.961 , 149.62
11.962 , 149.58
11.962 , 149.58
11.963 , 149.58
11.964 , 149.62
11.965 , 149.58
11.966 , 149.62
11.967 , 149.58
11.967 , 149.55
11.968 , 149.62
11.969 , 149.58
11.97 , 149.62
11.971 , 149.58
11.971 , 149.58
11.972 , 149.58
11.973 , 149.62
11.974 , 149.62
11.975 , 149.62
11.975 , 149.58
11.976 , 149.58
11.977 , 149.58
11.978 , 149.58
11.979 , 149.55
11.979 , 149.58
11.98 , 149.58
11.981 , 149.58
11.982 , 149.62
11.983 , 149.58
11.983 , 149.58
11.984 , 149.55
11.985 , 149.62
11.986 , 149.58
11.987 , 149.62
11.987 , 149.55
11.988 , 149.58
11.989 , 149.58
11.99 , 149.58
11.991 , 149.58
11.991 , 149.58
11.992 , 149.55
11.993 , 149.55
11.994 , 149.55
11.995 , 149.51
11.995 , 149.58
11.996 , 149.55
11.997 , 149.55
11.998 , 149.55
11.999 , 149.55
11.999 , 149.55
12.0 , 149.58
12.001 , 149.58
12.002 , 149.55
12.002 , 149.55
12.003 , 149.55
12.004 , 149.55
12.005 , 149.51
12.006 , 149.55
12.006 , 149.55
12.007 , 149.55
12.008 , 149.55
12.009 , 149.58
12.009 , 149.58
12.01 , 149.58
12.011 , 149.51
12.012 , 149.58
12.013 , 149.58
12.013 , 149.55
12.014 , 149.55
12.015 , 149.55
12.016 , 149.55
12.017 , 149.58
12.017 , 149.55
12.018 , 149.55
12.019 , 149.58
12.02 , 149.55
12.02 , 149.55
12.021 , 149.55
12.022 , 149.55
12.023 , 149.58
12.023 , 149.51
12.024 , 149.55
12.025 , 149.51
12.026 , 149.55
12.026 , 149.55
12.027 , 149.55
12.028 , 149.51
12.029 , 149.55
12.03 , 149.58
12.03 , 149.51
12.031 , 149.51
12.032 , 149.51
12.033 , 149.51
12.034 , 149.55
12.034 , 149.55
12.035 , 149.51
12.036 , 149.55
12.037 , 149.55
12.037 , 149.55
12.038 , 149.55
12.039 , 149.51
12.04 , 149.55
12.041 , 149.51
12.041 , 149.55
12.042 , 149.51
12.043 , 149.55
12.044 , 149.55
12.045 , 149.55
12.045 , 149.55
12.046 , 149.55
12.047 , 149.55
12.048 , 149.55
12.048 , 149.51
12.049 , 149.51
12.05 , 149.51
12.051 , 149.51
12.052 , 149.55
12.052 , 149.51
12.053 , 149.51
12.054 , 149.55
12.055 , 149.51
12.056 , 149.51
12.056 , 149.51
12.057 , 149.55
12.058 , 149.48
12.059 , 149.55
12.06 , 149.55
12.06 , 149.51
12.061 , 149.51
12.062 , 149.51
12.063 , 149.51
12.064 , 149.55
12.064 , 149.51
12.065 , 149.55
12.066 , 149.51
12.067 , 149.48
12.068 , 149.55
12.068 , 149.48
12.069 , 149.48
12.07 , 149.51
12.071 , 149.51
12.072 , 149.51
12.072 , 149.51
12.073 , 149.51
12.074 , 149.51
12.075 , 149.51
12.076 , 149.48
12.076 , 149.51
12.077 , 149.55
12.078 , 149.51
12.079 , 149.51
12.08 , 149.48
12.08 , 149.51
12.081 , 149.48
12.082 , 149.48
12.083 , 149.48
12.084 , 149.51
12.085 , 149.48
12.085 , 149.51
12.086 , 149.48
12.087 , 149.48
12.088 , 149.48
12.089 , 149.51
12.089 , 149.51
12.09 , 149.51
12.091 , 149.51
12.092 , 149.51
12.093 , 149.51
12.094 , 149.48
12.094 , 149.48
12.095 , 149.48
12.096 , 149.51
12.097 , 149.48
12.098 , 149.48
12.099 , 149.51
12.099 , 149.48
12.1 , 149.44
12.101 , 149.51
12.102 , 149.51
12.103 , 149.48
12.103 , 149.44
12.104 , 149.48
12.105 , 149.51
12.106 , 149.48
12.107 , 149.48
12.107 , 149.48
12.108 , 149.48
12.109 , 149.51
12.11 , 149.48
12.111 , 149.48
12.111 , 149.48
12.112 , 149.48
12.113 , 149.48
12.114 , 149.51
12.115 , 149.48
12.115 , 149.44
12.116 , 149.44
12.117 , 149.44
12.118 , 149.48
12.119 , 149.48
12.119 , 149.48
12.12 , 149.48
12.121 , 149.48
12.122 , 149.44
12.123 , 149.48
12.123 , 149.44
12.124 , 149.48
12.125 , 149.48
12.126 , 149.48
12.127 , 149.44
12.127 , 149.48
12.128 , 149.48
12.129 , 149.48
12.13 , 149.42
12.131 , 149.44
12.131 , 149.48
12.132 , 149.44
12.133 , 149.48
12.134 , 149.44
12.135 , 149.48
12.135 , 149.44
12.136 , 149.44
12.137 , 149.44
12.138 , 149.44
12.138 , 149.44
12.139 , 149.44
12.14 , 149.44
12.141 , 149.44
12.142 , 149.44
12.142 , 149.42
12.143 , 149.44
12.144 , 149.44
12.145 , 149.44
12.145 , 149.44
12.146 , 149.44
12.147 , 149.44
12.148 , 149.44
12.149 , 149.44
12.149 , 149.44
12.15 , 149.44
12.151 , 149.48
12.152 , 149.44
12.152 , 149.48
12.153 , 149.44
12.154 , 149.44
12.155 , 149.42
12.156 , 149.48
12.156 , 149.44
12.157 , 149.44
12.158 , 149.44
12.159 , 149.44
12.159 , 149.42
12.16 , 149.44
12.161 , 149.42
12.162 , 149.42
12.163 , 149.44
12.163 , 149.42
12.164 , 149.44
12.165 , 149.44
12.166 , 149.42
12.167 , 149.44
12.167 , 149.48
12.168 , 149.48
12.169 , 149.48
12.17 , 149.44
12.171 , 149.44
12.171 , 149.48
12.172 , 149.48
12.173 , 149.48
12.174 , 149.44
12.175 , 149.44
12.175 , 149.48
12.176 , 149.44
12.177 , 149.44
12.178 , 149.44
12.179 , 149.44
12.179 , 149.44
12.18 , 149.44
12.181 , 149.44
12.182 , 149.44
12.183 , 149.44
12.183 , 149.44
12.184 , 149.44
12.185 , 149.48
12.186 , 149.48
12.187 , 149.42
12.187 , 149.48
12.188 , 149.44
12.189 , 149.48
12.19 , 149.44
12.191 , 149.44
12.191 , 149.48
12.192 , 149.44
12.193 , 149.44
12.194 , 149.44
12.195 , 149.42
12.195 , 149.44
12.196 , 149.42
12.197 , 149.44
12.198 , 149.42
12.199 , 149.44
12.199 , 149.44
12.2 , 149.44
12.201 , 149.44
12.202 , 149.44
12.202 , 149.44
12.203 , 149.44
12.204 , 149.44
12.205 , 149.48
12.206 , 149.42
12.206 , 149.44
12.207 , 149.44
12.208 , 149.44
12.209 , 149.44
12.209 , 149.44
12.21 , 149.42
12.211 , 149.44
12.212 , 149.44
12.213 , 149.42
12.213 , 149.44
12.214 , 149.48
12.215 , 149.44
12.216 , 149.44
12.216 , 149.42
12.217 , 149.44
12.218 , 149.44
12.219 , 149.42
12.22 , 149.44
12.22 , 149.44
12.221 , 149.42
12.222 , 149.42
12.223 , 149.44
12.223 , 149.42
12.224 , 149.42
12.225 , 149.42
12.226 , 149.44
12.227 , 149.44
12.227 , 149.39
12.228 , 149.42
12.229 , 149.42
12.23 , 149.42
12.231 , 149.44
12.232 , 149.39
12.232 , 149.42
12.233 , 149.39
12.234 , 149.44
12.235 , 149.44
12.236 , 149.44
12.236 , 149.42
12.237 , 149.42
12.238 , 149.39
12.239 , 149.44
12.239 , 149.42
12.24 , 149.44
12.241 , 149.42
12.242 , 149.42
12.243 , 149.42
12.243 , 149.42
12.244 , 149.42
12.245 , 149.39
12.246 , 149.42
12.247 , 149.42
12.247 , 149.44
12.248 , 149.42
12.249 , 149.42
12.25 , 149.44
12.251 , 149.42
12.251 , 149.42
12.252 , 149.42
12.253 , 149.42
12.254 , 149.42
12.255 , 149.42
12.255 , 149.42
12.256 , 149.42
12.257 , 149.42
12.258 , 149.42
12.259 , 149.42
12.26 , 149.39
12.26 , 149.39
12.261 , 149.42
12.262 , 149.42
12.263 , 149.42
12.264 , 149.39
12.264 , 149.39
12.265 , 149.42
12.266 , 149.42
12.267 , 149.39
12.268 , 149.42
12.268 , 149.42
12.269 , 149.42
12.27 , 149.44
12.271 , 149.42
12.272 , 149.39
12.272 , 149.42
12.273 , 149.44
12.274 , 149.39
12.275 , 149.39
12.276 , 149.39
12.276 , 149.39
12.277 , 149.42
12.278 , 149.39
12.279 , 149.39
12.28 , 149.35
12.281 , 149.32
12.281 , 149.42
12.282 , 149.39
12.283 , 149.42
12.284 , 149.42
12.285 , 149.42
12.285 , 149.39
12.286 , 149.35
12.287 , 149.42
12.288 , 149.39
12.289 , 149.42
12.289 , 149.39
12.29 , 149.42
12.291 , 149.42
12.292 , 149.44
12.293 , 149.35
12.293 , 149.39
12.294 , 149.39
12.295 , 149.39
12.296 , 149.39
12.297 , 149.42
12.298 , 149.35
12.298 , 149.32
12.299 , 149.39
12.3 , 149.35
12.301 , 149.35
12.302 , 149.39
12.302 , 149.39
12.303 , 149.35
12.304 , 149.39
12.305 , 149.39
12.305 , 149.39
12.306 , 149.35
12.307 , 149.35
12.308 , 149.39
12.309 , 149.39
12.309 , 149.39
12.31 , 149.39
12.311 , 149.35
12.312 , 149.39
12.313 , 149.39
12.313 , 149.39
12.314 , 149.35
12.315 , 149.35
12.316 , 149.39
12.317 , 149.39
12.317 , 149.35
12.318 , 149.35
12.319 , 149.32
12.32 , 149.39
12.321 , 149.39
12.321 , 149.35
12.322 , 149.32
12.323 , 149.35
12.324 , 149.39
12.325 , 149.32
12.325 , 149.35
12.326 , 149.39
12.327 , 149.39
12.328 , 149.35
12.329 , 149.35
12.329 , 149.32
12.33 , 149.39
12.331 , 149.39
12.332 , 149.35
12.332 , 149.32
12.333 , 149.32
12.334 , 149.35
12.335 , 149.32
12.336 , 149.35
12.336 , 149.32
12.337 , 149.35
12.338 , 149.42
12.339 , 149.32
12.339 , 149.39
12.34 , 149.35
12.341 , 149.35
12.342 , 149.35
12.343 , 149.32
12.343 , 149.32
12.344 , 149.35
12.345 , 149.39
12.346 , 149.35
12.346 , 149.39
12.347 , 149.35
12.348 , 149.32
12.349 , 149.32
12.35 , 149.39
12.35 , 149.32
12.351 , 149.32
12.352 , 149.32
12.353 , 149.32
12.353 , 149.35
12.354 , 149.32
12.355 , 149.28
12.356 , 149.28
12.357 , 149.28
12.358 , 149.32
12.358 , 149.39
12.359 , 149.32
12.36 , 149.35
12.361 , 149.32
12.361 , 149.32
12.362 , 149.32
12.363 , 149.32
12.364 , 149.32
12.364 , 149.35
12.365 , 149.32
12.366 , 149.28
12.367 , 149.32
12.368 , 149.39
12.368 , 149.32
12.369 , 149.32
12.37 , 149.32
12.371 , 149.28
12.372 , 149.32
12.372 , 149.32
12.373 , 149.32
12.374 , 149.32
12.375 , 149.32
12.375 , 149.32
12.376 , 149.32
12.377 , 149.28
12.378 , 149.28
12.379 , 149.28
12.379 , 149.32
12.38 , 149.28
12.381 , 149.28
12.382 , 149.32
12.383 , 149.28
12.384 , 149.32
12.384 , 149.28
12.385 , 149.32
12.386 , 149.28
12.387 , 149.32
12.387 , 149.32
12.388 , 149.35
12.389 , 149.32
12.39 , 149.28
12.391 , 149.28
12.391 , 149.28
12.392 , 149.28
12.393 , 149.28
12.394 , 149.28
12.395 , 149.28
12.396 , 149.32
12.396 , 149.32
12.397 , 149.28
12.398 , 149.26
12.399 , 149.32
12.4 , 149.32
12.4 , 149.28
12.401 , 149.32
12.402 , 149.28
12.403 , 149.32
12.404 , 149.32
12.404 , 149.28
12.405 , 149.32
12.406 , 149.26
12.407 , 149.28
12.408 , 149.28
12.408 , 149.28
12.409 , 149.26
12.41 , 149.28
12.411 , 149.28
12.412 , 149.32
12.412 , 149.26
12.413 , 149.28
12.414 , 149.28
12.415 , 149.28
12.416 , 149.26
12.416 , 149.28
12.417 , 149.28
12.418 , 149.28
12.419 , 149.26
12.42 , 149.28
12.42 , 149.32
12.421 , 149.28
12.422 , 149.28
12.423 , 149.28
12.424 , 149.28
12.425 , 149.26
12.425 , 149.26
12.426 , 149.21
12.427 , 149.28
12.428 , 149.26
12.429 , 149.26
12.429 , 149.26
12.43 , 149.26
12.431 , 149.26
12.432 , 149.26
12.433 , 149.26
12.433 , 149.21
12.434 , 149.26
12.435 , 149.26
12.436 , 149.26
12.437 , 149.19
12.437 , 149.26
12.438 , 149.26
12.439 , 149.26
12.44 , 149.21
12.441 , 149.26
12.441 , 149.26
12.442 , 149.21
12.443 , 149.26
12.444 , 149.21
12.445 , 149.26
12.445 , 149.21
12.446 , 149.21
12.447 , 149.21
12.448 , 149.21
12.449 , 149.21
12.449 , 149.21
12.45 , 149.26
12.451 , 149.21
12.452 , 149.21
12.452 , 149.21
12.453 , 149.21
12.454 , 149.26
12.455 , 149.21
12.456 , 149.21
12.456 , 149.21
12.457 , 149.21
12.458 , 149.26
12.459 , 149.21
12.46 , 149.21
12.46 , 149.26
12.461 , 149.26
12.462 , 149.26
12.463 , 149.21
12.463 , 149.21
12.464 , 149.21
12.465 , 149.21
12.466 , 149.26
12.467 , 149.26
12.467 , 149.26
12.468 , 149.21
12.469 , 149.21
12.47 , 149.26
12.47 , 149.21
12.471 , 149.26
12.472 , 149.21
12.473 , 149.21
12.474 , 149.26
12.474 , 149.21
12.475 , 149.26
12.476 , 149.21
12.477 , 149.26
12.478 , 149.16
12.479 , 149.19
12.479 , 149.21
12.48 , 149.19
12.481 , 149.19
12.482 , 149.19
12.482 , 149.19
12.483 , 149.16
12.484 , 149.19
12.485 , 149.21
12.485 , 149.19
12.486 , 149.19
12.487 , 149.19
12.488 , 149.19
12.489 , 149.19
12.489 , 149.19
12.49 , 149.19
12.491 , 149.19
12.492 , 149.21
12.493 , 149.16
12.493 , 149.19
12.494 , 149.16
12.495 , 149.19
12.496 , 149.19
12.496 , 149.19
12.497 , 149.21
12.498 , 149.16
12.499 , 149.19
12.5 , 149.16
12.5 , 149.16
12.501 , 149.16
12.502 , 149.19
12.503 , 149.16
12.503 , 149.19
12.504 , 149.19
12.505 , 149.19
12.506 , 149.16
12.506 , 149.16
12.507 , 149.16
12.508 , 149.16
12.509 , 149.16
12.509 , 149.16
12.51 , 149.19
12.511 , 149.16
12.512 , 149.16
12.513 , 149.19
12.513 , 149.19
12.514 , 149.19
12.515 , 149.19
12.516 , 149.16
12.516 , 149.19
12.517 , 149.16
12.518 , 149.12
12.519 , 149.16
12.52 , 149.16
12.52 , 149.19
12.521 , 149.16
12.522 , 149.16
12.523 , 149.12
12.523 , 149.16
12.524 , 149.16
12.525 , 149.16
12.526 , 149.19
12.527 , 149.19
12.527 , 149.19
12.528 , 149.16
12.529 , 149.16
12.53 , 149.19
12.53 , 149.21
12.531 , 149.19
12.532 , 149.19
12.533 , 149.19
12.534 , 149.16
12.534 , 149.19
12.535 , 149.19
12.536 , 149.19
12.537 , 149.21
12.537 , 149.21
12.538 , 149.16
12.539 , 149.16
12.54 , 149.16
12.541 , 149.19
12.541 , 149.19
12.542 , 149.16
12.543 , 149.19
12.544 , 149.16
12.544 , 149.19
12.545 , 149.21
12.546 , 149.19
12.547 , 149.16
12.548 , 149.21
12.548 , 149.19
12.549 , 149.16
12.55 , 149.19
12.551 , 149.16
12.551 , 149.16
12.552 , 149.19
12.553 , 149.16
12.554 , 149.16
12.555 , 149.19
12.555 , 149.19
12.556 , 149.21
12.557 , 149.16
12.558 , 149.16
12.558 , 149.19
12.559 , 149.19
12.56 , 149.19
12.561 , 149.16
12.562 , 149.16
12.562 , 149.16
12.563 , 149.19
12.564 , 149.16
12.565 , 149.19
12.565 , 149.16
12.566 , 149.19
12.567 , 149.19
12.568 , 149.16
12.569 , 149.19
12.569 , 149.19
12.57 , 149.16
12.571 , 149.19
12.572 , 149.16
12.573 , 149.16
12.573 , 149.16
12.574 , 149.12
12.575 , 149.16
12.576 , 149.16
12.577 , 149.16
12.577 , 149.16
12.578 , 149.16
12.579 , 149.16
12.58 , 149.16
12.58 , 149.16
12.581 , 149.19
12.582 , 149.16
12.583 , 149.19
12.584 , 149.19
12.584 , 149.19
12.585 , 149.21
12.586 , 149.19
12.587 , 149.19
12.588 , 149.19
12.588 , 149.21
12.589 , 149.21
12.59 , 149.19
12.591 , 149.19
12.591 , 149.19
12.592 , 149.21
12.593 , 149.19
12.594 , 149.19
12.595 , 149.16
12.595 , 149.19
12.596 , 149.19
12.597 , 149.19
12.598 , 149.16
12.598 , 149.19
12.599 , 149.16
12.6 , 149.19
12.601 , 149.19
12.602 , 149.19
12.602 , 149.19
12.603 , 149.19
12.604 , 149.19
12.605 , 149.16
12.605 , 149.19
12.606 , 149.16
12.607 , 149.19
12.608 , 149.19
12.609 , 149.19
12.609 , 149.16
12.61 , 149.19
12.611 , 149.19
12.612 , 149.16
12.612 , 149.19
12.613 , 149.21
12.614 , 149.19
12.615 , 149.16
12.616 , 149.16
12.616 , 149.19
12.617 , 149.19
12.618 , 149.16
12.619 , 149.16
12.619 , 149.16
12.62 , 149.16
12.621 , 149.16
12.622 , 149.19
12.623 , 149.16
12.623 , 149.16
12.624 , 149.19
12.625 , 149.16
12.626 , 149.19
12.626 , 149.16
12.627 , 149.19
12.628 , 149.16
12.629 , 149.16
12.629 , 149.16
12.63 , 149.16
12.631 , 149.16
12.632 , 149.16
12.633 , 149.12
12.633 , 149.16
12.634 , 149.16
12.635 , 149.19
12.636 , 149.19
12.636 , 149.16
12.637 , 149.16
12.638 , 149.16
12.639 , 149.21
12.64 , 149.16
12.64 , 149.16
12.641 , 149.12
12.642 , 149.19
12.643 , 149.19
12.643 , 149.16
12.644 , 149.19
12.645 , 149.16
12.646 , 149.16
12.647 , 149.12
12.647 , 149.19
12.648 , 149.16
12.649 , 149.16
12.65 , 149.16
12.65 , 149.16
12.651 , 149.16
12.652 , 149.19
12.653 , 149.19
12.654 , 149.16
12.654 , 149.16
12.655 , 149.16
12.656 , 149.16
12.657 , 149.16
12.657 , 149.16
12.658 , 149.16
12.659 , 149.16
12.66 , 149.16
12.661 , 149.16
12.661 , 149.16
12.662 , 149.16
12.663 , 149.16
12.664 , 149.16
12.665 , 149.1
12.665 , 149.16
12.666 , 149.16
12.667 , 149.12
12.668 , 149.19
12.669 , 149.16
12.669 , 149.12
12.67 , 149.16
12.671 , 149.16
12.672 , 149.16
12.672 , 149.16
12.673 , 149.12
12.674 , 149.12
12.675 , 149.16
12.676 , 149.12
12.676 , 149.16
12.677 , 149.16
12.678 , 149.12
12.679 , 149.16
12.68 , 149.12
12.68 , 149.16
12.681 , 149.12
12.682 , 149.12
12.683 , 149.16
12.684 , 149.12
12.684 , 149.16
12.685 , 149.1
12.686 , 149.1
12.687 , 149.1
12.688 , 149.12
12.688 , 149.1
12.689 , 149.12
12.69 , 149.1
12.691 , 149.1
12.692 , 149.1
12.692 , 149.1
12.693 , 149.1
12.694 , 149.05
12.695 , 149.1
12.695 , 149.1
12.696 , 149.05
12.697 , 149.1
12.698 , 149.1
12.699 , 149.12
12.699 , 149.12
12.7 , 149.05
12.701 , 149.1
12.702 , 149.1
12.702 , 149.1
12.703 , 149.05
12.704 , 149.12
12.705 , 149.1
12.706 , 149.1
12.706 , 149.12
12.707 , 149.1
12.708 , 149.1
12.709 , 149.1
12.709 , 149.12
12.71 , 149.12
12.711 , 149.1
12.712 , 149.1
12.713 , 149.1
12.713 , 149.1
12.714 , 149.1
12.715 , 149.1
12.716 , 149.05
12.716 , 149.1
12.717 , 149.05
12.718 , 149.1
12.719 , 149.1
12.72 , 149.05
12.72 , 149.1
12.721 , 149.1
12.722 , 149.1
12.723 , 149.1
12.723 , 149.1
12.724 , 149.1
12.725 , 149.1
12.726 , 149.05
12.726 , 149.1
12.727 , 149.1
12.728 , 149.1
12.729 , 149.05
12.73 , 149.05
12.73 , 149.1
12.731 , 149.1
12.732 , 149.1
12.733 , 149.1
12.733 , 149.05
12.734 , 149.05
12.735 , 149.1
12.736 , 149.1
12.737 , 149.12
12.737 , 149.05
12.738 , 149.05
12.739 , 149.05
12.74 , 149.03
12.741 , 149.05
12.741 , 149.1
12.742 , 149.03
12.743 , 149.1
12.744 , 149.05
12.744 , 149.05
12.745 , 149.05
12.746 , 149.03
12.747 , 149.05
12.747 , 149.05
12.748 , 149.05
12.749 , 149.05
12.75 , 149.05
12.751 , 149.05
12.751 , 149.03
12.752 , 149.05
12.753 , 149.03
12.754 , 149.05
12.754 , 149.1
12.755 , 149.03
12.756 , 149.03
12.757 , 149.03
12.758 , 149.03
12.758 , 149.05
12.759 , 149.05
12.76 , 149.1
12.761 , 149.05
12.762 , 149.05
12.762 , 148.98
12.763 , 149.05
12.764 , 149.05
12.765 , 149.05
12.766 , 149.05
12.766 , 149.05
12.767 , 149.05
12.768 , 149.05
12.769 , 149.05
12.769 , 149.03
12.77 , 149.03
12.771 , 149.05
12.772 , 149.05
12.773 , 149.05
12.773 , 149.05
12.774 , 149.1
12.775 , 149.1
12.776 , 149.05
12.776 , 149.05
12.777 , 149.05
12.778 , 149.05
12.779 , 149.03
12.78 , 149.03
12.781 , 149.05
12.781 , 149.05
12.782 , 149.03
12.783 , 149.03
12.784 , 149.03
12.784 , 149.05
12.785 , 149.03
12.786 , 149.05
12.787 , 149.03
12.788 , 149.05
12.788 , 149.05
12.789 , 149.05
12.79 , 149.05
12.791 , 149.03
12.792 , 149.05
12.792 , 149.03
12.793 , 149.03
12.794 , 149.03
12.795 , 149.03
12.796 , 149.03
12.796 , 149.05
12.797 , 149.05
12.798 , 149.03
12.799 , 149.05
12.8 , 149.05
12.8 , 149.03
12.801 , 149.03
12.802 , 149.03
12.803 , 149.05
12.804 , 149.03
12.804 , 149.03
12.805 , 149.03
12.806 , 149.05
12.807 , 149.03
12.808 , 149.05
12.808 , 149.05
12.809 , 149.03
12.81 , 149.05
12.811 , 149.03
12.812 , 149.03
12.812 , 148.98
12.813 , 149.03
12.814 , 148.98
12.815 , 149.03
12.816 , 148.98
12.816 , 148.98
12.817 , 149.03
12.818 , 149.03
12.819 , 149.03
12.82 , 149.05
12.821 , 149.03
12.821 , 148.98
12.822 , 148.98
12.823 , 149.03
12.824 , 148.98
12.825 , 149.03
12.825 , 149.05
12.826 , 148.98
12.827 , 149.03
12.828 , 149.05
12.829 , 148.96
12.829 , 149.03
12.83 , 149.03
12.831 , 149.05
12.832 , 149.05
12.833 , 148.98
12.833 , 149.03
12.834 , 148.98
12.835 , 149.03
12.836 , 149.03
12.837 , 148.96
12.837 , 149.03
12.838 , 149.03
12.839 , 149.05
12.84 , 149.05
12.841 , 149.03
12.841 , 148.98
12.842 , 148.98
12.843 , 149.03
12.844 , 149.05
12.845 , 149.03
12.845 , 149.03
12.846 , 148.98
12.847 , 149.03
12.848 , 149.03
12.849 , 149.03
12.85 , 149.03
12.85 , 148.98
12.851 , 149.03
12.852 , 148.98
12.861 , 149.03
12.862 , 149.03
12.862 , 148.98
12.863 , 149.03
12.864 , 148.98
12.865 , 149.03
12.866 , 148.98
12.866 , 148.98
12.867 , 149.03
12.868 , 149.03
12.869 , 148.98
12.87 , 148.98
12.871 , 148.98
12.871 , 148.98
12.872 , 148.98
12.873 , 149.03
12.874 , 148.98
12.875 , 148.96
12.876 , 148.98
12.876 , 148.98
12.877 , 149.03
12.878 , 148.98
12.879 , 148.98
12.88 , 149.03
12.88 , 148.98
12.881 , 148.98
12.882 , 148.98
12.883 , 148.98
12.884 , 148.98
12.885 , 149.03
12.885 , 148.96
12.886 , 148.98
12.887 , 149.03
12.888 , 148.98
12.889 , 148.98
12.89 , 149.03
12.89 , 148.98
12.891 , 148.98
12.892 , 149.03
12.893 , 149.05
12.894 , 149.03
12.895 , 149.03
12.895 , 149.05
12.896 , 149.03
12.897 , 149.03
12.898 , 149.03
12.899 , 149.03
12.899 , 149.03
12.9 , 149.03
12.901 , 149.03
12.902 , 149.05
12.902 , 148.96
12.903 , 149.03
12.904 , 148.98
12.905 , 149.03
12.906 , 148.98
12.906 , 149.03
12.907 , 148.98
12.908 , 149.03
12.909 , 149.03
12.91 , 148.98
12.911 , 148.98
12.911 , 149.03
12.912 , 149.03
12.913 , 149.03
12.914 , 148.98
12.915 , 148.98
12.916 , 149.03
12.916 , 149.03
12.917 , 148.98
12.918 , 149.05
12.919 , 149.03
12.92 , 148.98
12.92 , 148.98
12.921 , 149.03
12.922 , 149.03
12.923 , 148.98
12.924 , 149.03
12.924 , 148.98
12.925 , 149.03
12.926 , 148.98
12.927 , 149.03
12.928 , 149.03
12.929 , 149.03
12.929 , 149.03
12.93 , 149.03
12.931 , 148.98
12.932 , 149.03
12.933 , 148.98
12.933 , 149.03
12.934 , 149.03
12.935 , 148.96
12.936 , 148.98
12.937 , 148.98
12.938 , 148.98
12.938 , 148.98
12.939 , 148.98
12.94 , 148.98
12.941 , 149.03
12.942 , 148.98
12.943 , 148.98
12.943 , 148.98
12.944 , 148.98
12.945 , 148.98
12.946 , 149.03
12.947 , 148.98
12.948 , 149.03
12.948 , 148.98
12.949 , 148.98
12.95 , 148.96
12.951 , 148.98
12.952 , 148.98
12.953 , 148.98
12.953 , 148.98
12.954 , 148.98
12.955 , 148.98
12.956 , 149.03
12.957 , 148.98
12.958 , 148.98
12.958 , 148.98
12.959 , 148.98
12.96 , 148.98
12.961 , 149.03
12.962 , 148.98
12.963 , 148.98
12.963 , 148.96
12.964 , 148.98
12.965 , 148.98
12.966 , 149.03
12.967 , 148.98
12.967 , 149.03
12.968 , 149.03
12.969 , 148.98
12.97 , 149.03
12.971 , 148.96
12.972 , 149.03
12.972 , 148.98
12.973 , 148.98
12.974 , 148.98
12.975 , 148.98
12.976 , 148.98
12.976 , 148.98
12.977 , 148.98
12.978 , 149.03
12.979 , 149.03
12.98 , 148.98
12.981 , 148.96
12.981 , 148.98
12.982 , 148.98
12.983 , 148.96
12.984 , 148.96
12.985 , 148.96
12.986 , 148.96
12.986 , 148.96
12.987 , 148.98
12.988 , 148.96
12.989 , 148.98
12.99 , 148.96
12.99 , 148.98
12.991 , 148.98
12.992 , 148.96
12.993 , 148.98
12.994 , 148.96
12.995 , 148.96
12.995 , 148.96
12.996 , 148.94
12.997 , 148.96
12.998 , 148.96
12.999 , 148.94
12.999 , 148.94
13.0 , 148.96
13.001 , 148.96
13.002 , 148.96
13.003 , 148.94
13.003 , 148.94
13.004 , 148.96
13.005 , 148.89
13.006 , 148.94
13.006 , 148.94
13.007 , 148.94
13.008 , 148.94
13.009 , 148.94
13.01 , 148.94
13.01 , 148.94
13.011 , 148.94
13.012 , 148.96
13.013 , 148.96
13.013 , 148.96
13.014 , 148.94
13.015 , 148.94
13.016 , 148.94
13.017 , 148.94
13.017 , 148.96
13.018 , 148.94
13.019 , 148.89
13.02 , 148.96
13.02 , 148.94
13.021 , 148.94
13.022 , 148.94
13.023 , 148.94
13.023 , 148.94
13.024 , 148.94
13.025 , 148.94
13.026 , 148.94
13.027 , 148.94
13.027 , 148.94
13.028 , 148.94
13.029 , 148.89
13.03 , 148.89
13.031 , 148.89
13.031 , 148.94
13.032 , 148.94
13.033 , 148.96
13.034 , 148.89
13.035 , 148.94
13.035 , 148.89
13.036 , 148.89
13.037 , 148.94
13.038 , 148.94
13.039 , 148.89
13.039 , 148.94
13.04 , 148.89
13.041 , 148.89
13.042 , 148.89
13.043 , 148.89
13.043 , 148.89
13.044 , 148.87
13.045 , 148.89
13.046 , 148.89
13.047 , 148.94
13.048 , 148.87
13.048 , 148.82
13.049 , 148.94
13.05 , 148.87
13.051 , 148.89
13.052 , 148.89
13.052 , 148.87
13.053 , 148.87
13.054 , 148.89
13.055 , 148.89
13.056 , 148.87
13.056 , 148.87
13.057 , 148.82
13.058 , 148.87
13.059 , 148.87
13.06 , 148.87
13.061 , 148.87
13.061 , 148.89
13.062 , 148.87
13.063 , 148.87
13.064 , 148.82
13.065 , 148.87
13.066 , 148.87
13.066 , 148.87
13.067 , 148.87
13.068 , 148.87
13.069 , 148.89
13.07 , 148.87
13.071 , 148.89
13.071 , 148.87
13.072 , 148.89
13.073 , 148.87
13.074 , 148.87
13.075 , 148.87
13.075 , 148.87
13.076 , 148.87
13.077 , 148.87
13.078 , 148.87
13.079 , 148.87
13.08 , 148.87
13.08 , 148.82
13.081 , 148.87
13.082 , 148.87
13.083 , 148.87
13.084 , 148.87
13.085 , 148.87
13.085 , 148.82
13.086 , 148.87
13.087 , 148.89
13.088 , 148.89
13.089 , 148.87
13.089 , 148.89
13.09 , 148.87
13.091 , 148.87
13.092 , 148.87
13.093 , 148.87
13.093 , 148.87
13.094 , 148.87
13.095 , 148.87
13.096 , 148.82
13.097 , 148.87
13.097 , 148.87
13.098 , 148.87
13.099 , 148.82
13.1 , 148.87
13.101 , 148.87
13.102 , 148.87
13.102 , 148.87
13.103 , 148.87
13.104 , 148.87
13.105 , 148.87
13.106 , 148.87
13.106 , 148.87
13.107 , 148.87
13.108 , 148.82
13.109 , 148.87
13.11 , 148.82
13.11 , 148.87
13.111 , 148.82
13.112 , 148.82
13.113 , 148.82
13.114 , 148.87
13.114 , 148.87
13.115 , 148.87
13.116 , 148.87
13.117 , 148.82
13.118 , 148.87
13.118 , 148.82
13.119 , 148.8
13.12 , 148.87
13.121 , 148.87
13.122 , 148.87
13.122 , 148.82
13.123 , 148.82
13.124 , 148.82
13.125 , 148.87
13.125 , 148.87
13.126 , 148.87
13.127 , 148.82
13.128 , 148.87
13.129 , 148.87
13.13 , 148.8
13.13 , 148.8
13.131 , 148.82
13.132 , 148.82
13.133 , 148.82
13.133 , 148.82
13.134 , 148.82
13.135 , 148.87
13.136 , 148.82
13.136 , 148.82
13.137 , 148.82
13.138 , 148.8
13.139 , 148.82
13.14 , 148.82
13.14 , 148.8
13.141 , 148.82
13.142 , 148.8
13.143 , 148.82
13.143 , 148.87
13.144 , 148.82
13.145 , 148.82
13.146 , 148.82
13.147 , 148.8
13.147 , 148.82
13.148 , 148.82
13.149 , 148.82
13.15 , 148.82
13.15 , 148.87
13.151 , 148.87
13.152 , 148.87
13.153 , 148.89
13.154 , 148.89
13.155 , 148.87
13.155 , 148.82
13.156 , 148.89
13.157 , 148.87
13.158 , 148.82
13.159 , 148.87
13.159 , 148.87
13.16 , 148.89
13.161 , 148.87
13.162 , 148.82
13.163 , 148.87
13.164 , 148.82
13.164 , 148.87
13.165 , 148.82
13.166 , 148.87
13.167 , 148.87
13.168 , 148.82
13.168 , 148.87
13.169 , 148.87
13.17 , 148.87
13.171 , 148.87
13.172 , 148.82
13.172 , 148.87
13.173 , 148.87
13.174 , 148.82
13.175 , 148.87
13.176 , 148.87
13.177 , 148.87
13.177 , 148.87
13.178 , 148.82
13.179 , 148.87
13.18 , 148.87
13.18 , 148.82
13.181 , 148.87
13.182 , 148.82
13.183 , 148.82
13.184 , 148.82
13.184 , 148.87
13.185 , 148.87
13.186 , 148.87
13.187 , 148.87
13.188 , 148.87
13.189 , 148.87
13.189 , 148.82
13.19 , 148.82
13.191 , 148.82
13.192 , 148.87
13.192 , 148.87
13.193 , 148.82
13.194 , 148.82
13.195 , 148.8
13.196 , 148.87
13.196 , 148.87
13.197 , 148.87
13.198 , 148.82
13.199 , 148.87
13.2 , 148.87
13.201 , 148.82
13.201 , 148.82
13.202 , 148.8
13.203 , 148.82
13.204 , 148.82
13.204 , 148.89
13.205 , 148.87
13.206 , 148.87
13.207 , 148.89
13.208 , 148.89
13.208 , 148.87
13.209 , 148.82
13.21 , 148.87
13.211 , 148.87
13.212 , 148.89
13.212 , 148.89
13.213 , 148.89
13.214 , 148.89
13.215 , 148.89
13.216 , 148.89
13.217 , 148.82
13.217 , 148.87
13.218 , 148.82
13.219 , 148.89
13.22 , 148.87
13.221 , 148.87
13.221 , 148.82
13.222 , 148.82
13.223 , 148.82
13.224 , 148.87
13.224 , 148.87
13.225 , 148.87
13.226 , 148.87
13.227 , 148.82
13.228 , 148.87
13.229 , 148.82
13.229 , 148.89
13.23 , 148.89
13.231 , 148.87
13.232 , 148.82
13.233 , 148.87
13.233 , 148.87
13.234 , 148.87
13.235 , 148.87
13.236 , 148.89
13.237 , 148.87
13.238 , 148.87
13.238 , 148.82
13.239 , 148.82
13.24 , 148.87
13.241 , 148.89
13.242 , 148.87
13.242 , 148.87
13.243 , 148.87
13.244 , 148.87
13.245 , 148.82
13.246 , 148.89
13.246 , 148.82
13.247 , 148.87
13.248 , 148.87
13.249 , 148.87
13.25 , 148.82
13.25 , 148.87
13.251 , 148.87
13.252 , 148.87
13.253 , 148.87
13.254 , 148.82
13.255 , 148.82
13.255 , 148.82
13.256 , 148.87
13.257 , 148.82
13.258 , 148.87
13.258 , 148.82
13.259 , 148.82
13.26 , 148.87
13.261 , 148.82
13.262 , 148.82
13.262 , 148.87
13.263 , 148.87
13.264 , 148.89
13.265 , 148.87
13.266 , 148.82
13.266 , 148.82
13.267 , 148.82
13.268 , 148.82
13.269 , 148.82
13.27 , 148.87
13.27 , 148.87
13.271 , 148.87
13.272 , 148.82
13.273 , 148.87
13.274 , 148.8
13.274 , 148.82
13.275 , 148.87
13.276 , 148.82
13.277 , 148.82
13.278 , 148.82
13.278 , 148.82
13.279 , 148.87
13.28 , 148.82
13.281 , 148.8
13.282 , 148.82
13.282 , 148.87
13.283 , 148.87
13.284 , 148.8
13.285 , 148.82
13.286 , 148.82
13.286 , 148.82
13.287 , 148.82
13.288 , 148.82
13.289 , 148.82
13.289 , 148.87
13.29 , 148.82
13.291 , 148.87
13.292 , 148.8
13.293 , 148.82
13.294 , 148.87
13.294 , 148.82
13.295 , 148.82
13.296 , 148.82
13.297 , 148.82
13.298 , 148.8
13.298 , 148.82
13.299 , 148.82
13.3 , 148.82
13.301 , 148.8
13.301 , 148.82
13.302 , 148.82
13.303 , 148.82
13.304 , 148.87
13.305 , 148.8
13.305 , 148.87
13.306 , 148.82
13.307 , 148.8
13.308 , 148.82
13.309 , 148.8
13.309 , 148.8
13.31 , 148.75
13.311 , 148.8
13.312 , 148.8
13.312 , 148.8
13.313 , 148.8
13.314 , 148.8
13.315 , 148.8
13.315 , 148.8
13.316 , 148.75
13.317 , 148.8
13.318 , 148.75
13.318 , 148.8
13.319 , 148.75
13.32 , 148.75
13.321 , 148.8
13.322 , 148.8
13.322 , 148.8
13.323 , 148.8
13.324 , 148.8
13.325 , 148.8
13.326 , 148.82
13.326 , 148.75
13.327 , 148.8
13.328 , 148.75
13.329 , 148.75
13.329 , 148.8
13.33 , 148.8
13.331 , 148.8
13.332 , 148.75
13.332 , 148.8
13.333 , 148.8
13.334 , 148.8
13.335 , 148.8
13.336 , 148.82
13.336 , 148.75
13.337 , 148.75
13.338 , 148.8
13.339 , 148.8
13.339 , 148.75
13.34 , 148.8
13.341 , 148.75
13.342 , 148.82
13.343 , 148.75
13.343 , 148.73
13.344 , 148.73
13.345 , 148.75
13.346 , 148.8
13.346 , 148.82
13.347 , 148.75
13.348 , 148.8
13.349 , 148.8
13.35 , 148.75
13.35 , 148.75
13.351 , 148.75
13.352 , 148.8
13.353 , 148.75
13.353 , 148.75
13.354 , 148.8
13.355 , 148.8
13.356 , 148.75
13.357 , 148.8
13.357 , 148.75
13.358 , 148.8
13.359 , 148.8
13.36 , 148.8
13.361 , 148.75
13.361 , 148.8
13.362 , 148.75
13.363 , 148.75
13.364 , 148.8
13.364 , 148.8
13.365 , 148.8
13.366 , 148.8
13.367 , 148.75
13.367 , 148.8
13.368 , 148.73
13.369 , 148.75
13.37 , 148.75
13.371 , 148.8
13.371 , 148.75
13.372 , 148.8
13.373 , 148.75
13.374 , 148.75
13.375 , 148.8
13.375 , 148.75
13.376 , 148.8
13.377 , 148.75
13.378 , 148.75
13.378 , 148.75
13.379 , 148.8
13.38 , 148.75
13.381 , 148.75
13.382 , 148.75
13.382 , 148.75
13.383 , 148.75
13.384 , 148.75
13.385 , 148.75
13.385 , 148.75
13.386 , 148.73
13.387 , 148.75
13.388 , 148.8
13.389 , 148.75
13.389 , 148.75
13.39 , 148.75
13.391 , 148.75
13.392 , 148.75
13.393 , 148.75
13.393 , 148.75
13.394 , 148.75
13.395 , 148.8
13.396 , 148.75
13.397 , 148.73
13.397 , 148.75
13.398 , 148.75
13.399 , 148.73
13.4 , 148.8
13.401 , 148.75
13.401 , 148.75
13.402 , 148.73
13.403 , 148.73
13.404 , 148.75
13.405 , 148.75
13.405 , 148.73
13.406 , 148.75
13.407 , 148.75
13.408 , 148.75
13.408 , 148.75
13.409 , 148.75
13.41 , 148.75
13.411 , 148.75
13.412 , 148.8
13.412 , 148.8
13.413 , 148.75
13.414 , 148.8
13.415 , 148.75
13.415 , 148.8
13.416 , 148.8
13.417 , 148.8
13.418 , 148.8
13.419 , 148.8
13.419 , 148.8
13.42 , 148.75
13.421 , 148.8
13.422 , 148.75
13.423 , 148.75
13.423 , 148.75
13.424 , 148.8
13.425 , 148.8
13.426 , 148.8
13.426 , 148.75
13.427 , 148.8
13.428 , 148.8
13.429 , 148.75
13.429 , 148.75
13.43 , 148.75
13.431 , 148.8
13.432 , 148.75
13.433 , 148.8
13.433 , 148.8
13.434 , 148.73
13.435 , 148.75
13.436 , 148.75
13.437 , 148.8
13.437 , 148.75
13.438 , 148.8
13.439 , 148.82
13.44 , 148.75
13.44 , 148.8
13.441 , 148.75
13.442 , 148.75
13.443 , 148.75
13.444 , 148.8
13.444 , 148.75
13.445 , 148.75
13.446 , 148.75
13.447 , 148.75
13.447 , 148.75
13.448 , 148.75
13.449 , 148.75
13.45 , 148.75
13.451 , 148.75
13.451 , 148.8
13.452 , 148.75
13.453 , 148.75
13.454 , 148.73
13.455 , 148.75
13.455 , 148.73
13.456 , 148.75
13.457 , 148.75
13.458 , 148.75
13.459 , 148.8
13.459 , 148.75
13.46 , 148.75
13.461 , 148.75
13.462 , 148.75
13.462 , 148.75
13.463 , 148.75
13.464 , 148.75
13.465 , 148.8
13.466 , 148.8
13.466 , 148.75
13.467 , 148.8
13.468 , 148.75
13.469 , 148.8
13.469 , 148.75
13.47 , 148.75
13.471 , 148.75
13.472 , 148.75
13.473 , 148.75
13.473 , 148.8
13.474 , 148.75
13.475 , 148.75
13.476 , 148.75
13.477 , 148.75
13.477 , 148.75
13.478 , 148.75
13.479 , 148.75
13.48 , 148.75
13.481 , 148.73
13.481 , 148.75
13.482 , 148.75
13.483 , 148.75
13.484 , 148.75
13.485 , 148.73
13.485 , 148.75
13.486 , 148.73
13.487 , 148.8
13.488 , 148.75
13.489 , 148.75
13.489 , 148.8
13.49 , 148.75
13.491 , 148.8
13.492 , 148.73
13.493 , 148.73
13.493 , 148.75
13.494 , 148.73
13.495 , 148.75
13.496 , 148.75
13.497 , 148.75
13.497 , 148.75
13.498 , 148.75
13.499 , 148.73
13.5 , 148.8
13.5 , 148.75
13.501 , 148.75
13.502 , 148.73
13.503 , 148.75
13.504 , 148.73
13.504 , 148.73
13.505 , 148.75
13.506 , 148.75
13.507 , 148.75
13.508 , 148.73
13.508 , 148.75
13.509 , 148.73
13.51 , 148.75
13.511 , 148.75
13.512 , 148.73
13.512 , 148.73
13.513 , 148.73
13.514 , 148.75
13.515 , 148.66
13.515 , 148.68
13.516 , 148.68
13.517 , 148.73
13.518 , 148.68
13.519 , 148.73
13.52 , 148.68
13.52 , 148.68
13.521 , 148.68
13.522 , 148.73
13.523 , 148.68
13.524 , 148.68
13.524 , 148.73
13.525 , 148.73
13.526 , 148.68
13.527 , 148.73
13.528 , 148.68
13.529 , 148.68
13.529 , 148.68
13.53 , 148.68
13.531 , 148.68
13.532 , 148.73
13.533 , 148.68
13.533 , 148.68
13.534 , 148.73
13.535 , 148.73
13.536 , 148.66
13.537 , 148.73
13.538 , 148.66
13.538 , 148.68
13.539 , 148.68
13.54 , 148.73
13.541 , 148.68
13.542 , 148.68
13.542 , 148.73
13.543 , 148.68
13.544 , 148.68
13.545 , 148.66
13.546 , 148.68
13.547 , 148.68
13.547 , 148.68
13.548 , 148.68
13.549 , 148.68
13.55 , 148.73
13.551 , 148.73
13.552 , 148.68
13.552 , 148.68
13.553 , 148.68
13.554 , 148.73
13.555 , 148.68
13.556 , 148.68
13.556 , 148.68
13.557 , 148.68
13.558 , 148.68
13.559 , 148.68
13.56 , 148.68
13.561 , 148.68
13.561 , 148.68
13.562 , 148.68
13.563 , 148.68
13.564 , 148.66
13.565 , 148.68
13.566 , 148.68
13.566 , 148.66
13.567 , 148.66
13.568 , 148.66
13.569 , 148.66
13.57 , 148.68
13.57 , 148.68
13.571 , 148.68
13.572 , 148.66
13.573 , 148.66
13.574 , 148.66
13.574 , 148.66
13.575 , 148.66
13.576 , 148.68
13.577 , 148.66
13.578 , 148.66
13.578 , 148.68
13.579 , 148.66
13.58 , 148.66
13.581 , 148.66
13.582 , 148.66
13.582 , 148.68
13.583 , 148.68
13.584 , 148.68
13.585 , 148.68
13.586 , 148.66
13.586 , 148.66
13.587 , 148.66
13.588 , 148.66
13.589 , 148.66
13.59 , 148.64
13.59 , 148.68
13.591 , 148.68
13.592 , 148.68
13.593 , 148.68
13.594 , 148.66
13.595 , 148.66
13.595 , 148.66
13.596 , 148.68
13.597 , 148.66
13.598 , 148.68
13.599 , 148.68
13.599 , 148.66
13.6 , 148.68
13.601 , 148.66
13.602 , 148.68
13.603 , 148.66
13.603 , 148.66
13.604 , 148.68
13.605 , 148.66
13.606 , 148.68
13.607 , 148.66
13.607 , 148.66
13.608 , 148.66
13.609 , 148.68
13.61 , 148.66
13.611 , 148.66
13.611 , 148.68
13.612 , 148.66
13.613 , 148.64
13.614 , 148.68
13.615 , 148.68
13.615 , 148.68
13.616 , 148.64
13.617 , 148.66
13.618 , 148.68
13.619 , 148.66
13.619 , 148.66
13.62 , 148.66
13.621 , 148.66
13.622 , 148.68
13.623 , 148.68
13.623 , 148.66
13.624 , 148.66
13.625 , 148.64
13.626 , 148.66
13.626 , 148.66
13.627 , 148.66
13.628 , 148.68
13.629 , 148.66
13.63 , 148.66
13.63 , 148.66
13.631 , 148.66
13.632 , 148.68
13.633 , 148.66
13.634 , 148.68
13.634 , 148.68
13.635 , 148.64
13.636 , 148.66
13.637 , 148.66
13.638 , 148.64
13.638 , 148.66
13.639 , 148.68
13.64 , 148.66
13.641 , 148.64
13.642 , 148.66
13.642 , 148.66
13.643 , 148.66
13.644 , 148.66
13.645 , 148.66
13.646 , 148.66
13.646 , 148.68
13.647 , 148.64
13.648 , 148.68
13.649 , 148.66
13.65 , 148.66
13.651 , 148.64
13.651 , 148.64
13.652 , 148.66
13.653 , 148.66
13.654 , 148.66
13.654 , 148.66
13.655 , 148.66
13.656 , 148.64
13.657 , 148.66
13.658 , 148.66
13.658 , 148.66
13.659 , 148.66
13.66 , 148.66
13.661 , 148.66
13.662 , 148.59
13.662 , 148.66
13.663 , 148.66
13.664 , 148.66
13.665 , 148.64
13.666 , 148.64
13.666 , 148.64
13.667 , 148.64
13.668 , 148.64
13.669 , 148.66
13.67 , 148.64
13.671 , 148.66
13.671 , 148.66
13.672 , 148.66
13.673 , 148.66
13.674 , 148.64
13.675 , 148.64
13.675 , 148.66
13.676 , 148.64
13.677 , 148.59
13.678 , 148.64
13.679 , 148.64
13.679 , 148.64
13.68 , 148.64
13.681 , 148.64
13.682 , 148.64
13.683 , 148.64
13.684 , 148.64
13.684 , 148.64
13.685 , 148.64
13.686 , 148.64
13.687 , 148.66
13.688 , 148.64
13.688 , 148.66
13.689 , 148.66
13.69 , 148.59
13.691 , 148.64
13.692 , 148.66
13.693 , 148.64
13.693 , 148.64
13.694 , 148.66
13.695 , 148.64
13.696 , 148.64
13.697 , 148.64
13.698 , 148.64
13.698 , 148.64
13.699 , 148.64
13.7 , 148.59
13.701 , 148.64
13.702 , 148.59
13.703 , 148.66
13.703 , 148.59
13.704 , 148.59
13.705 , 148.66
13.706 , 148.66
13.706 , 148.66
13.707 , 148.59
13.708 , 148.64
13.709 , 148.64
13.71 , 148.64
13.71 , 148.64
13.711 , 148.66
13.712 , 148.66
13.713 , 148.64
13.714 , 148.64
13.714 , 148.64
13.715 , 148.64
13.716 , 148.64
13.717 , 148.64
13.718 , 148.59
13.719 , 148.64
13.719 , 148.59
13.72 , 148.64
13.721 , 148.59
13.722 , 148.57
13.723 , 148.57
13.723 , 148.59
13.724 , 148.59
13.725 , 148.57
13.726 , 148.59
13.727 , 148.64
13.728 , 148.59
13.728 , 148.59
13.729 , 148.57
13.73 , 148.64
13.731 , 148.59
13.732 , 148.57
13.732 , 148.57
13.733 , 148.59
13.734 , 148.64
13.735 , 148.59
13.736 , 148.59
13.737 , 148.57
13.737 , 148.59
13.738 , 148.59
13.739 , 148.59
13.74 , 148.59
13.741 , 148.57
13.741 , 148.59
13.742 , 148.57
13.743 , 148.59
13.744 , 148.57
13.745 , 148.57
13.745 , 148.59
13.746 , 148.59
13.747 , 148.59
13.748 , 148.57
13.749 , 148.57
13.75 , 148.57
13.75 , 148.57
13.751 , 148.59
13.752 , 148.57
13.753 , 148.57
13.753 , 148.59
13.754 , 148.59
13.755 , 148.52
13.756 , 148.57
13.757 , 148.57
13.757 , 148.57
13.758 , 148.59
13.759 , 148.57
13.76 , 148.59
13.761 , 148.59
13.762 , 148.59
13.762 , 148.57
13.763 , 148.59
13.764 , 148.59
13.765 , 148.57
13.766 , 148.59
13.766 , 148.59
13.767 , 148.59
13.768 , 148.57
13.769 , 148.57
13.77 , 148.57
13.77 , 148.57
13.771 , 148.57
13.772 , 148.57
13.773 , 148.57
13.774 , 148.59
13.774 , 148.57
13.775 , 148.57
13.776 , 148.59
13.777 , 148.57
13.778 , 148.57
13.778 , 148.59
13.779 , 148.59
13.78 , 148.59
13.781 , 148.59
13.782 , 148.57
13.782 , 148.52
13.783 , 148.59
13.784 , 148.64
13.785 , 148.59
13.786 , 148.57
13.787 , 148.59
13.787 , 148.57
13.788 , 148.57
13.789 , 148.57
13.79 , 148.59
13.791 , 148.59
13.792 , 148.57
13.792 , 148.59
13.793 , 148.52
13.794 , 148.57
13.795 , 148.57
13.796 , 148.57
13.796 , 148.59
13.797 , 148.57
13.798 , 148.57
13.799 , 148.52
13.8 , 148.57
13.8 , 148.57
13.801 , 148.59
13.802 , 148.52
13.803 , 148.59
13.803 , 148.57
13.804 , 148.59
13.805 , 148.57
13.806 , 148.57
13.807 , 148.57
13.807 , 148.59
13.808 , 148.57
13.809 , 148.57
13.81 , 148.57
13.811 , 148.57
13.811 , 148.52
13.812 , 148.57
13.813 , 148.59
13.814 , 148.57
13.814 , 148.59
13.815 , 148.59
13.816 , 148.52
13.817 , 148.52
13.818 , 148.57
13.818 , 148.57
13.819 , 148.52
13.82 , 148.52
13.821 , 148.57
13.822 , 148.52
13.822 , 148.52
13.823 , 148.57
13.824 , 148.59
13.825 , 148.57
13.826 , 148.57
13.826 , 148.59
13.827 , 148.57
13.828 , 148.59
13.829 , 148.59
13.83 , 148.59
13.83 , 148.59
13.831 , 148.57
13.832 , 148.57
13.833 , 148.57
13.834 , 148.59
13.834 , 148.57
13.835 , 148.57
13.836 , 148.57
13.837 , 148.57
13.838 , 148.59
13.838 , 148.57
13.839 , 148.57
13.84 , 148.57
13.841 , 148.57
13.842 , 148.59
13.842 , 148.57
13.843 , 148.57
13.844 , 148.57
13.845 , 148.57
13.846 , 148.59
13.846 , 148.59
13.847 , 148.57
13.848 , 148.57
13.849 , 148.57
13.85 , 148.57
13.85 , 148.57
13.851 , 148.57
13.852 , 148.57
13.853 , 148.57
13.854 , 148.57
13.854 , 148.57
13.855 , 148.52
13.856 , 148.59
13.857 , 148.59
13.858 , 148.57
13.858 , 148.57
13.859 , 148.59
13.86 , 148.57
13.861 , 148.57
13.862 , 148.57
13.862 , 148.52
13.863 , 148.57
13.864 , 148.59
13.865 , 148.57
13.866 , 148.57
13.866 , 148.57
13.867 , 148.57
13.868 , 148.52
13.869 , 148.57
13.87 , 148.57
13.87 , 148.57
13.871 , 148.57
13.872 , 148.57
13.873 , 148.57
13.874 , 148.52
13.874 , 148.59
13.875 , 148.52
13.876 , 148.57
13.877 , 148.57
13.878 , 148.57
13.878 , 148.57
13.879 , 148.57
13.88 , 148.52
13.881 , 148.52
13.881 , 148.57
13.882 , 148.57
13.883 , 148.57
13.884 , 148.59
13.885 , 148.59
13.886 , 148.57
13.886 , 148.59
13.887 , 148.52
13.888 , 148.57
13.889 , 148.59
13.89 , 148.52
13.89 , 148.57
13.891 , 148.52
13.892 , 148.52
13.893 , 148.52
13.894 , 148.57
13.894 , 148.57
13.895 , 148.57
13.896 , 148.57
13.897 , 148.57
13.898 , 148.57
13.898 , 148.57
13.899 , 148.52
13.9 , 148.57
13.901 , 148.57
13.901 , 148.57
13.902 , 148.57
13.903 , 148.57
13.904 , 148.57
13.905 , 148.57
13.905 , 148.57
13.906 , 148.57
13.907 , 148.57
13.908 , 148.57
13.909 , 148.52
13.909 , 148.57
13.91 , 148.57
13.911 , 148.57
13.912 , 148.57
13.912 , 148.52
13.913 , 148.57
13.914 , 148.52
13.915 , 148.57
13.916 , 148.57
13.916 , 148.59
13.917 , 148.52
13.918 , 148.52
13.919 , 148.57
13.92 , 148.52
13.92 , 148.52
13.921 , 148.57
13.922 , 148.57
13.923 , 148.52
13.923 , 148.57
13.924 , 148.52
13.925 , 148.57
13.926 , 148.57
13.927 , 148.52
13.927 , 148.57
13.928 , 148.52
13.929 , 148.52
13.93 , 148.52
13.93 , 148.57
13.931 , 148.57
13.932 , 148.52
13.933 , 148.57
13.934 , 148.52
13.934 , 148.57
13.935 , 148.57
13.936 , 148.52
13.937 , 148.52
13.937 , 148.52
13.938 , 148.52
13.939 , 148.57
13.94 , 148.57
13.941 , 148.52
13.941 , 148.57
13.942 , 148.57
13.943 , 148.5
13.944 , 148.52
13.945 , 148.52
13.945 , 148.52
13.946 , 148.52
13.947 , 148.52
13.948 , 148.57
13.949 , 148.52
13.949 , 148.57
13.95 , 148.57
13.951 , 148.52
13.952 , 148.57
13.952 , 148.52
13.953 , 148.52
13.954 , 148.5
13.955 , 148.57
13.956 , 148.52
13.956 , 148.52
13.957 , 148.57
13.958 , 148.52
13.959 , 148.52
13.96 , 148.5
13.96 , 148.52
13.961 , 148.5
13.962 , 148.5
13.963 , 148.52
13.963 , 148.52
13.964 , 148.5
13.965 , 148.52
13.966 , 148.57
13.967 , 148.52
13.967 , 148.57
13.968 , 148.52
13.969 , 148.52
13.97 , 148.57
13.97 , 148.52
13.971 , 148.57
13.972 , 148.52
13.973 , 148.52
13.974 , 148.52
13.974 , 148.57
13.975 , 148.57
13.976 , 148.52
13.977 , 148.5
13.977 , 148.52
13.978 , 148.52
13.979 , 148.52
13.98 , 148.5
13.981 , 148.5
13.981 , 148.52
13.982 , 148.52
13.983 , 148.52
13.984 , 148.5
13.985 , 148.5
13.985 , 148.52
13.986 , 148.52
13.987 , 148.52
13.988 , 148.5
13.989 , 148.52
13.989 , 148.52
13.99 , 148.52
13.991 , 148.52
13.992 , 148.5
13.993 , 148.52
13.993 , 148.52
13.994 , 148.52
13.995 , 148.5
13.996 , 148.52
13.996 , 148.52
13.997 , 148.52
13.998 , 148.52
13.999 , 148.52
14.0 , 148.5
14.0 , 148.52
14.001 , 148.5
14.002 , 148.5
14.003 , 148.52
14.003 , 148.5
14.004 , 148.5
14.005 , 148.52
14.006 , 148.52
14.006 , 148.5
14.007 , 148.5
14.008 , 148.52
14.009 , 148.52
14.009 , 148.52
14.01 , 148.52
14.011 , 148.52
14.012 , 148.52
14.013 , 148.52
14.013 , 148.52
14.014 , 148.52
14.015 , 148.52
14.016 , 148.57
14.016 , 148.52
14.017 , 148.5
14.018 , 148.5
14.019 , 148.52
14.02 , 148.5
14.02 , 148.52
14.021 , 148.5
14.022 , 148.5
14.023 , 148.52
14.023 , 148.5
14.024 , 148.5
14.025 , 148.52
14.026 , 148.5
14.026 , 148.52
14.027 , 148.5
14.028 , 148.46
14.029 , 148.5
14.029 , 148.5
14.03 , 148.52
14.031 , 148.46
14.032 , 148.5
14.032 , 148.52
14.033 , 148.57
14.034 , 148.52
14.035 , 148.52
14.036 , 148.57
14.036 , 148.52
14.037 , 148.52
14.038 , 148.57
14.039 , 148.52
14.039 , 148.52
14.04 , 148.52
14.041 , 148.57
14.042 , 148.52
14.043 , 148.57
14.043 , 148.52
14.044 , 148.52
14.045 , 148.57
14.046 , 148.52
14.046 , 148.52
14.047 , 148.52
14.048 , 148.52
14.049 , 148.52
14.05 , 148.52
14.05 , 148.52
14.051 , 148.52
14.052 , 148.52
14.053 , 148.52
14.053 , 148.57
14.054 , 148.52
14.055 , 148.52
14.056 , 148.52
14.056 , 148.5
14.057 , 148.52
14.058 , 148.52
14.059 , 148.52
14.06 , 148.52
14.06 , 148.52
14.061 , 148.52
14.062 , 148.52
14.063 , 148.57
14.063 , 148.52
14.064 , 148.52
14.065 , 148.57
14.066 , 148.52
14.066 , 148.57
14.067 , 148.5
14.068 , 148.52
14.069 , 148.52
14.07 , 148.5
14.07 , 148.5
14.071 , 148.52
14.072 , 148.52
14.073 , 148.52
14.074 , 148.5
14.074 , 148.5
14.075 , 148.52
14.076 , 148.52
14.077 , 148.57
14.077 , 148.52
14.078 , 148.5
14.079 , 148.52
14.08 , 148.52
14.081 , 148.5
14.081 , 148.52
14.082 , 148.52
14.083 , 148.5
14.084 , 148.52
14.084 , 148.5
14.085 , 148.52
14.086 , 148.52
14.087 , 148.5
14.088 , 148.52
14.088 , 148.46
14.089 , 148.52
14.09 , 148.5
14.091 , 148.5
14.091 , 148.52
14.092 , 148.52
14.101 , 148.52
14.102 , 148.52
14.102 , 148.52
14.103 , 148.46
14.104 , 148.5
14.105 , 148.5
14.105 , 148.5
14.106 , 148.52
14.107 , 148.5
14.108 , 148.5
14.109 , 148.52
14.109 , 148.5
14.11 , 148.5
14.111 , 148.5
14.112 , 148.52
14.112 , 148.5
14.113 , 148.5
14.114 , 148.5
14.115 , 148.5
14.115 , 148.52
14.116 , 148.5
14.117 , 148.5
14.118 , 148.5
14.118 , 148.52
14.119 , 148.52
14.12 , 148.52
14.121 , 148.5
14.121 , 148.5
14.122 , 148.52
14.123 , 148.5
14.124 , 148.52
14.125 , 148.5
14.125 , 148.5
14.126 , 148.5
14.127 , 148.5
14.128 , 148.5
14.128 , 148.5
14.129 , 148.52
14.13 , 148.5
14.131 , 148.52
14.131 , 148.52
14.132 , 148.52
14.133 , 148.52
14.134 , 148.5
14.135 , 148.52
14.135 , 148.52
14.136 , 148.5
14.137 , 148.46
14.138 , 148.46
14.138 , 148.5
14.139 , 148.46
14.14 , 148.46
14.141 , 148.5
14.142 , 148.46
14.142 , 148.5
14.143 , 148.43
14.144 , 148.46
14.145 , 148.46
14.145 , 148.46
14.146 , 148.5
14.147 , 148.46
14.148 , 148.46
14.148 , 148.46
14.149 , 148.46
14.15 , 148.5
14.151 , 148.43
14.152 , 148.5
14.152 , 148.5
14.153 , 148.46
14.154 , 148.5
14.155 , 148.5
14.155 , 148.46
14.156 , 148.46
14.157 , 148.5
14.158 , 148.46
14.159 , 148.46
14.159 , 148.46
14.16 , 148.5
14.161 , 148.46
14.162 , 148.46
14.162 , 148.46
14.163 , 148.46
14.164 , 148.46
14.165 , 148.43
14.166 , 148.46
14.166 , 148.46
14.167 , 148.46
14.168 , 148.46
14.169 , 148.46
14.169 , 148.46
14.17 , 148.5
14.171 , 148.46
14.172 , 148.43
14.173 , 148.46
14.173 , 148.46
14.174 , 148.43
14.175 , 148.46
14.176 , 148.46
14.176 , 148.43
14.177 , 148.46
14.178 , 148.46
14.179 , 148.46
14.18 , 148.43
14.18 , 148.5
14.181 , 148.43
14.182 , 148.5
14.183 , 148.43
14.184 , 148.5
14.184 , 148.46
14.185 , 148.43
14.186 , 148.43
14.187 , 148.43
14.188 , 148.43
14.188 , 148.46
14.189 , 148.43
14.19 , 148.46
14.191 , 148.46
14.192 , 148.46
14.192 , 148.46
14.193 , 148.46
14.194 , 148.46
14.195 , 148.46
14.196 , 148.46
14.196 , 148.46
14.197 , 148.5
14.198 , 148.46
14.199 , 148.43
14.199 , 148.46
14.2 , 148.46
14.201 , 148.46
14.202 , 148.43
14.203 , 148.43
14.203 , 148.43
14.204 , 148.46
14.205 , 148.46
14.206 , 148.46
14.206 , 148.46
14.207 , 148.46
14.208 , 148.43
14.209 , 148.46
14.21 , 148.43
14.21 , 148.46
14.211 , 148.46
14.212 , 148.43
14.213 , 148.46
14.214 , 148.46
14.214 , 148.43
14.215 , 148.43
14.216 , 148.46
14.217 , 148.46
14.217 , 148.46
14.218 , 148.46
14.219 , 148.46
14.22 , 148.43
14.221 , 148.46
14.221 , 148.43
14.222 , 148.46
14.223 , 148.43
14.224 , 148.46
14.224 , 148.46
14.225 , 148.46
14.226 , 148.46
14.227 , 148.46
14.228 , 148.46
14.228 , 148.46
14.229 , 148.5
14.23 , 148.46
14.231 , 148.46
14.232 , 148.46
14.232 , 148.43
14.233 , 148.43
14.234 , 148.43
14.235 , 148.43
14.236 , 148.41
14.236 , 148.5
14.237 , 148.46
14.238 , 148.43
14.239 , 148.46
14.239 , 148.46
14.24 , 148.46
14.241 , 148.43
14.242 , 148.46
14.243 , 148.43
14.243 , 148.43
14.244 , 148.43
14.245 , 148.43
14.246 , 148.43
14.247 , 148.43
14.247 , 148.43
14.248 , 148.46
14.249 , 148.43
14.25 , 148.43
14.251 , 148.43
14.251 , 148.46
14.252 , 148.46
14.253 , 148.41
14.254 , 148.46
14.254 , 148.43
14.255 , 148.43
14.256 , 148.46
14.257 , 148.46
14.258 , 148.43
14.259 , 148.43
14.259 , 148.46
14.26 , 148.43
14.261 , 148.43
14.262 , 148.43
14.263 , 148.43
14.263 , 148.43
14.264 , 148.46
14.265 , 148.43
14.266 , 148.46
14.267 , 148.43
14.267 , 148.43
14.268 , 148.46
14.269 , 148.46
14.27 , 148.46
14.271 , 148.43
14.271 , 148.46
14.272 , 148.46
14.273 , 148.46
14.274 , 148.46
14.275 , 148.43
14.275 , 148.43
14.276 , 148.43
14.277 , 148.43
14.278 , 148.41
14.279 , 148.43
14.279 , 148.43
14.28 , 148.43
14.281 , 148.43
14.282 , 148.41
14.283 , 148.43
14.284 , 148.43
14.284 , 148.43
14.285 , 148.43
14.286 , 148.43
14.287 , 148.46
14.288 , 148.43
14.288 , 148.43
14.289 , 148.46
14.29 , 148.43
14.291 , 148.43
14.292 , 148.43
14.292 , 148.46
14.293 , 148.46
14.294 , 148.43
14.295 , 148.43
14.296 , 148.43
14.296 , 148.43
14.297 , 148.43
14.298 , 148.43
14.299 , 148.43
14.3 , 148.43
14.3 , 148.43
14.301 , 148.43
14.302 , 148.41
14.303 , 148.41
14.304 , 148.41
14.304 , 148.43
14.305 , 148.43
14.306 , 148.43
14.307 , 148.43
14.308 , 148.43
14.308 , 148.43
14.309 , 148.43
14.31 , 148.41
14.311 , 148.43
14.312 , 148.43
14.312 , 148.43
14.313 , 148.43
14.314 , 148.41
14.315 , 148.41
14.316 , 148.43
14.316 , 148.41
14.317 , 148.46
14.318 , 148.43
14.319 , 148.43
14.32 , 148.43
14.32 , 148.43
14.321 , 148.43
14.322 , 148.43
14.323 , 148.46
14.324 , 148.43
14.325 , 148.43
14.325 , 148.43
14.326 , 148.43
14.327 , 148.43
14.328 , 148.41
14.329 , 148.46
14.329 , 148.43
14.33 , 148.41
14.331 , 148.41
14.332 , 148.41
14.332 , 148.43
14.333 , 148.43
14.334 , 148.46
14.335 , 148.43
14.336 , 148.41
14.336 , 148.43
14.337 , 148.41
14.338 , 148.41
14.339 , 148.41
14.34 , 148.36
14.34 , 148.43
14.341 , 148.43
14.342 , 148.41
14.343 , 148.41
14.343 , 148.41
14.344 , 148.43
14.345 , 148.43
14.346 , 148.43
14.347 , 148.46
14.347 , 148.43
14.348 , 148.46
14.349 , 148.46
14.35 , 148.46
14.351 , 148.46
14.351 , 148.43
14.352 , 148.46
14.353 , 148.46
14.354 , 148.46
14.355 , 148.43
14.355 , 148.46
14.356 , 148.41
14.357 , 148.46
14.358 , 148.43
14.359 , 148.43
14.359 , 148.43
14.36 , 148.46
14.361 , 148.46
14.362 , 148.46
14.363 , 148.43
14.363 , 148.43
14.364 , 148.43
14.365 , 148.43
14.366 , 148.46
14.367 , 148.43
14.367 , 148.43
14.368 , 148.43
14.369 , 148.43
14.37 , 148.46
14.371 , 148.46
14.371 , 148.43
14.372 , 148.41
14.373 , 148.43
14.374 , 148.46
14.375 , 148.46
14.375 , 148.46
14.376 , 148.43
14.377 , 148.43
14.378 , 148.41
14.379 , 148.41
14.379 , 148.43
14.38 , 148.43
14.381 , 148.43
14.382 , 148.46
14.383 , 148.43
14.383 , 148.41
14.384 , 148.43
14.385 , 148.43
14.386 , 148.46
14.387 , 148.43
14.387 , 148.46
14.388 , 148.46
14.389 , 148.43
14.39 , 148.41
14.391 , 148.43
14.391 , 148.43
14.392 , 148.43
14.393 , 148.43
14.394 , 148.41
14.395 , 148.46
14.395 , 148.43
14.396 , 148.41
14.397 , 148.36
14.398 , 148.43
14.399 , 148.43
14.399 , 148.46
14.4 , 148.41
14.401 , 148.41
14.402 , 148.43
14.403 , 148.43
14.403 , 148.41
14.404 , 148.43
14.405 , 148.41
14.406 , 148.43
14.407 , 148.43
14.407 , 148.41
14.408 , 148.41
14.409 , 148.43
14.41 , 148.43
14.411 , 148.43
14.411 , 148.41
14.412 , 148.43
14.413 , 148.43
14.414 , 148.43
14.415 , 148.36
14.415 , 148.43
14.416 , 148.41
14.417 , 148.43
14.418 , 148.43
14.419 , 148.43
14.419 , 148.43
14.42 , 148.43
14.421 , 148.43
14.422 , 148.41
14.423 , 148.41
14.423 , 148.41
14.424 , 148.43
14.425 , 148.43
14.426 , 148.43
14.427 , 148.43
14.427 , 148.46
14.428 , 148.43
14.429 , 148.41
14.43 , 148.41
14.431 , 148.43
14.431 , 148.43
14.432 , 148.41
14.433 , 148.43
14.434 , 148.43
14.435 , 148.43
14.435 , 148.43
14.436 , 148.41
14.437 , 148.41
14.438 , 148.43
14.439 , 148.43
14.439 , 148.43
14.44 , 148.43
14.441 , 148.41
14.442 , 148.43
14.443 , 148.41
14.443 , 148.46
14.444 , 148.41
14.445 , 148.41
14.446 , 148.43
14.447 , 148.43
14.447 , 148.43
14.448 , 148.41
14.449 , 148.43
14.45 , 148.41
14.451 , 148.43
14.451 , 148.43
14.452 , 148.43
14.453 , 148.41
14.454 , 148.46
14.455 , 148.43
14.455 , 148.43
14.456 , 148.41
14.457 , 148.41
14.458 , 148.43
14.459 , 148.43
14.459 , 148.43
14.46 , 148.43
14.461 , 148.41
14.462 , 148.43
14.463 , 148.41
14.463 , 148.41
14.464 , 148.41
14.465 , 148.41
14.466 , 148.41
14.467 , 148.41
14.467 , 148.43
14.468 , 148.43
14.469 , 148.41
14.47 , 148.41
14.47 , 148.43
14.471 , 148.41
14.472 , 148.43
14.473 , 148.41
14.474 , 148.43
14.475 , 148.41
14.475 , 148.41
14.476 , 148.41
14.477 , 148.41
14.478 , 148.43
14.478 , 148.43
14.479 , 148.41
14.48 , 148.41
14.481 , 148.41
14.482 , 148.41
14.482 , 148.41
14.483 , 148.41
14.484 , 148.43
14.485 , 148.41
14.486 , 148.43
14.486 , 148.36
14.487 , 148.41
14.488 , 148.43
14.489 , 148.41
14.489 , 148.41
14.49 , 148.43
14.491 , 148.41
14.492 , 148.43
14.493 , 148.41
14.493 , 148.41
14.494 , 148.41
14.495 , 148.41
14.496 , 148.41
14.497 , 148.43
14.497 , 148.43
14.498 , 148.41
14.499 , 148.36
14.5 , 148.43
14.501 , 148.41
14.501 , 148.41
14.502 , 148.36
14.503 , 148.41
14.504 , 148.41
14.504 , 148.41
14.505 , 148.41
14.506 , 148.43
14.507 , 148.41
14.508 , 148.43
14.508 , 148.41
14.509 , 148.36
14.51 , 148.43
14.511 , 148.36
14.511 , 148.41
14.512 , 148.36
14.513 , 148.36
14.514 , 148.41
14.515 , 148.43
14.515 , 148.41
14.516 , 148.41
14.517 , 148.43
14.518 , 148.36
14.518 , 148.43
14.519 , 148.41
14.52 , 148.43
14.521 , 148.41
14.522 , 148.41
14.522 , 148.36
14.523 , 148.36
14.524 , 148.36
14.525 , 148.41
14.526 , 148.41
14.526 , 148.41
14.527 , 148.36
14.528 , 148.41
14.529 , 148.36
14.529 , 148.41
14.53 , 148.41
14.531 , 148.36
14.532 , 148.36
14.532 , 148.41
14.533 , 148.41
14.534 , 148.36
14.535 , 148.36
14.536 , 148.36
14.536 , 148.41
14.537 , 148.36
14.538 , 148.41
14.539 , 148.41
14.54 , 148.34
14.54 , 148.41
14.541 , 148.36
14.542 , 148.41
14.543 , 148.41
14.544 , 148.36
14.544 , 148.36
14.545 , 148.41
14.546 , 148.41
14.547 , 148.41
14.547 , 148.36
14.548 , 148.41
14.549 , 148.41
14.55 , 148.36
14.551 , 148.36
14.551 , 148.41
14.552 , 148.41
14.553 , 148.41
14.554 , 148.41
14.554 , 148.41
14.555 , 148.36
14.556 , 148.41
14.557 , 148.41
14.558 , 148.36
14.558 , 148.36
14.559 , 148.41
14.56 , 148.36
14.561 , 148.41
14.562 , 148.36
14.562 , 148.36
14.563 , 148.41
14.564 , 148.36
14.565 , 148.34
14.565 , 148.41
14.566 , 148.36
14.567 , 148.36
14.568 , 148.41
14.569 , 148.41
14.569 , 148.41
14.57 , 148.36
14.571 , 148.36
14.572 , 148.41
14.573 , 148.36
14.573 , 148.36
14.574 , 148.36
14.575 , 148.36
14.576 , 148.41
14.576 , 148.36
14.577 , 148.36
14.578 , 148.41
14.579 , 148.41
14.58 , 148.41
14.58 , 148.36
14.581 , 148.36
14.582 , 148.36
14.583 , 148.41
14.584 , 148.41
14.584 , 148.36
14.585 , 148.36
14.586 , 148.36
14.587 , 148.41
14.587 , 148.41
14.588 , 148.36
14.589 , 148.41
14.59 , 148.36
14.591 , 148.36
14.591 , 148.41
14.592 , 148.36
14.593 , 148.34
14.594 , 148.34
14.595 , 148.36
14.595 , 148.36
14.596 , 148.36
14.597 , 148.34
14.598 , 148.41
14.599 , 148.41
14.599 , 148.36
14.6 , 148.41
14.601 , 148.36
14.602 , 148.41
14.603 , 148.41
14.603 , 148.36
14.604 , 148.34
14.605 , 148.36
14.606 , 148.41
14.606 , 148.36
14.607 , 148.41
14.608 , 148.36
14.609 , 148.36
14.61 , 148.36
14.61 , 148.41
14.611 , 148.41
14.612 , 148.36
14.613 , 148.36
14.613 , 148.36
14.614 , 148.36
14.615 , 148.36
14.616 , 148.41
14.617 , 148.36
14.617 , 148.41
14.618 , 148.34
14.619 , 148.34
14.62 , 148.36
14.621 , 148.41
14.621 , 148.41
14.622 , 148.36
14.623 , 148.36
14.624 , 148.36
14.624 , 148.36
14.625 , 148.36
14.626 , 148.36
14.627 , 148.41
14.628 , 148.36
14.628 , 148.36
14.629 , 148.36
14.63 , 148.34
14.631 , 148.36
14.631 , 148.41
14.632 , 148.36
14.633 , 148.36
14.634 , 148.41
14.635 , 148.36
14.635 , 148.34
14.636 , 148.36
14.637 , 148.34
14.638 , 148.36
14.639 , 148.34
14.639 , 148.36
14.64 , 148.36
14.641 , 148.34
14.642 , 148.36
14.643 , 148.36
14.643 , 148.36
14.644 , 148.41
14.645 , 148.36
14.646 , 148.36
14.647 , 148.36
14.647 , 148.36
14.648 , 148.36
14.649 , 148.34
14.65 , 148.41
14.65 , 148.36
14.651 , 148.36
14.652 , 148.34
14.653 , 148.36
14.654 , 148.36
14.654 , 148.36
14.655 , 148.34
14.656 , 148.34
14.657 , 148.29
14.658 , 148.27
14.658 , 148.34
14.659 , 148.29
14.66 , 148.34
14.661 , 148.29
14.662 , 148.34
14.663 , 148.29
14.663 , 148.34
14.664 , 148.29
14.665 , 148.34
14.666 , 148.34
14.667 , 148.34
14.668 , 148.29
14.668 , 148.29
14.669 , 148.29
14.67 , 148.34
14.671 , 148.29
14.672 , 148.34
14.672 , 148.34
14.673 , 148.29
14.674 , 148.29
14.675 , 148.34
14.676 , 148.36
14.677 , 148.34
14.677 , 148.29
14.678 , 148.29
14.679 , 148.29
14.68 , 148.34
14.681 , 148.34
14.682 , 148.29
14.682 , 148.29
14.683 , 148.29
14.684 , 148.34
14.685 , 148.29
14.686 , 148.34
14.686 , 148.29
14.687 , 148.34
14.688 , 148.34
14.689 , 148.34
14.69 , 148.34
14.691 , 148.34
14.692 , 148.29
14.692 , 148.29
14.693 , 148.34
14.694 , 148.34
14.695 , 148.34
14.696 , 148.34
14.696 , 148.34
14.697 , 148.29
14.698 , 148.34
14.699 , 148.34
14.7 , 148.29
14.701 , 148.23
14.701 , 148.29
14.702 , 148.34
14.703 , 148.34
14.704 , 148.29
14.705 , 148.29
14.705 , 148.29
14.706 , 148.34
14.707 , 148.34
14.708 , 148.29
14.709 , 148.34
14.71 , 148.29
14.71 , 148.29
14.711 , 148.34
14.712 , 148.29
14.713 , 148.29
14.714 , 148.29
14.714 , 148.34
14.715 , 148.29
14.716 , 148.34
14.717 , 148.29
14.718 , 148.29
14.719 , 148.29
14.719 , 148.34
14.72 , 148.29
14.721 , 148.29
14.722 , 148.34
14.723 , 148.29
14.723 , 148.34
14.724 , 148.29
14.725 , 148.29
14.726 , 148.29
14.727 , 148.29
14.728 , 148.29
14.728 , 148.27
14.729 , 148.29
14.73 , 148.29
14.731 , 148.34
14.732 , 148.34
14.733 , 148.34
14.733 , 148.29
14.734 , 148.29
14.735 , 148.29
14.736 , 148.29
14.737 , 148.27
14.737 , 148.29
14.738 , 148.29
14.739 , 148.29
14.74 , 148.29
14.741 , 148.29
14.742 , 148.29
14.742 , 148.29
14.743 , 148.27
14.744 , 148.29
14.745 , 148.27
14.746 , 148.29
14.746 , 148.29
14.747 , 148.29
14.748 , 148.27
14.749 , 148.27
14.75 , 148.29
14.75 , 148.34
14.751 , 148.34
14.752 , 148.29
14.753 , 148.29
14.754 , 148.29
14.755 , 148.27
14.755 , 148.29
14.756 , 148.27
14.757 , 148.23
14.758 , 148.27
14.759 , 148.29
14.759 , 148.29
14.76 , 148.29
14.761 , 148.29
14.762 , 148.29
14.763 , 148.23
14.764 , 148.29
14.764 , 148.34
14.765 , 148.29
14.766 , 148.34
14.767 , 148.29
14.768 , 148.29
14.769 , 148.29
14.769 , 148.29
14.77 , 148.34
14.771 , 148.29
14.772 , 148.29
14.773 , 148.34
14.773 , 148.27
14.774 , 148.29
14.775 , 148.29
14.776 , 148.34
14.777 , 148.29
14.778 , 148.23
14.778 , 148.27
14.779 , 148.27
14.78 , 148.23
14.781 , 148.29
14.782 , 148.29
14.782 , 148.29
14.783 , 148.34
14.784 , 148.29
14.785 , 148.27
14.786 , 148.29
14.787 , 148.29
14.787 , 148.29
14.788 , 148.29
14.789 , 148.29
14.79 , 148.29
14.791 , 148.29
14.792 , 148.27
14.793 , 148.27
14.793 , 148.23
14.794 , 148.29
14.795 , 148.29
14.796 , 148.23
14.797 , 148.23
14.797 , 148.29
14.798 , 148.27
14.799 , 148.29
14.8 , 148.27
14.801 , 148.29
14.801 , 148.29
14.802 , 148.29
14.803 , 148.29
14.804 , 148.27
14.805 , 148.29
14.805 , 148.29
14.806 , 148.27
14.807 , 148.29
14.808 , 148.27
14.809 , 148.29
14.809 , 148.27
14.81 , 148.29
14.811 , 148.27
14.812 , 148.27
14.813 , 148.27
14.813 , 148.27
14.814 , 148.27
14.815 , 148.29
14.816 , 148.27
14.817 , 148.27
14.817 , 148.2
14.818 , 148.29
14.819 , 148.29
14.82 , 148.29
14.821 , 148.23
14.822 , 148.23
14.822 , 148.27
14.823 , 148.23
14.824 , 148.27
14.825 , 148.23
14.826 , 148.27
14.826 , 148.27
14.827 , 148.27
14.828 , 148.23
14.829 , 148.27
14.829 , 148.29
14.83 , 148.27
14.831 , 148.27
14.832 , 148.29
14.833 , 148.29
14.833 , 148.23
14.834 , 148.23
14.835 , 148.23
14.836 , 148.29
14.837 , 148.29
14.838 , 148.29
14.838 , 148.27
14.839 , 148.29
14.84 , 148.27
14.841 , 148.23
14.842 , 148.29
14.842 , 148.23
14.843 , 148.23
14.844 , 148.23
14.845 , 148.27
14.846 , 148.29
14.846 , 148.29
14.847 , 148.23
14.848 , 148.27
14.849 , 148.23
14.85 , 148.27
14.85 , 148.23
14.851 , 148.27
14.852 , 148.29
14.853 , 148.23
14.854 , 148.29
14.855 , 148.27
14.855 , 148.27
14.856 , 148.29
14.857 , 148.23
14.858 , 148.34
14.859 , 148.27
14.859 , 148.29
14.86 , 148.29
14.861 , 148.27
14.862 , 148.2
14.863 , 148.27
14.863 , 148.23
14.864 , 148.23
14.865 , 148.29
14.866 , 148.23
14.867 , 148.2
14.868 , 148.23
14.868 , 148.27
14.869 , 148.27
14.87 , 148.23
14.871 , 148.34
14.872 , 148.29
14.873 , 148.27
14.873 , 148.23
14.874 , 148.29
14.875 , 148.2
14.876 , 148.27
14.877 , 148.27
14.877 , 148.23
14.878 , 148.23
14.879 , 148.23
14.88 , 148.29
14.881 , 148.23
14.881 , 148.23
14.882 , 148.29
14.883 , 148.29
14.884 , 148.23
14.885 , 148.27
14.886 , 148.23
14.886 , 148.23
14.887 , 148.27
14.888 , 148.29
14.889 , 148.27
14.89 , 148.23
14.891 , 148.23
14.891 , 148.2
14.892 , 148.23
14.893 , 148.29
14.894 , 148.23
14.895 , 148.23
14.896 , 148.23
14.896 , 148.23
14.897 , 148.29
14.898 , 148.23
14.899 , 148.23
14.9 , 148.23
14.901 , 148.23
14.901 , 148.27
14.902 , 148.27
14.903 , 148.23
14.904 , 148.23
14.904 , 148.23
14.905 , 148.2
14.906 , 148.23
14.907 , 148.27
14.908 , 148.23
14.908 , 148.23
14.909 , 148.27
14.91 , 148.27
14.911 , 148.23
14.912 , 148.23
14.913 , 148.27
14.913 , 148.23
14.914 , 148.23
14.915 , 148.29
14.916 , 148.27
14.917 , 148.2
14.917 , 148.27
14.918 , 148.2
14.919 , 148.27
14.92 , 148.23
14.921 , 148.23
14.922 , 148.23
14.922 , 148.29
14.923 , 148.23
14.924 , 148.23
14.925 , 148.27
14.926 , 148.23
14.926 , 148.23
14.927 , 148.23
14.928 , 148.23
14.929 , 148.23
14.93 , 148.23
14.93 , 148.23
14.931 , 148.29
14.932 , 148.23
14.933 , 148.23
14.934 , 148.29
14.935 , 148.23
14.935 , 148.23
14.936 , 148.23
14.937 , 148.23
14.938 , 148.23
14.939 , 148.23
14.94 , 148.23
14.94 , 148.2
14.941 , 148.2
14.942 , 148.23
14.943 , 148.23
14.944 , 148.23
14.945 , 148.2
14.945 , 148.23
14.946 , 148.23
14.947 , 148.27
14.948 , 148.23
14.949 , 148.23
14.949 , 148.23
14.95 , 148.27
14.951 , 148.23
14.952 , 148.23
14.953 , 148.2
14.953 , 148.2
14.954 , 148.23
14.955 , 148.23
14.956 , 148.2
14.957 , 148.23
14.958 , 148.23
14.958 , 148.23
14.959 , 148.23
14.96 , 148.23
14.961 , 148.23
14.962 , 148.29
14.962 , 148.2
14.963 , 148.23
14.964 , 148.23
14.965 , 148.27
14.966 , 148.34
14.967 , 148.29
14.967 , 148.29
14.968 , 148.29
14.969 , 148.29
14.97 , 148.27
14.971 , 148.29
14.972 , 148.27
14.972 , 148.34
14.973 , 148.29
14.974 , 148.29
14.975 , 148.29
14.976 , 148.29
14.976 , 148.27
14.977 , 148.29
14.978 , 148.27
14.979 , 148.29
14.98 , 148.29
14.981 , 148.29
14.981 , 148.27
14.982 , 148.27
14.983 , 148.29
14.984 , 148.29
14.985 , 148.29
14.986 , 148.27
14.986 , 148.29
14.987 , 148.29
14.988 , 148.27
14.989 , 148.29
14.99 , 148.29
14.99 , 148.29
14.991 , 148.27
14.992 , 148.29
14.993 , 148.29
14.994 , 148.29
14.995 , 148.27
14.995 , 148.29
14.996 , 148.29
14.997 , 148.27
14.998 , 148.34
14.999 , 148.29
15.0 , 148.34