0.0 , 161.04
0.001 , 161.04
0.002 , 161.04
0.003 , 161.04
0.004 , 161.04
0.005 , 161.04
0.006 , 161.02
0.007 , 161.02
0.008000001 , 161.02
0.009 , 161.02
0.01 , 161.02
0.011 , 160.98
0.012 , 160.95
0.013 , 160.95
0.014 , 160.93
0.015 , 160.88
0.016 , 160.88
0.017 , 160.88
0.018 , 160.93
0.019 , 160.88
0.02 , 160.88
0.021 , 160.86
0.022 , 160.88
0.023 , 160.88
0.024 , 160.86
0.025 , 160.81
0.026 , 160.81
0.027 , 160.81
0.027 , 160.79
0.028 , 160.81
0.029 , 160.79
0.03 , 160.77
0.031 , 160.77
0.032 , 160.77
0.033 , 160.77
0.034 , 160.72
0.035 , 160.72
0.036 , 160.72
0.037 , 160.72
0.038 , 160.7
0.039 , 160.63
0.048 , 160.63
0.049 , 160.61
0.05 , 160.56
0.051 , 160.61
0.052 , 160.54
0.053 , 160.61
0.054 , 160.54
0.055 , 160.54
0.056 , 160.54
0.057 , 160.49
0.058 , 160.47
0.05900001 , 160.49
0.06 , 160.47
0.061 , 160.47
0.062 , 160.47
0.063 , 160.43
0.063 , 160.47
0.06400001 , 160.43
0.065 , 160.4
0.06599999 , 160.4
0.067 , 160.31
0.06800001 , 160.31
0.069 , 160.17
0.07 , 160.08
0.071 , 160.06
0.072 , 159.95
0.073 , 159.92
0.074 , 159.72
0.075 , 159.62
0.076 , 159.53
0.077 , 159.44
0.078 , 159.46
0.079 , 159.37
0.08 , 159.3
0.081 , 159.24
0.08200001 , 159.17
0.08200001 , 159.24
0.083 , 159.21
0.084 , 159.17
0.085 , 159.14
0.086 , 159.14
0.087 , 159.12
0.088 , 159.08
0.089 , 159.05
0.09 , 158.98
0.09099999 , 158.94
0.092 , 158.82
0.093 , 158.73
0.094 , 158.73
0.095 , 158.59
0.096 , 158.46
0.09700001 , 158.27
0.09799999 , 158.11
0.099 , 157.91
0.1 , 157.43
0.101 , 156.9
0.102 , 156.26
0.102 , 155.44
0.103 , 154.7
0.104 , 153.67
0.105 , 153.22
0.106 , 153.01
0.107 , 153.01
0.108 , 153.22
0.108 , 153.54
0.109 , 153.86
0.11 , 154.38
0.111 , 154.7
0.112 , 154.89
0.113 , 155.05
0.113 , 155.16
0.114 , 155.21
0.115 , 155.18
0.116 , 155.05
0.117 , 154.89
0.118 , 154.5
0.119 , 154.18
0.119 , 153.95
0.12 , 153.67
0.121 , 153.38
0.122 , 153.17
0.123 , 152.94
0.124 , 152.83
0.124 , 152.67
0.125 , 152.55
0.126 , 152.51
0.127 , 152.37
0.128 , 152.21
0.129 , 152.14
0.13 , 152.07
0.13 , 152.05
0.131 , 152.0
0.132 , 151.96
0.133 , 151.96
0.134 , 151.91
0.135 , 151.89
0.136 , 151.84
0.136 , 151.8
0.137 , 151.73
0.138 , 151.68
0.139 , 151.61
0.14 , 151.45
0.141 , 151.27
0.142 , 151.18
0.142 , 150.9
0.143 , 150.72
0.144 , 150.49
0.145 , 150.31
0.146 , 150.1
0.147 , 149.94
0.147 , 149.83
0.148 , 149.67
0.149 , 149.53
0.15 , 149.51
0.151 , 149.44
0.152 , 149.35
0.152 , 149.3
0.153 , 149.3
0.154 , 149.28
0.155 , 149.21
0.156 , 149.16
0.157 , 149.16
0.158 , 149.12
0.158 , 149.0
0.159 , 148.91
0.16 , 148.75
0.161 , 148.66
0.162 , 148.5
0.163 , 148.43
0.164 , 148.29
0.164 , 148.2
0.165 , 148.04
0.166 , 148.02
0.167 , 147.88
0.168 , 147.79
0.169 , 147.68
0.17 , 147.65
0.17 , 147.56
0.171 , 147.49
0.172 , 147.4
0.173 , 147.36
0.174 , 147.2
0.175 , 147.13
0.175 , 147.1
0.176 , 146.97
0.177 , 146.92
0.178 , 146.85
0.179 , 146.81
0.18 , 146.72
0.181 , 146.65
0.182 , 146.62
0.182 , 146.56
0.183 , 146.46
0.184 , 146.42
0.185 , 146.33
0.186 , 146.23
0.187 , 146.1
0.188 , 146.03
0.188 , 146.01
0.189 , 145.91
0.19 , 145.87
0.191 , 145.75
0.192 , 145.64
0.193 , 145.55
0.194 , 145.48
0.194 , 145.39
0.195 , 145.25
0.196 , 145.23
0.197 , 145.09
0.198 , 144.98
0.199 , 144.98
0.2 , 144.91
0.201 , 144.82
0.201 , 144.75
0.202 , 144.68
0.203 , 144.61
0.204 , 144.54
0.205 , 144.5
0.206 , 144.45
0.207 , 144.36
0.208 , 144.31
0.208 , 144.24
0.209 , 144.17
0.21 , 144.13
0.211 , 144.08
0.212 , 143.97
0.213 , 143.85
0.214 , 143.79
0.214 , 143.76
0.215 , 143.69
0.216 , 143.67
0.217 , 143.53
0.218 , 143.47
0.219 , 143.44
0.219 , 143.35
0.22 , 143.31
0.221 , 143.24
0.222 , 143.17
0.223 , 143.14
0.224 , 143.08
0.224 , 142.98
0.225 , 142.96
0.226 , 142.89
0.227 , 142.82
0.228 , 142.76
0.229 , 142.73
0.23 , 142.6
0.23 , 142.57
0.231 , 142.53
0.232 , 142.44
0.233 , 142.41
0.234 , 142.3
0.235 , 142.23
0.236 , 142.21
0.236 , 142.18
0.237 , 142.11
0.238 , 142.07
0.239 , 141.98
0.24 , 141.89
0.241 , 141.89
0.242 , 141.82
0.242 , 141.75
0.243 , 141.73
0.244 , 141.66
0.245 , 141.63
0.246 , 141.57
0.246 , 141.52
0.247 , 141.47
0.248 , 141.43
0.249 , 141.41
0.25 , 141.34
0.251 , 141.29
0.251 , 141.2
0.252 , 141.13
0.253 , 141.04
0.254 , 141.04
0.255 , 140.88
0.256 , 140.86
0.257 , 140.81
0.257 , 140.81
0.258 , 140.7
0.259 , 140.65
0.26 , 140.63
0.261 , 140.54
0.262 , 140.49
0.263 , 140.42
0.264 , 140.38
0.264 , 140.33
0.265 , 140.26
0.266 , 140.17
0.267 , 140.17
0.268 , 140.15
0.269 , 140.03
0.27 , 140.01
0.27 , 139.94
0.271 , 139.87
0.272 , 139.8
0.273 , 139.71
0.274 , 139.64
0.275 , 139.6
0.275 , 139.6
0.276 , 139.48
0.277 , 139.46
0.278 , 139.39
0.279 , 139.3
0.28 , 139.32
0.281 , 139.25
0.282 , 139.23
0.282 , 139.16
0.283 , 139.14
0.284 , 139.09
0.285 , 138.98
0.286 , 138.91
0.287 , 138.89
0.288 , 138.82
0.288 , 138.75
0.289 , 138.66
0.29 , 138.61
0.291 , 138.54
0.292 , 138.52
0.293 , 138.45
0.294 , 138.43
0.294 , 138.36
0.295 , 138.29
0.296 , 138.27
0.297 , 138.22
0.298 , 138.16
0.299 , 138.11
0.3 , 138.04
0.3 , 137.97
0.301 , 137.95
0.302 , 137.93
0.303 , 137.86
0.304 , 137.74
0.305 , 137.72
0.306 , 137.65
0.306 , 137.58
0.307 , 137.54
0.308 , 137.49
0.309 , 137.47
0.31 , 137.4
0.311 , 137.33
0.312 , 137.31
0.312 , 137.24
0.313 , 137.17
0.314 , 137.17
0.315 , 137.1
0.316 , 137.03
0.317 , 136.99
0.317 , 136.99
0.318 , 136.87
0.319 , 136.85
0.32 , 136.71
0.321 , 136.67
0.322 , 136.62
0.323 , 136.58
0.323 , 136.53
0.324 , 136.46
0.325 , 136.42
0.326 , 136.37
0.327 , 136.37
0.328 , 136.23
0.329 , 136.23
0.329 , 136.12
0.33 , 136.07
0.331 , 136.03
0.332 , 135.98
0.333 , 135.91
0.334 , 135.84
0.335 , 135.82
0.335 , 135.75
0.336 , 135.73
0.337 , 135.68
0.338 , 135.59
0.339 , 135.52
0.34 , 135.48
0.341 , 135.43
0.341 , 135.41
0.342 , 135.29
0.343 , 135.34
0.344 , 135.27
0.345 , 135.25
0.346 , 135.18
0.347 , 135.13
0.347 , 135.04
0.348 , 135.02
0.349 , 134.95
0.35 , 134.93
0.351 , 134.88
0.352 , 134.81
0.352 , 134.74
0.353 , 134.72
0.354 , 134.63
0.355 , 134.58
0.356 , 134.54
0.357 , 134.47
0.358 , 134.42
0.359 , 134.36
0.36 , 134.31
0.36 , 134.26
0.361 , 134.24
0.362 , 134.15
0.363 , 134.17
0.364 , 134.1
0.365 , 134.04
0.365 , 134.01
0.366 , 133.99
0.367 , 133.88
0.368 , 133.85
0.369 , 133.78
0.37 , 133.76
0.371 , 133.69
0.371 , 133.65
0.372 , 133.55
0.373 , 133.53
0.374 , 133.46
0.375 , 133.39
0.375 , 133.42
0.376 , 133.33
0.377 , 133.26
0.378 , 133.21
0.379 , 133.21
0.38 , 133.1
0.381 , 133.07
0.382 , 133.05
0.382 , 132.98
0.383 , 132.94
0.384 , 132.85
0.385 , 132.82
0.386 , 132.78
0.387 , 132.71
0.388 , 132.68
0.388 , 132.62
0.389 , 132.59
0.39 , 132.5
0.391 , 132.43
0.392 , 132.39
0.393 , 132.32
0.394 , 132.27
0.394 , 132.2
0.395 , 132.14
0.396 , 132.14
0.397 , 132.07
0.398 , 132.04
0.399 , 132.0
0.399 , 131.93
0.4 , 131.91
0.401 , 131.88
0.402 , 131.75
0.403 , 131.72
0.404 , 131.7
0.405 , 131.63
0.405 , 131.59
0.406 , 131.56
0.407 , 131.47
0.408 , 131.4
0.409 , 131.36
0.41 , 131.33
0.411 , 131.24
0.411 , 131.24
0.412 , 131.2
0.413 , 131.15
0.414 , 131.04
0.415 , 131.04
0.416 , 130.99
0.417 , 130.95
0.417 , 130.88
0.418 , 130.85
0.419 , 130.79
0.42 , 130.76
0.421 , 130.69
0.422 , 130.65
0.422 , 130.62
0.423 , 130.56
0.424 , 130.53
0.425 , 130.49
0.426 , 130.4
0.427 , 130.33
0.428 , 130.3
0.428 , 130.24
0.429 , 130.17
0.43 , 130.14
0.431 , 130.08
0.432 , 130.08
0.433 , 130.01
0.433 , 129.94
0.434 , 129.87
0.435 , 129.85
0.436 , 129.82
0.437 , 129.78
0.438 , 129.76
0.439 , 129.69
0.44 , 129.66
0.44 , 129.55
0.441 , 129.53
0.442 , 129.5
0.443 , 129.46
0.444 , 129.37
0.445 , 129.3
0.445 , 129.27
0.446 , 129.23
0.447 , 129.23
0.448 , 129.11
0.449 , 129.05
0.45 , 129.0
0.451 , 128.98
0.451 , 128.91
0.452 , 128.82
0.453 , 128.73
0.454 , 128.73
0.455 , 128.7
0.456 , 128.66
0.457 , 128.59
0.458 , 128.54
0.458 , 128.5
0.459 , 128.43
0.46 , 128.36
0.461 , 128.36
0.462 , 128.27
0.463 , 128.24
0.464 , 128.2
0.464 , 128.15
0.465 , 128.11
0.466 , 128.08
0.467 , 128.02
0.468 , 127.97
0.469 , 127.92
0.47 , 127.88
0.471 , 127.81
0.471 , 127.76
0.472 , 127.7
0.473 , 127.65
0.474 , 127.63
0.475 , 127.56
0.476 , 127.56
0.476 , 127.49
0.477 , 127.47
0.478 , 127.42
0.479 , 127.31
0.48 , 127.26
0.481 , 127.24
0.482 , 127.17
0.483 , 127.15
0.484 , 127.08
0.485 , 127.08
0.485 , 127.05
0.486 , 126.94
0.487 , 126.94
0.488 , 126.85
0.489 , 126.83
0.49 , 126.76
0.49 , 126.69
0.491 , 126.69
0.492 , 126.62
0.493 , 126.55
0.494 , 126.53
0.495 , 126.46
0.496 , 126.44
0.497 , 126.37
0.497 , 126.3
0.498 , 126.28
0.499 , 126.21
0.5 , 126.16
0.501 , 126.14
0.502 , 126.07
0.502 , 125.98
0.503 , 126.0
0.504 , 125.93
0.505 , 125.98
0.506 , 125.91
0.507 , 125.84
0.508 , 125.77
0.508 , 125.77
0.509 , 125.68
0.51 , 125.61
0.511 , 125.59
0.512 , 125.52
0.513 , 125.47
0.514 , 125.43
0.515 , 125.34
0.515 , 125.31
0.516 , 125.2
0.517 , 125.2
0.518 , 125.15
0.519 , 125.09
0.52 , 125.02
0.521 , 125.02
0.521 , 124.95
0.522 , 124.93
0.523 , 124.93
0.524 , 124.86
0.525 , 124.81
0.526 , 124.77
0.527 , 124.72
0.527 , 124.65
0.528 , 124.63
0.529 , 124.61
0.53 , 124.49
0.531 , 124.49
0.532 , 124.47
0.533 , 124.4
0.533 , 124.31
0.534 , 124.26
0.535 , 124.22
0.536 , 124.15
0.537 , 124.15
0.538 , 124.1
0.539 , 124.03
0.539 , 123.99
0.54 , 123.99
0.541 , 123.92
0.542 , 123.92
0.543 , 123.83
0.5440001 , 123.78
0.545 , 123.76
0.546 , 123.71
0.546 , 123.69
0.547 , 123.67
0.548 , 123.6
0.549 , 123.53
0.55 , 123.46
0.551 , 123.39
0.552 , 123.39
0.553 , 123.32
0.553 , 123.3
0.554 , 123.23
0.555 , 123.21
0.556 , 123.16
0.557 , 123.14
0.558 , 123.07
0.559 , 123.0
0.559 , 122.98
0.56 , 122.98
0.561 , 122.89
0.562 , 122.84
0.563 , 122.82
0.564 , 122.75
0.565 , 122.75
0.565 , 122.68
0.566 , 122.66
0.567 , 122.59
0.568 , 122.55
0.569 , 122.52
0.57 , 122.45
0.571 , 122.45
0.572 , 122.38
0.572 , 122.36
0.573 , 122.29
0.574 , 122.29
0.575 , 122.2
0.576 , 122.18
0.577 , 122.11
0.577 , 122.06
0.578 , 122.04
0.579 , 121.97
0.58 , 121.95
0.5809999 , 121.88
0.582 , 121.81
0.583 , 121.81
0.584 , 121.79
0.584 , 121.72
0.585 , 121.68
0.586 , 121.65
0.587 , 121.58
0.588 , 121.56
0.589 , 121.49
0.59 , 121.42
0.59 , 121.4
0.591 , 121.33
0.592 , 121.33
0.593 , 121.26
0.594 , 121.26
0.595 , 121.17
0.595 , 121.13
0.596 , 121.06
0.597 , 121.03
0.598 , 121.01
0.599 , 121.01
0.6 , 120.9
0.601 , 120.9
0.601 , 120.85
0.602 , 120.81
0.603 , 120.78
0.604 , 120.71
0.605 , 120.69
0.606 , 120.65
0.607 , 120.58
0.607 , 120.62
0.608 , 120.51
0.609 , 120.46
0.61 , 120.39
0.611 , 120.37
0.612 , 120.3
0.613 , 120.28
0.613 , 120.23
0.614 , 120.21
0.615 , 120.14
0.616 , 120.1
0.617 , 120.07
0.618 , 120.0
0.619 , 119.98
0.619 , 119.94
0.62 , 119.98
0.621 , 119.84
0.622 , 119.84
0.623 , 119.75
0.624 , 119.78
0.625 , 119.73
0.625 , 119.66
0.626 , 119.66
0.627 , 119.62
0.628 , 119.55
0.629 , 119.52
0.63 , 119.5
0.631 , 119.39
0.631 , 119.36
0.632 , 119.34
0.633 , 119.27
0.634 , 119.18
0.635 , 119.16
0.636 , 119.16
0.637 , 119.09
0.638 , 119.02
0.638 , 118.97
0.639 , 118.95
0.64 , 118.93
0.641 , 118.93
0.642 , 118.86
0.643 , 118.79
0.644 , 118.77
0.644 , 118.77
0.645 , 118.7
0.646 , 118.7
0.647 , 118.63
0.648 , 118.59
0.649 , 118.49
0.65 , 118.47
0.651 , 118.43
0.651 , 118.38
0.652 , 118.38
0.653 , 118.33
0.654 , 118.24
0.655 , 118.17
0.656 , 118.15
0.657 , 118.1
0.657 , 118.08
0.658 , 118.01
0.659 , 118.01
0.66 , 117.99
0.661 , 117.88
0.662 , 117.88
0.663 , 117.83
0.664 , 117.78
0.664 , 117.69
0.665 , 117.67
0.666 , 117.67
0.667 , 117.56
0.668 , 117.53
0.6690001 , 117.53
0.67 , 117.46
0.671 , 117.46
0.671 , 117.4
0.672 , 117.37
0.673 , 117.3
0.674 , 117.28
0.675 , 117.21
0.676 , 117.17
0.677 , 117.14
0.677 , 117.14
0.678 , 117.1
0.679 , 117.05
0.68 , 117.01
0.681 , 116.98
0.682 , 116.94
0.683 , 116.91
0.684 , 116.82
0.684 , 116.85
0.685 , 116.78
0.686 , 116.75
0.687 , 116.66
0.688 , 116.59
0.689 , 116.53
0.69 , 116.53
0.691 , 116.46
0.692 , 116.46
0.692 , 116.43
0.693 , 116.37
0.694 , 116.3
0.695 , 116.3
0.696 , 116.27
0.697 , 116.23
0.697 , 116.21
0.698 , 116.16
0.699 , 116.14
0.7 , 116.07
0.701 , 116.04
0.702 , 116.0
0.703 , 115.98
0.703 , 115.95
0.704 , 115.88
0.705 , 115.88
0.7059999 , 115.82
0.707 , 115.75
0.708 , 115.72
0.709 , 115.66
0.709 , 115.61
0.71 , 115.59
0.711 , 115.52
0.712 , 115.5
0.713 , 115.45
0.714 , 115.4
0.715 , 115.36
0.716 , 115.36
0.716 , 115.29
0.717 , 115.27
0.718 , 115.2
0.719 , 115.2
0.72 , 115.18
0.721 , 115.11
0.721 , 115.06
0.722 , 115.04
0.723 , 115.01
0.724 , 114.97
0.725 , 114.9
0.726 , 114.9
0.726 , 114.88
0.727 , 114.81
0.728 , 114.74
0.729 , 114.74
0.73 , 114.72
0.731 , 114.67
0.732 , 114.58
0.733 , 114.56
0.733 , 114.51
0.734 , 114.47
0.735 , 114.42
0.736 , 114.42
0.737 , 114.35
0.738 , 114.31
0.739 , 114.24
0.74 , 114.19
0.74 , 114.19
0.741 , 114.12
0.742 , 114.1
0.743 , 114.03
0.744 , 114.01
0.745 , 114.01
0.745 , 113.96
0.746 , 113.94
0.747 , 113.87
0.748 , 113.8
0.749 , 113.78
0.75 , 113.76
0.751 , 113.71
0.751 , 113.69
0.752 , 113.62
0.753 , 113.62
0.754 , 113.53
0.755 , 113.48
0.756 , 113.48
0.757 , 113.41
0.757 , 113.39
0.758 , 113.32
0.759 , 113.3
0.76 , 113.25
0.761 , 113.23
0.762 , 113.16
0.763 , 113.16
0.763 , 113.14
0.764 , 113.09
0.765 , 113.07
0.766 , 113.02
0.767 , 113.0
0.768 , 112.91
0.768 , 112.84
0.769 , 112.82
0.77 , 112.75
0.771 , 112.73
0.772 , 112.68
0.773 , 112.68
0.774 , 112.61
0.774 , 112.59
0.775 , 112.57
0.776 , 112.5
0.777 , 112.45
0.778 , 112.41
0.779 , 112.41
0.78 , 112.34
0.781 , 112.29
0.781 , 112.29
0.782 , 112.27
0.783 , 112.18
0.784 , 112.18
0.785 , 112.11
0.786 , 112.11
0.786 , 112.06
0.787 , 112.04
0.788 , 111.97
0.789 , 111.97
0.79 , 111.95
0.791 , 111.86
0.792 , 111.81
0.792 , 111.81
0.793 , 111.72
0.7940001 , 111.72
0.795 , 111.67
0.796 , 111.63
0.797 , 111.58
0.798 , 111.58
0.798 , 111.49
0.799 , 111.49
0.8 , 111.42
0.801 , 111.42
0.802 , 111.4
0.803 , 111.33
0.804 , 111.33
0.805 , 111.26
0.805 , 111.24
0.8059999 , 111.17
0.807 , 111.17
0.808 , 111.1
0.809 , 111.08
0.81 , 111.01
0.81 , 110.96
0.811 , 110.96
0.812 , 110.92
0.813 , 110.87
0.814 , 110.85
0.815 , 110.8
0.816 , 110.8
0.816 , 110.73
0.817 , 110.64
0.818 , 110.62
0.8190001 , 110.57
0.82 , 110.53
0.821 , 110.48
0.822 , 110.46
0.822 , 110.46
0.823 , 110.39
0.824 , 110.37
0.825 , 110.37
0.826 , 110.3
0.827 , 110.25
0.827 , 110.23
0.828 , 110.19
0.829 , 110.14
0.83 , 110.09
0.8309999 , 110.09
0.832 , 110.0
0.833 , 110.03
0.833 , 109.93
0.834 , 109.93
0.8349999 , 109.86
0.8360001 , 109.84
0.837 , 109.82
0.838 , 109.75
0.8389999 , 109.75
0.8389999 , 109.68
0.84 , 109.61
0.841 , 109.61
0.842 , 109.59
0.843 , 109.57
0.844 , 109.52
0.8450001 , 109.45
0.846 , 109.43
0.846 , 109.41
0.847 , 109.34
0.848 , 109.36
0.849 , 109.29
0.85 , 109.22
0.851 , 109.22
0.851 , 109.2
0.852 , 109.13
0.853 , 109.06
0.854 , 109.04
0.855 , 109.06
0.856 , 109.02
0.857 , 108.97
0.858 , 108.88
0.858 , 108.86
0.859 , 108.86
0.86 , 108.79
0.861 , 108.79
0.862 , 108.72
0.863 , 108.72
0.864 , 108.67
0.864 , 108.65
0.865 , 108.63
0.866 , 108.58
0.867 , 108.56
0.8679999 , 108.49
0.8690001 , 108.47
0.87 , 108.4
0.871 , 108.35
0.871 , 108.31
0.8719999 , 108.31
0.873 , 108.24
0.874 , 108.19
0.875 , 108.17
0.876 , 108.13
0.877 , 108.1
0.8780001 , 108.03
0.8780001 , 108.03
0.879 , 107.97
0.88 , 107.97
0.8809999 , 107.92
0.8820001 , 107.87
0.883 , 107.85
0.884 , 107.85
0.885 , 107.8
0.885 , 107.78
0.886 , 107.74
0.887 , 107.69
0.888 , 107.69
0.889 , 107.62
0.89 , 107.58
0.891 , 107.55
0.891 , 107.53
0.892 , 107.46
0.893 , 107.42
0.894 , 107.39
0.895 , 107.39
0.896 , 107.3
0.897 , 107.32
0.898 , 107.26
0.898 , 107.19
0.899 , 107.16
0.9 , 107.16
0.901 , 107.1
0.902 , 107.03
0.903 , 107.0
0.904 , 106.98
0.9049999 , 106.98
0.9049999 , 106.91
0.906 , 106.91
0.907 , 106.87
0.908 , 106.84
0.909 , 106.78
0.91 , 106.75
0.9110001 , 106.68
0.9110001 , 106.68
0.912 , 106.61
0.913 , 106.59
0.9139999 , 106.57
0.9150001 , 106.5
0.916 , 106.45
0.917 , 106.41
0.917 , 106.36
0.918 , 106.41
0.9190001 , 106.34
0.92 , 106.29
0.921 , 106.27
0.922 , 106.23
0.922 , 106.2
0.923 , 106.13
0.924 , 106.13
0.925 , 106.11
0.926 , 106.04
0.927 , 106.04
0.928 , 106.02
0.928 , 105.95
0.929 , 105.91
0.93 , 105.86
0.9309999 , 105.86
0.932 , 105.79
0.933 , 105.79
0.934 , 105.72
0.935 , 105.68
0.935 , 105.63
0.936 , 105.63
0.937 , 105.56
0.938 , 105.56
0.939 , 105.49
0.94 , 105.49
0.941 , 105.42
0.942 , 105.4
0.942 , 105.36
0.943 , 105.33
0.9440001 , 105.33
0.945 , 105.26
0.946 , 105.24
0.947 , 105.24
0.947 , 105.17
0.948 , 105.13
0.949 , 105.1
0.95 , 105.08
0.951 , 105.01
0.952 , 104.94
0.952 , 104.92
0.953 , 104.88
0.954 , 104.85
0.955 , 104.81
0.9559999 , 104.74
0.957 , 104.69
0.958 , 104.69
0.959 , 104.65
0.9599999 , 104.62
0.9599999 , 104.58
0.9610001 , 104.58
0.962 , 104.53
0.963 , 104.49
0.9639999 , 104.46
0.965 , 104.42
0.966 , 104.42
0.967 , 104.37
0.967 , 104.33
0.968 , 104.3
0.969 , 104.23
0.9700001 , 104.23
0.971 , 104.19
0.972 , 104.17
0.972 , 104.1
0.973 , 104.07
0.974 , 104.01
0.975 , 104.01
0.976 , 103.98
0.977 , 103.91
0.977 , 103.87
0.978 , 103.87
0.979 , 103.85
0.98 , 103.78
0.981 , 103.75
0.982 , 103.75
0.983 , 103.69
0.984 , 103.69
0.984 , 103.64
0.985 , 103.59
0.986 , 103.59
0.987 , 103.52
0.988 , 103.52
0.989 , 103.48
0.99 , 103.36
0.991 , 103.32
0.991 , 103.36
0.992 , 103.25
0.9929999 , 103.23
0.9940001 , 103.2
0.995 , 103.16
0.996 , 103.14
0.9969999 , 103.09
0.9969999 , 103.04
0.998 , 103.0
0.999 , 102.98
1.0 , 102.93
1.001 , 102.91
1.002 , 102.86
1.002 , 102.86
1.003 , 102.84
1.004 , 102.82
1.005 , 102.77
1.006 , 102.7
1.007 , 102.7
1.008 , 102.68
1.008 , 102.61
1.009 , 102.61
1.01 , 102.59
1.011 , 102.52
1.012 , 102.49
1.013 , 102.43
1.013 , 102.38
1.014 , 102.38
1.015 , 102.31
1.016 , 102.31
1.017 , 102.29
1.018 , 102.22
1.018 , 102.22
1.019 , 102.15
1.02 , 102.11
1.021 , 102.11
1.022 , 102.06
1.022 , 102.06
1.023 , 101.99
1.024 , 101.97
1.025 , 101.97
1.026 , 101.9
1.027 , 101.9
1.027 , 101.9
1.028 , 101.88
1.029 , 101.83
1.03 , 101.76
1.031 , 101.74
1.032 , 101.72
1.032 , 101.65
1.033 , 101.6
1.034 , 101.58
1.035 , 101.51
1.036 , 101.51
1.037 , 101.49
1.037 , 101.49
1.038 , 101.42
1.039 , 101.37
1.04 , 101.37
1.041 , 101.33
1.042 , 101.28
1.042 , 101.28
1.043 , 101.21
1.044 , 101.21
1.045 , 101.19
1.046 , 101.17
1.047 , 101.12
1.047 , 101.1
1.048 , 101.05
1.049 , 101.01
1.05 , 101.03
1.051 , 101.01
1.052 , 100.94
1.052 , 100.89
1.053 , 100.82
1.054 , 100.82
1.055 , 100.73
1.056 , 100.66
1.057 , 100.66
1.057 , 100.64
1.058 , 100.57
1.059 , 100.55
1.06 , 100.5
1.061 , 100.48
1.062 , 100.46
1.062 , 100.46
1.063 , 100.41
1.064 , 100.32
1.065 , 100.3
1.066 , 100.25
1.066 , 100.25
1.067 , 100.25
1.068 , 100.25
1.069 , 100.16
1.07 , 100.16
1.071 , 100.14
1.071 , 100.09
1.072 , 100.05
1.073 , 99.98
1.074 , 99.98
1.074 , 99.91
1.075 , 99.91
1.076 , 99.91
1.076 , 99.84
1.077 , 99.77
1.078 , 99.75
1.079 , 99.75
1.079 , 99.75
1.08 , 99.68
1.081 , 99.68
1.081 , 99.61
1.082 , 99.61
1.083 , 99.59
1.083 , 99.54
1.084 , 99.54
1.085 , 99.54
1.085 , 99.52
1.086 , 99.5
1.087 , 99.5
1.087 , 99.45
1.088 , 99.43
1.089 , 99.38
1.089 , 99.38
1.09 , 99.36
1.091 , 99.29
1.092 , 99.29
1.092 , 99.29
1.093 , 99.22
1.093 , 99.2
1.094 , 99.15
1.095 , 99.15
1.095 , 99.13
1.096 , 99.13
1.097 , 99.06
1.098 , 99.06
1.098 , 98.99
1.099 , 98.99
1.1 , 98.97
1.1 , 98.97
1.101 , 98.92
1.102 , 98.9
1.102 , 98.9
1.103 , 98.88
1.104 , 98.88
1.104 , 98.83
1.105 , 98.74
1.106 , 98.72
1.106 , 98.72
1.107 , 98.72
1.108 , 98.67
1.109 , 98.65
1.109 , 98.65
1.11 , 98.6
1.111 , 98.58
1.111 , 98.58
1.112 , 98.58
1.113 , 98.51
1.113 , 98.51
1.114 , 98.42
1.115 , 98.42
1.115 , 98.44
1.116 , 98.42
1.117 , 98.35
1.117 , 98.33
1.118 , 98.33
1.119 , 98.28
1.12 , 98.28
1.12 , 98.21
1.121 , 98.21
1.122 , 98.19
1.122 , 98.19
1.123 , 98.12
1.124 , 98.12
1.124 , 98.12
1.125 , 98.1
1.126 , 98.05
1.126 , 98.03
1.127 , 98.03
1.128 , 98.01
1.128 , 98.01
1.129 , 97.94
1.13 , 97.94
1.13 , 97.89
1.131 , 97.87
1.132 , 97.87
1.132 , 97.83
1.133 , 97.8
1.134 , 97.78
1.134 , 97.71
1.135 , 97.71
1.136 , 97.64
1.137 , 97.64
1.137 , 97.62
1.138 , 97.57
1.139 , 97.57
1.139 , 97.55
1.14 , 97.51
1.141 , 97.48
1.141 , 97.41
1.142 , 97.44
1.143 , 97.41
1.143 , 97.41
1.144 , 97.34
1.145 , 97.39
1.145 , 97.34
1.146 , 97.28
1.147 , 97.25
1.147 , 97.23
1.148 , 97.23
1.149 , 97.25
1.149 , 97.18
1.15 , 97.18
1.151 , 97.12
1.151 , 97.12
1.152 , 97.09
1.153 , 97.07
1.153 , 97.02
1.154 , 97.0
1.155 , 96.96
1.155 , 96.96
1.156 , 96.93
1.157 , 96.93
1.157 , 96.93
1.158 , 96.93
1.159 , 96.86
1.16 , 96.84
1.16 , 96.84
1.161 , 96.8
1.162 , 96.75
1.162 , 96.75
1.163 , 96.68
1.164 , 96.68
1.164 , 96.66
1.165 , 96.66
1.166 , 96.61
1.166 , 96.59
1.167 , 96.59
1.168 , 96.54
1.168 , 96.52
1.169 , 96.45
1.17 , 96.45
1.171 , 96.43
1.171 , 96.38
1.172 , 96.38
1.173 , 96.31
1.173 , 96.31
1.174 , 96.31
1.175 , 96.27
1.175 , 96.2
1.176 , 96.22
1.177 , 96.2
1.178 , 96.2
1.178 , 96.06
1.179 , 96.06
1.18 , 96.06
1.18 , 96.04
1.181 , 95.99
1.182 , 95.97
1.183 , 95.97
1.183 , 95.93
1.184 , 95.93
1.185 , 95.9
1.185 , 95.9
1.186 , 95.88
1.187 , 95.81
1.187 , 95.83
1.188 , 95.81
1.189 , 95.74
1.189 , 95.81
1.19 , 95.72
1.191 , 95.67
1.192 , 95.65
1.192 , 95.61
1.193 , 95.58
1.193 , 95.58
1.194 , 95.56
1.195 , 95.51
1.195 , 95.51
1.196 , 95.45
1.197 , 95.45
1.198 , 95.38
1.198 , 95.38
1.199 , 95.35
1.2 , 95.35
1.2 , 95.33
1.201 , 95.28
1.202 , 95.26
1.202 , 95.26
1.203 , 95.26
1.204 , 95.19
1.204 , 95.19
1.205 , 95.19
1.206 , 95.12
1.206 , 95.12
1.207 , 95.1
1.208 , 95.06
1.208 , 95.03
1.209 , 95.03
1.21 , 95.03
1.211 , 94.96
1.211 , 94.94
1.212 , 94.94
1.213 , 94.9
1.213 , 94.9
1.214 , 94.87
1.214 , 94.83
1.215 , 94.83
1.216 , 94.8
1.216 , 94.78
1.217 , 94.78
1.218 , 94.71
1.219 , 94.71
1.219 , 94.64
1.22 , 94.67
1.221 , 94.62
1.221 , 94.58
1.222 , 94.55
1.223 , 94.58
1.223 , 94.55
1.224 , 94.51
1.225 , 94.48
1.225 , 94.48
1.226 , 94.42
1.227 , 94.42
1.227 , 94.44
1.228 , 94.39
1.229 , 94.32
1.229 , 94.32
1.23 , 94.32
1.231 , 94.28
1.232 , 94.25
1.232 , 94.23
1.233 , 94.23
1.234 , 94.16
1.234 , 94.12
1.235 , 94.12
1.236 , 94.05
1.236 , 94.05
1.237 , 94.05
1.238 , 93.98
1.238 , 94.0
1.239 , 93.98
1.24 , 93.93
1.24 , 93.91
1.241 , 93.87
1.241 , 93.87
1.242 , 93.84
1.243 , 93.87
1.243 , 93.82
1.244 , 93.82
1.245 , 93.77
1.246 , 93.75
1.246 , 93.75
1.247 , 93.71
1.248 , 93.71
1.248 , 93.68
1.249 , 93.66
1.25 , 93.61
1.25 , 93.59
1.251 , 93.59
1.252 , 93.48
1.252 , 93.52
1.253 , 93.45
1.254 , 93.45
1.254 , 93.43
1.255 , 93.39
1.256 , 93.36
1.256 , 93.36
1.257 , 93.32
1.258 , 93.29
1.258 , 93.27
1.259 , 93.27
1.26 , 93.22
1.261 , 93.22
1.261 , 93.2
1.262 , 93.2
1.263 , 93.16
1.263 , 93.16
1.264 , 93.16
1.264 , 93.11
1.265 , 93.13
1.274 , 92.84
1.275 , 92.77
1.276 , 92.72
1.276 , 92.77
1.277 , 92.74
1.278 , 92.65
1.278 , 92.68
1.279 , 92.65
1.28 , 92.61
1.28 , 92.61
1.281 , 92.58
1.282 , 92.49
1.282 , 92.58
1.283 , 92.49
1.284 , 92.45
1.284 , 92.45
1.285 , 92.42
1.286 , 92.42
1.287 , 92.36
1.287 , 92.36
1.288 , 92.29
1.289 , 92.33
1.289 , 92.29
1.29 , 92.22
1.291 , 92.22
1.291 , 92.2
1.292 , 92.17
1.293 , 92.17
1.293 , 92.13
1.294 , 92.13
1.295 , 92.06
1.295 , 92.03
1.296 , 92.03
1.297 , 92.03
1.297 , 91.99
1.298 , 91.94
1.299 , 91.94
1.299 , 91.9
1.3 , 91.9
1.301 , 91.87
1.301 , 91.87
1.302 , 91.87
1.303 , 91.83
1.303 , 91.81
1.304 , 91.81
1.305 , 91.78
1.306 , 91.78
1.306 , 91.71
1.307 , 91.71
1.308 , 91.65
1.308 , 91.67
1.309 , 91.65
1.31 , 91.65
1.31 , 91.58
1.311 , 91.62
1.312 , 91.62
1.312 , 91.55
1.313 , 91.55
1.314 , 91.51
1.314 , 91.49
1.315 , 91.49
1.316 , 91.44
1.316 , 91.39
1.317 , 91.35
1.318 , 91.39
1.319 , 91.33
1.319 , 91.33
1.32 , 91.33
1.32 , 91.28
1.321 , 91.28
1.322 , 91.26
1.322 , 91.26
1.323 , 91.23
1.324 , 91.23
1.324 , 91.19
1.325 , 91.17
1.326 , 91.17
1.326 , 91.17
1.327 , 91.12
1.328 , 91.1
1.328 , 91.03
1.329 , 91.03
1.33 , 90.96
1.331 , 91.0
1.331 , 90.94
1.332 , 90.94
1.333 , 90.94
1.333 , 90.89
1.334 , 90.89
1.335 , 90.84
1.335 , 90.8
1.336 , 90.84
1.337 , 90.78
1.337 , 90.78
1.338 , 90.73
1.339 , 90.71
1.339 , 90.71
1.34 , 90.68
1.341 , 90.71
1.342 , 90.68
1.342 , 90.62
1.343 , 90.62
1.343 , 90.62
1.344 , 90.57
1.345 , 90.55
1.345 , 90.55
1.346 , 90.5
1.347 , 90.5
1.347 , 90.48
1.348 , 90.46
1.349 , 90.46
1.349 , 90.39
1.35 , 90.34
1.351 , 90.32
1.352 , 90.34
1.352 , 90.32
1.353 , 90.3
1.354 , 90.25
1.354 , 90.23
1.355 , 90.23
1.356 , 90.18
1.356 , 90.18
1.357 , 90.14
1.358 , 90.14
1.358 , 90.14
1.359 , 90.07
1.36 , 90.09
1.36 , 90.07
1.361 , 90.07
1.362 , 90.0
1.362 , 90.0
1.363 , 90.0
1.364 , 89.93
1.364 , 89.91
1.365 , 89.86
1.366 , 89.91
1.366 , 89.86
1.367 , 89.84
1.368 , 89.79
1.368 , 89.84
1.369 , 89.77
1.37 , 89.7
1.371 , 89.7
1.371 , 89.68
1.372 , 89.63
1.373 , 89.63
1.373 , 89.61
1.374 , 89.56
1.375 , 89.56
1.375 , 89.52
1.376 , 89.52
1.377 , 89.47
1.378 , 89.52
1.378 , 89.45
1.379 , 89.4
1.38 , 89.4
1.38 , 89.38
1.381 , 89.36
1.382 , 89.31
1.382 , 89.31
1.383 , 89.36
1.384 , 89.29
1.385 , 89.24
1.385 , 89.24
1.386 , 89.22
1.387 , 89.2
1.387 , 89.2
1.388 , 89.13
1.389 , 89.13
1.389 , 89.08
1.39 , 89.06
1.391 , 89.01
1.392 , 89.06
1.392 , 89.01
1.393 , 88.97
1.394 , 88.97
1.394 , 88.92
1.395 , 88.92
1.396 , 88.85
1.396 , 88.92
1.397 , 88.85
1.398 , 88.83
1.398 , 88.83
1.399 , 88.81
1.4 , 88.76
1.401 , 88.76
1.401 , 88.74
1.402 , 88.67
1.403 , 88.67
1.403 , 88.67
1.404 , 88.69
1.405 , 88.65
1.405 , 88.67
1.406 , 88.58
1.407 , 88.58
1.408 , 88.58
1.408 , 88.53
1.409 , 88.53
1.41 , 88.51
1.41 , 88.46
1.411 , 88.44
1.412 , 88.44
1.412 , 88.44
1.413 , 88.37
1.414 , 88.37
1.414 , 88.3
1.415 , 88.3
1.416 , 88.28
1.416 , 88.21
1.417 , 88.26
1.418 , 88.19
1.418 , 88.19
1.419 , 88.14
1.42 , 88.19
1.42 , 88.12
1.421 , 88.12
1.422 , 88.12
1.422 , 88.08
1.423 , 88.08
1.424 , 88.05
1.424 , 88.05
1.425 , 87.98
1.426 , 87.96
1.426 , 87.98
1.427 , 87.96
1.428 , 87.96
1.429 , 87.91
1.429 , 87.91
1.43 , 87.87
1.431 , 87.89
1.431 , 87.82
1.432 , 87.73
1.433 , 87.73
1.433 , 87.73
1.434 , 87.73
1.435 , 87.71
1.436 , 87.69
1.436 , 87.64
1.437 , 87.64
1.438 , 87.62
1.438 , 87.57
1.439 , 87.57
1.44 , 87.55
1.44 , 87.5
1.441 , 87.55
1.442 , 87.48
1.442 , 87.48
1.443 , 87.46
1.444 , 87.41
1.444 , 87.46
1.445 , 87.34
1.446 , 87.34
1.446 , 87.34
1.447 , 87.34
1.448 , 87.34
1.449 , 87.3
1.449 , 87.32
1.45 , 87.23
1.451 , 87.25
1.451 , 87.18
1.452 , 87.16
1.453 , 87.14
1.453 , 87.14
1.454 , 87.09
1.455 , 87.09
1.456 , 87.07
1.456 , 87.02
1.457 , 87.02
1.458 , 87.0
1.458 , 87.0
1.459 , 86.95
1.46 , 86.93
1.46 , 86.91
1.461 , 86.93
1.462 , 86.86
1.462 , 86.86
1.463 , 86.84
1.464 , 86.84
1.465 , 86.84
1.465 , 86.84
1.466 , 86.79
1.467 , 86.84
1.467 , 86.79
1.468 , 86.77
1.469 , 86.77
1.469 , 86.75
1.47 , 86.7
1.471 , 86.7
1.471 , 86.7
1.472 , 86.68
1.473 , 86.68
1.474 , 86.63
1.474 , 86.54
1.475 , 86.61
1.476 , 86.54
1.476 , 86.54
1.477 , 86.54
1.478 , 86.52
1.478 , 86.47
1.479 , 86.45
1.48 , 86.45
1.48 , 86.45
1.481 , 86.4
1.482 , 86.4
1.483 , 86.4
1.483 , 86.38
1.484 , 86.31
1.485 , 86.36
1.485 , 86.31
1.486 , 86.31
1.487 , 86.24
1.487 , 86.24
1.488 , 86.24
1.489 , 86.2
1.489 , 86.15
1.49 , 86.08
1.491 , 86.08
1.491 , 86.06
1.492 , 86.06
1.493 , 86.02
1.493 , 86.02
1.494 , 86.02
1.495 , 85.92
1.496 , 85.92
1.496 , 85.92
1.497 , 85.92
1.498 , 85.9
1.498 , 85.9
1.499 , 85.83
1.5 , 85.83
1.5 , 85.81
1.501 , 85.81
1.502 , 85.81
1.502 , 85.74
1.503 , 85.74
1.504 , 85.74
1.505 , 85.69
1.505 , 85.67
1.506 , 85.67
1.507 , 85.63
1.507 , 85.63
1.508 , 85.6
1.509 , 85.6
1.51 , 85.58
1.51 , 85.53
1.511 , 85.53
1.512 , 85.51
1.512 , 85.47
1.513 , 85.44
1.514 , 85.42
1.514 , 85.42
1.515 , 85.37
1.516 , 85.37
1.516 , 85.35
1.517 , 85.35
1.518 , 85.28
1.518 , 85.31
1.519 , 85.26
1.52 , 85.26
1.52 , 85.21
1.521 , 85.21
1.522 , 85.15
1.523 , 85.15
1.523 , 85.12
1.524 , 85.12
1.524 , 85.15
1.525 , 85.08
1.526 , 85.08
1.526 , 85.05
1.527 , 85.05
1.528 , 85.03
1.528 , 84.99
1.529 , 84.96
1.53 , 84.96
1.531 , 84.92
1.531 , 84.89
1.532 , 84.92
1.533 , 84.87
1.533 , 84.82
1.534 , 84.8
1.535 , 84.8
1.535 , 84.8
1.536 , 84.8
1.537 , 84.76
1.537 , 84.73
1.538 , 84.73
1.539 , 84.71
1.539 , 84.66
1.54 , 84.66
1.541 , 84.64
1.542 , 84.57
1.542 , 84.6
1.543 , 84.6
1.544 , 84.53
1.544 , 84.53
1.545 , 84.53
1.546 , 84.53
1.546 , 84.5
1.547 , 84.48
1.548 , 84.48
1.548 , 84.44
1.549 , 84.41
1.55 , 84.41
1.551 , 84.37
1.551 , 84.37
1.552 , 84.37
1.552 , 84.34
1.553 , 84.28
1.554 , 84.34
1.555 , 84.25
1.555 , 84.25
1.556 , 84.28
1.557 , 84.21
1.557 , 84.18
1.558 , 84.18
1.559 , 84.21
1.559 , 84.12
1.56 , 84.12
1.561 , 84.12
1.561 , 84.09
1.562 , 84.05
1.563 , 84.05
1.563 , 84.02
1.564 , 83.98
1.565 , 84.02
1.565 , 83.96
1.566 , 83.96
1.567 , 83.96
1.567 , 83.93
1.568 , 83.89
1.569 , 83.86
1.57 , 83.86
1.57 , 83.82
1.571 , 83.79
1.572 , 83.79
1.572 , 83.77
1.573 , 83.77
1.574 , 83.73
1.574 , 83.7
1.575 , 83.66
1.576 , 83.63
1.576 , 83.63
1.577 , 83.63
1.578 , 83.59
1.579 , 83.57
1.579 , 83.57
1.58 , 83.54
1.581 , 83.5
1.581 , 83.5
1.582 , 83.5
1.583 , 83.47
1.583 , 83.43
1.584 , 83.43
1.585 , 83.41
1.585 , 83.41
1.586 , 83.43
1.587 , 83.38
1.587 , 83.38
1.588 , 83.38
1.589 , 83.34
1.59 , 83.31
1.59 , 83.31
1.591 , 83.25
1.592 , 83.22
1.592 , 83.22
1.593 , 83.22
1.593 , 83.18
1.594 , 83.18
1.595 , 83.11
1.595 , 83.11
1.596 , 83.11
1.597 , 83.11
1.597 , 83.04
1.598 , 83.02
1.599 , 83.02
1.599 , 82.99
1.6 , 83.02
1.601 , 82.95
1.602 , 82.99
1.602 , 82.95
1.603 , 82.93
1.604 , 82.93
1.604 , 82.88
1.605 , 82.88
1.606 , 82.86
1.606 , 82.83
1.607 , 82.86
1.608 , 82.83
1.608 , 82.79
1.609 , 82.79
1.61 , 82.76
1.61 , 82.76
1.611 , 82.72
1.612 , 82.7
1.612 , 82.65
1.613 , 82.63
1.614 , 82.6
1.615 , 82.6
1.615 , 82.54
1.616 , 82.56
1.617 , 82.56
1.617 , 82.54
1.618 , 82.49
1.619 , 82.47
1.619 , 82.49
1.62 , 82.47
1.621 , 82.47
1.621 , 82.47
1.622 , 82.44
1.623 , 82.44
1.623 , 82.38
1.624 , 82.4
1.625 , 82.38
1.625 , 82.38
1.626 , 82.38
1.627 , 82.31
1.627 , 82.31
1.628 , 82.28
1.629 , 82.28
1.63 , 82.22
1.63 , 82.22
1.631 , 82.22
1.631 , 82.17
1.632 , 82.15
1.633 , 82.15
1.633 , 82.1
1.634 , 82.1
1.635 , 82.08
1.636 , 82.08
1.636 , 82.01
1.637 , 82.01
1.637 , 81.99
1.638 , 81.94
1.639 , 81.99
1.64 , 81.94
1.64 , 81.92
1.641 , 81.92
1.642 , 81.9
1.642 , 81.9
1.643 , 81.85
1.644 , 81.83
1.644 , 81.85
1.645 , 81.83
1.646 , 81.78
1.646 , 81.78
1.647 , 81.71
1.648 , 81.71
1.649 , 81.71
1.649 , 81.71
1.65 , 81.69
1.651 , 81.67
1.651 , 81.62
1.652 , 81.62
1.653 , 81.6
1.653 , 81.55
1.654 , 81.55
1.655 , 81.55
1.655 , 81.48
1.656 , 81.51
1.657 , 81.48
1.657 , 81.48
1.658 , 81.44
1.659 , 81.44
1.659 , 81.41
1.66 , 81.37
1.661 , 81.37
1.661 , 81.37
1.662 , 81.37
1.663 , 81.32
1.663 , 81.35
1.664 , 81.32
1.665 , 81.28
1.665 , 81.28
1.666 , 81.25
1.667 , 81.28
1.667 , 81.25
1.668 , 81.21
1.669 , 81.19
1.67 , 81.19
1.67 , 81.14
1.671 , 81.14
1.672 , 81.12
1.672 , 81.09
1.673 , 81.05
1.674 , 81.03
1.674 , 81.03
1.675 , 80.98
1.676 , 80.93
1.676 , 80.98
1.677 , 80.93
1.678 , 80.89
1.678 , 80.89
1.679 , 80.89
1.68 , 80.82
1.68 , 80.8
1.681 , 80.8
1.682 , 80.8
1.683 , 80.8
1.683 , 80.77
1.684 , 80.77
1.685 , 80.77
1.685 , 80.73
1.686 , 80.66
1.687 , 80.73
1.687 , 80.66
1.688 , 80.64
1.689 , 80.59
1.69 , 80.59
1.69 , 80.64
1.691 , 80.54
1.692 , 80.57
1.692 , 80.54
1.693 , 80.57
1.694 , 80.54
1.694 , 80.5
1.695 , 80.43
1.696 , 80.48
1.696 , 80.43
1.697 , 80.43
1.697 , 80.41
1.698 , 80.38
1.699 , 80.34
1.7 , 80.32
1.7 , 80.32
1.701 , 80.32
1.702 , 80.32
1.702 , 80.32
1.703 , 80.27
1.704 , 80.27
1.704 , 80.27
1.705 , 80.25
1.706 , 80.25
1.706 , 80.25
1.707 , 80.16
1.708 , 80.18
1.708 , 80.18
1.709 , 80.16
1.71 , 80.11
1.71 , 80.11
1.711 , 80.11
1.712 , 80.04
1.712 , 80.04
1.713 , 80.04
1.714 , 80.0
1.714 , 80.0
1.715 , 79.95
1.716 , 79.95
1.716 , 79.88
1.717 , 79.88
1.718 , 79.88
1.719 , 79.86
1.719 , 79.86
1.72 , 79.84
1.721 , 79.79
1.721 , 79.79
1.722 , 79.79
1.723 , 79.79
1.723 , 79.79
1.724 , 79.72
1.725 , 79.7
1.725 , 79.7
1.726 , 79.7
1.727 , 79.7
1.727 , 79.7
1.728 , 79.63
1.729 , 79.63
1.73 , 79.61
1.73 , 79.61
1.731 , 79.61
1.732 , 79.56
1.732 , 79.56
1.733 , 79.49
1.734 , 79.49
1.735 , 79.49
1.735 , 79.45
1.736 , 79.45
1.737 , 79.4
1.737 , 79.4
1.738 , 79.38
1.739 , 79.33
1.739 , 79.29
1.74 , 79.33
1.741 , 79.29
1.741 , 79.31
1.742 , 79.31
1.743 , 79.31
1.743 , 79.29
1.744 , 79.24
1.745 , 79.24
1.746 , 79.22
1.746 , 79.22
1.747 , 79.17
1.748 , 79.15
1.748 , 79.15
1.749 , 79.15
1.75 , 79.1
1.75 , 79.15
1.751 , 79.08
1.751 , 79.08
1.752 , 79.06
1.753 , 79.01
1.753 , 78.94
1.754 , 78.94
1.755 , 79.01
1.755 , 78.94
1.756 , 78.92
1.757 , 78.92
1.758 , 78.9
1.758 , 78.9
1.759 , 78.83
1.76 , 78.83
1.76 , 78.76
1.761 , 78.78
1.762 , 78.76
1.763 , 78.69
1.763 , 78.76
1.764 , 78.69
1.764 , 78.71
1.765 , 78.69
1.766 , 78.67
1.767 , 78.62
1.767 , 78.67
1.768 , 78.62
1.769 , 78.6
1.769 , 78.62
1.77 , 78.55
1.771 , 78.55
1.771 , 78.46
1.772 , 78.51
1.773 , 78.51
1.773 , 78.46
1.774 , 78.44
1.775 , 78.46
1.775 , 78.37
1.776 , 78.46
1.777 , 78.44
1.778 , 78.39
1.778 , 78.39
1.779 , 78.37
1.78 , 78.35
1.78 , 78.35
1.781 , 78.35
1.782 , 78.35
1.783 , 78.3
1.783 , 78.23
1.784 , 78.23
1.785 , 78.23
1.785 , 78.28
1.786 , 78.23
1.787 , 78.16
1.788 , 78.21
1.788 , 78.16
1.789 , 78.14
1.79 , 78.16
1.79 , 78.12
1.791 , 78.07
1.792 , 78.05
1.792 , 78.05
1.793 , 78.05
1.794 , 78.0
1.794 , 78.0
1.795 , 78.0
1.796 , 77.98
1.796 , 77.96
1.797 , 77.96
1.798 , 77.91
1.798 , 77.91
1.799 , 77.91
1.8 , 77.84
1.8 , 77.82
1.801 , 77.82
1.802 , 77.82
1.803 , 77.82
1.803 , 77.8
1.804 , 77.75
1.805 , 77.75
1.805 , 77.75
1.806 , 77.75
1.807 , 77.73
1.808 , 77.73
1.808 , 77.68
1.809 , 77.66
1.81 , 77.62
1.81 , 77.59
1.811 , 77.62
1.812 , 77.57
1.812 , 77.57
1.813 , 77.52
1.814 , 77.45
1.814 , 77.5
1.815 , 77.45
1.816 , 77.45
1.817 , 77.45
1.817 , 77.41
1.818 , 77.36
1.819 , 77.43
1.819 , 77.41
1.82 , 77.36
1.82 , 77.36
1.821 , 77.32
1.822 , 77.36
1.822 , 77.27
1.823 , 77.27
1.824 , 77.27
1.825 , 77.25
1.825 , 77.25
1.826 , 77.2
1.826 , 77.2
1.827 , 77.2
1.828 , 77.18
1.829 , 77.16
1.829 , 77.11
1.83 , 77.16
1.831 , 77.09
1.831 , 77.09
1.832 , 77.09
1.833 , 77.04
1.833 , 77.02
1.834 , 77.02
1.835 , 77.02
1.836 , 76.95
1.836 , 76.93
1.837 , 76.95
1.838 , 76.93
1.838 , 76.93
1.839 , 76.93
1.84 , 76.88
1.84 , 76.86
1.841 , 76.86
1.842 , 76.86
1.842 , 76.86
1.843 , 76.84
1.844 , 76.84
1.844 , 76.77
1.845 , 76.77
1.846 , 76.77
1.847 , 76.72
1.847 , 76.7
1.848 , 76.7
1.849 , 76.65
1.849 , 76.7
1.85 , 76.63
1.851 , 76.63
1.852 , 76.61
1.852 , 76.56
1.853 , 76.54
1.854 , 76.56
1.854 , 76.56
1.855 , 76.47
1.856 , 76.49
1.856 , 76.47
1.857 , 76.47
1.858 , 76.47
1.859 , 76.45
1.859 , 76.4
1.86 , 76.4
1.861 , 76.4
1.861 , 76.38
1.862 , 76.38
1.863 , 76.33
1.863 , 76.38
1.864 , 76.33
1.865 , 76.31
1.865 , 76.31
1.866 , 76.26
1.867 , 76.26
1.867 , 76.24
1.868 , 76.24
1.869 , 76.22
1.869 , 76.22
1.87 , 76.17
1.871 , 76.15
1.872 , 76.15
1.872 , 76.1
1.873 , 76.1
1.874 , 76.08
1.874 , 76.08
1.875 , 76.06
1.876 , 76.06
1.876 , 76.01
1.877 , 76.01
1.878 , 75.99
1.879 , 75.99
1.879 , 75.92
1.88 , 75.94
1.881 , 75.9
1.881 , 75.9
1.882 , 75.85
1.883 , 75.85
1.884 , 75.92
1.884 , 75.83
1.885 , 75.78
1.886 , 75.83
1.886 , 75.78
1.887 , 75.78
1.888 , 75.78
1.888 , 75.72
1.889 , 75.76
1.89 , 75.69
1.89 , 75.62
1.891 , 75.62
1.892 , 75.62
1.893 , 75.6
1.893 , 75.6
1.894 , 75.53
1.895 , 75.56
1.895 , 75.53
1.896 , 75.53
1.897 , 75.46
1.898 , 75.46
1.898 , 75.44
1.899 , 75.44
1.9 , 75.44
1.9 , 75.37
1.901 , 75.37
1.902 , 75.37
1.902 , 75.37
1.903 , 75.35
1.904 , 75.3
1.904 , 75.35
1.905 , 75.3
1.906 , 75.28
1.906 , 75.3
1.907 , 75.23
1.908 , 75.23
1.908 , 75.28
1.909 , 75.23
1.91 , 75.17
1.91 , 75.17
1.911 , 75.14
1.912 , 75.14
1.913 , 75.12
1.913 , 75.12
1.914 , 75.12
1.914 , 75.05
1.915 , 75.05
1.916 , 75.05
1.916 , 75.01
1.917 , 75.01
1.918 , 74.98
1.918 , 74.96
1.919 , 74.96
1.92 , 74.96
1.92 , 74.96
1.921 , 74.89
1.922 , 74.91
1.923 , 74.91
1.923 , 74.91
1.924 , 74.85
1.925 , 74.85
1.925 , 74.82
1.926 , 74.85
1.927 , 74.82
1.927 , 74.82
1.928 , 74.75
1.929 , 74.73
1.93 , 74.75
1.93 , 74.75
1.931 , 74.75
1.932 , 74.69
1.932 , 74.69
1.933 , 74.66
1.934 , 74.62
1.934 , 74.59
1.935 , 74.59
1.936 , 74.57
1.936 , 74.57
1.937 , 74.53
1.938 , 74.53
1.939 , 74.5
1.939 , 74.46
1.94 , 74.46
1.941 , 74.46
1.941 , 74.46
1.942 , 74.43
1.943 , 74.43
1.943 , 74.36
1.944 , 74.43
1.945 , 74.36
1.945 , 74.36
1.946 , 74.34
1.947 , 74.3
1.947 , 74.3
1.948 , 74.3
1.949 , 74.27
1.949 , 74.27
1.95 , 74.23
1.951 , 74.2
1.951 , 74.2
1.952 , 74.2
1.953 , 74.18
1.954 , 74.14
1.954 , 74.14
1.955 , 74.11
1.956 , 74.11
1.956 , 74.07
1.957 , 74.07
1.958 , 74.04
1.958 , 74.04
1.959 , 74.04
1.96 , 73.98
1.96 , 73.98
1.961 , 74.02
1.962 , 74.02
1.962 , 73.95
1.963 , 73.98
1.964 , 73.95
1.965 , 73.91
1.965 , 73.88
1.966 , 73.88
1.967 , 73.86
1.967 , 73.88
1.968 , 73.86
1.969 , 73.86
1.969 , 73.82
1.97 , 73.79
1.971 , 73.79
1.972 , 73.75
1.972 , 73.68
1.973 , 73.75
1.974 , 73.72
1.974 , 73.72
1.975 , 73.68
1.976 , 73.68
1.976 , 73.66
1.977 , 73.63
1.978 , 73.63
1.978 , 73.63
1.979 , 73.56
1.98 , 73.59
1.981 , 73.52
1.981 , 73.52
1.982 , 73.52
1.983 , 73.56
1.983 , 73.52
1.984 , 73.52
1.985 , 73.5
1.985 , 73.5
1.986 , 73.47
1.987 , 73.47
1.988 , 73.43
1.988 , 73.47
1.989 , 73.43
1.989 , 73.4
1.99 , 73.36
1.991 , 73.36
1.992 , 73.4
1.992 , 73.29
1.993 , 73.33
1.993 , 73.29
1.994 , 73.27
1.995 , 73.29
1.996 , 73.24
1.996 , 73.27
1.997 , 73.2
1.998 , 73.2
1.998 , 73.17
1.999 , 73.13
2.0 , 73.13
2.001 , 73.17
2.001 , 73.13
2.002 , 73.13
2.003 , 73.11
2.003 , 73.08
2.004 , 73.11
2.004 , 73.08
2.005 , 73.04
2.006 , 73.08
2.006 , 72.99
2.007 , 73.04
2.008 , 72.99
2.008 , 72.95
2.009 , 72.95
2.01 , 72.95
2.011 , 72.95
2.011 , 72.9
2.012 , 72.92
2.013 , 72.9
2.013 , 72.85
2.014 , 72.83
2.015 , 72.83
2.015 , 72.83
2.016 , 72.79
2.016 , 72.76
2.017 , 72.79
2.018 , 72.76
2.018 , 72.72
2.019 , 72.72
2.02 , 72.72
2.02 , 72.69
2.021 , 72.72
2.022 , 72.67
2.023 , 72.69
2.023 , 72.67
2.024 , 72.63
2.025 , 72.63
2.025 , 72.6
2.026 , 72.6
2.027 , 72.6
2.027 , 72.56
2.028 , 72.56
2.029 , 72.53
2.029 , 72.53
2.03 , 72.51
2.031 , 72.51
2.031 , 72.44
2.032 , 72.4
2.033 , 72.47
2.033 , 72.44
2.034 , 72.4
2.035 , 72.4
2.035 , 72.37
2.036 , 72.37
2.037 , 72.33
2.037 , 72.33
2.038 , 72.33
2.039 , 72.3
2.039 , 72.3
2.04 , 72.28
2.041 , 72.24
2.041 , 72.24
2.042 , 72.24
2.043 , 72.24
2.043 , 72.21
2.044 , 72.17
2.045 , 72.17
2.045 , 72.17
2.046 , 72.14
2.047 , 72.17
2.048 , 72.14
2.048 , 72.08
2.049 , 72.08
2.049 , 72.12
2.05 , 72.08
2.051 , 72.05
2.051 , 72.01
2.052 , 72.05
2.053 , 71.98
2.053 , 71.98
2.054 , 71.98
2.055 , 71.98
2.055 , 71.96
2.056 , 71.98
2.057 , 71.92
2.057 , 71.92
2.058 , 71.89
2.059 , 71.89
2.06 , 71.82
2.06 , 71.85
2.061 , 71.85
2.062 , 71.82
2.062 , 71.78
2.063 , 71.82
2.064 , 71.78
2.065 , 71.78
2.065 , 71.78
2.066 , 71.76
2.067 , 71.73
2.067 , 71.73
2.068 , 71.69
2.069 , 71.73
2.069 , 71.69
2.07 , 71.69
2.071 , 71.66
2.071 , 71.62
2.072 , 71.66
2.072 , 71.62
2.073 , 71.62
2.074 , 71.57
2.074 , 71.57
2.075 , 71.57
2.076 , 71.57
2.077 , 71.57
2.077 , 71.5
2.078 , 71.5
2.079 , 71.5
2.079 , 71.44
2.08 , 71.41
2.081 , 71.44
2.081 , 71.41
2.082 , 71.44
2.083 , 71.41
2.083 , 71.37
2.084 , 71.37
2.085 , 71.34
2.085 , 71.37
2.086 , 71.34
2.087 , 71.3
2.087 , 71.3
2.088 , 71.34
2.089 , 71.27
2.089 , 71.27
2.09 , 71.23
2.091 , 71.23
2.091 , 71.21
2.092 , 71.21
2.093 , 71.21
2.093 , 71.18
2.094 , 71.14
2.095 , 71.14
2.096 , 71.14
2.096 , 71.11
2.097 , 71.07
2.098 , 71.05
2.098 , 71.07
2.099 , 71.05
2.1 , 71.02
2.1 , 71.02
2.101 , 71.02
2.102 , 71.02
2.102 , 70.98
2.103 , 71.02
2.104 , 70.98
2.104 , 70.95
2.105 , 70.95
2.106 , 70.95
2.107 , 70.91
2.107 , 70.91
2.108 , 70.91
2.108 , 70.89
2.109 , 70.89
2.11 , 70.84
2.111 , 70.82
2.111 , 70.82
2.112 , 70.82
2.113 , 70.82
2.113 , 70.79
2.114 , 70.73
2.115 , 70.73
2.115 , 70.68
2.116 , 70.68
2.117 , 70.66
2.117 , 70.66
2.118 , 70.63
2.118 , 70.63
2.119 , 70.63
2.12 , 70.59
2.121 , 70.57
2.121 , 70.59
2.122 , 70.59
2.123 , 70.57
2.123 , 70.57
2.124 , 70.52
2.125 , 70.57
2.125 , 70.47
2.126 , 70.52
2.127 , 70.5
2.127 , 70.5
2.128 , 70.47
2.129 , 70.47
2.129 , 70.43
2.13 , 70.41
2.131 , 70.41
2.131 , 70.36
2.132 , 70.41
2.132 , 70.34
2.133 , 70.34
2.134 , 70.29
2.135 , 70.29
2.135 , 70.27
2.136 , 70.27
2.137 , 70.27
2.137 , 70.24
2.138 , 70.24
2.139 , 70.2
2.139 , 70.2
2.14 , 70.18
2.141 , 70.18
2.141 , 70.13
2.142 , 70.18
2.143 , 70.13
2.143 , 70.11
2.144 , 70.13
2.145 , 70.11
2.145 , 70.08
2.146 , 70.11
2.147 , 70.08
2.147 , 70.08
2.148 , 70.04
2.149 , 70.04
2.149 , 70.02
2.15 , 70.02
2.151 , 69.97
2.151 , 69.97
2.152 , 69.95
2.153 , 69.92
2.153 , 69.95
2.154 , 69.92
2.155 , 69.92
2.155 , 69.88
2.156 , 69.88
2.157 , 69.86
2.158 , 69.81
2.158 , 69.81
2.159 , 69.81
2.16 , 69.79
2.16 , 69.74
2.161 , 69.79
2.162 , 69.79
2.162 , 69.79
2.163 , 69.72
2.164 , 69.72
2.164 , 69.74
2.165 , 69.72
2.166 , 69.72
2.167 , 69.72
2.167 , 69.7
2.168 , 69.65
2.169 , 69.65
2.169 , 69.63
2.17 , 69.58
2.171 , 69.63
2.171 , 69.58
2.172 , 69.56
2.173 , 69.56
2.173 , 69.56
2.174 , 69.54
2.175 , 69.49
2.175 , 69.54
2.176 , 69.49
2.177 , 69.47
2.177 , 69.47
2.178 , 69.42
2.179 , 69.4
2.18 , 69.35
2.18 , 69.42
2.181 , 69.4
2.182 , 69.35
2.182 , 69.33
2.183 , 69.35
2.184 , 69.33
2.184 , 69.31
2.185 , 69.31
2.186 , 69.31
2.186 , 69.26
2.187 , 69.24
2.188 , 69.24
2.188 , 69.24
2.189 , 69.24
2.19 , 69.19
2.191 , 69.19
2.191 , 69.17
2.192 , 69.17
2.193 , 69.15
2.193 , 69.15
2.194 , 69.15
2.195 , 69.08
2.195 , 69.08
2.196 , 69.03
2.197 , 69.03
2.197 , 69.03
2.198 , 69.03
2.199 , 69.01
2.2 , 68.99
2.2 , 69.01
2.201 , 69.01
2.202 , 68.99
2.202 , 68.99
2.203 , 68.99
2.204 , 68.94
2.204 , 68.94
2.205 , 68.94
2.206 , 68.92
2.206 , 68.87
2.207 , 68.92
2.208 , 68.92
2.209 , 68.85
2.209 , 68.85
2.21 , 68.8
2.211 , 68.8
2.211 , 68.78
2.212 , 68.78
2.213 , 68.76
2.213 , 68.76
2.214 , 68.71
2.215 , 68.71
2.215 , 68.69
2.216 , 68.64
2.217 , 68.64
2.217 , 68.64
2.218 , 68.64
2.219 , 68.64
2.22 , 68.64
2.22 , 68.64
2.221 , 68.6
2.222 , 68.62
2.222 , 68.6
2.223 , 68.6
2.224 , 68.6
2.225 , 68.55
2.225 , 68.6
2.226 , 68.53
2.227 , 68.53
2.227 , 68.48
2.228 , 68.46
2.229 , 68.48
2.229 , 68.46
2.23 , 68.46
2.231 , 68.46
2.232 , 68.41
2.232 , 68.39
2.233 , 68.39
2.234 , 68.39
2.234 , 68.37
2.235 , 68.32
2.236 , 68.3
2.236 , 68.25
2.237 , 68.3
2.238 , 68.25
2.238 , 68.25
2.239 , 68.23
2.24 , 68.23
2.24 , 68.25
2.241 , 68.21
2.242 , 68.21
2.242 , 68.21
2.243 , 68.21
2.244 , 68.21
2.244 , 68.14
2.245 , 68.14
2.246 , 68.14
2.247 , 68.14
2.247 , 68.12
2.248 , 68.07
2.249 , 68.12
2.249 , 68.05
2.25 , 68.05
2.251 , 68.05
2.251 , 68.02
2.252 , 68.02
2.253 , 67.96
2.253 , 67.98
2.254 , 67.96
2.255 , 67.91
2.255 , 67.96
2.256 , 67.91
2.257 , 67.89
2.257 , 67.89
2.258 , 67.84
2.259 , 67.84
2.26 , 67.82
2.26 , 67.82
2.261 , 67.8
2.262 , 67.8
2.263 , 67.75
2.263 , 67.82
2.264 , 67.75
2.264 , 67.75
2.265 , 67.73
2.266 , 67.75
2.266 , 67.73
2.267 , 67.73
2.268 , 67.68
2.268 , 67.68
2.269 , 67.68
2.27 , 67.66
2.271 , 67.66
2.271 , 67.64
2.272 , 67.64
2.273 , 67.64
2.273 , 67.57
2.274 , 67.59
2.275 , 67.57
2.275 , 67.57
2.276 , 67.52
2.277 , 67.52
2.278 , 67.52
2.278 , 67.5
2.279 , 67.48
2.28 , 67.5
2.28 , 67.43
2.281 , 67.43
2.282 , 67.48
2.282 , 67.43
2.291 , 67.27
2.292 , 67.27
2.293 , 67.2
2.293 , 67.25
2.294 , 67.2
2.295 , 67.18
2.295 , 67.13
2.296 , 67.13
2.297 , 67.13
2.298 , 67.09
2.298 , 67.13
2.299 , 67.09
2.3 , 67.04
2.3 , 67.04
2.301 , 67.04
2.302 , 67.04
2.302 , 67.02
2.303 , 67.02
2.304 , 66.97
2.304 , 66.97
2.305 , 66.97
2.306 , 66.95
2.306 , 66.95
2.307 , 66.95
2.308 , 66.9
2.308 , 66.9
2.309 , 66.9
2.31 , 66.9
2.31 , 66.88
2.311 , 66.86
2.312 , 66.81
2.312 , 66.86
2.313 , 66.79
2.314 , 66.79
2.314 , 66.79
2.315 , 66.79
2.316 , 66.74
2.316 , 66.74
2.317 , 66.72
2.318 , 66.7
2.319 , 66.7
2.319 , 66.7
2.32 , 66.72
2.321 , 66.65
2.321 , 66.65
2.322 , 66.65
2.323 , 66.65
2.323 , 66.63
2.324 , 66.65
2.325 , 66.63
2.325 , 66.58
2.326 , 66.58
2.327 , 66.56
2.327 , 66.58
2.328 , 66.56
2.329 , 66.56
2.329 , 66.54
2.33 , 66.54
2.331 , 66.54
2.331 , 66.54
2.332 , 66.47
2.333 , 66.47
2.333 , 66.47
2.334 , 66.4
2.335 , 66.42
2.335 , 66.35
2.336 , 66.4
2.337 , 66.35
2.338 , 66.35
2.338 , 66.35
2.339 , 66.33
2.34 , 66.33
2.34 , 66.33
2.341 , 66.31
2.342 , 66.33
2.342 , 66.31
2.343 , 66.31
2.344 , 66.26
2.344 , 66.26
2.345 , 66.26
2.345 , 66.26
2.346 , 66.24
2.347 , 66.26
2.348 , 66.19
2.348 , 66.17
2.349 , 66.19
2.35 , 66.17
2.35 , 66.17
2.351 , 66.15
2.352 , 66.15
2.352 , 66.1
2.353 , 66.1
2.354 , 66.1
2.354 , 66.08
2.355 , 66.03
2.356 , 66.01
2.356 , 66.03
2.357 , 66.01
2.358 , 66.01
2.358 , 65.99
2.359 , 65.99
2.36 , 65.99
2.361 , 65.99
2.361 , 65.94
2.362 , 65.92
2.363 , 65.94
2.363 , 65.94
2.364 , 65.94
2.365 , 65.87
2.365 , 65.92
2.366 , 65.87
2.367 , 65.87
2.367 , 65.87
2.368 , 65.85
2.369 , 65.8
2.369 , 65.8
2.37 , 65.8
2.371 , 65.78
2.372 , 65.78
2.372 , 65.76
2.373 , 65.76
2.374 , 65.76
2.374 , 65.69
2.375 , 65.71
2.376 , 65.71
2.376 , 65.69
2.377 , 65.64
2.378 , 65.64
2.378 , 65.64
2.379 , 65.62
2.38 , 65.62
2.38 , 65.62
2.381 , 65.6
2.382 , 65.6
2.383 , 65.6
2.383 , 65.6
2.384 , 65.53
2.385 , 65.55
2.385 , 65.53
2.386 , 65.55
2.387 , 65.48
2.388 , 65.53
2.388 , 65.53
2.389 , 65.48
2.39 , 65.48
2.39 , 65.42
2.391 , 65.48
2.392 , 65.42
2.392 , 65.42
2.393 , 65.37
2.394 , 65.37
2.394 , 65.37
2.395 , 65.32
2.396 , 65.32
2.396 , 65.32
2.397 , 65.3
2.398 , 65.3
2.398 , 65.3
2.399 , 65.26
2.4 , 65.26
2.4 , 65.26
2.401 , 65.26
2.402 , 65.26
2.402 , 65.26
2.403 , 65.21
2.404 , 65.21
2.404 , 65.23
2.405 , 65.21
2.406 , 65.21
2.406 , 65.21
2.407 , 65.16
2.408 , 65.14
2.409 , 65.14
2.409 , 65.14
2.41 , 65.09
2.411 , 65.09
2.411 , 65.07
2.412 , 65.07
2.413 , 65.05
2.413 , 65.05
2.414 , 65.05
2.415 , 65.0
2.415 , 64.98
2.416 , 65.0
2.417 , 64.98
2.417 , 64.93
2.418 , 64.91
2.419 , 64.93
2.419 , 64.98
2.42 , 64.91
2.421 , 64.91
2.421 , 64.91
2.422 , 64.87
2.423 , 64.87
2.423 , 64.84
2.424 , 64.84
2.425 , 64.87
2.425 , 64.87
2.426 , 64.82
2.427 , 64.84
2.427 , 64.87
2.428 , 64.82
2.429 , 64.77
2.43 , 64.77
2.43 , 64.75
2.431 , 64.75
2.432 , 64.75
2.432 , 64.71
2.433 , 64.71
2.434 , 64.71
2.434 , 64.71
2.435 , 64.68
2.436 , 64.68
2.436 , 64.61
2.437 , 64.66
2.438 , 64.61
2.438 , 64.61
2.439 , 64.59
2.44 , 64.59
2.44 , 64.59
2.441 , 64.55
2.442 , 64.55
2.442 , 64.59
2.443 , 64.52
2.444 , 64.55
2.444 , 64.55
2.445 , 64.55
2.446 , 64.52
2.446 , 64.48
2.447 , 64.48
2.448 , 64.45
2.448 , 64.45
2.449 , 64.45
2.45 , 64.45
2.451 , 64.43
2.451 , 64.39
2.452 , 64.39
2.453 , 64.39
2.453 , 64.36
2.454 , 64.32
2.455 , 64.32
2.455 , 64.36
2.456 , 64.32
2.457 , 64.29
2.457 , 64.27
2.458 , 64.29
2.459 , 64.27
2.46 , 64.29
2.46 , 64.27
2.461 , 64.27
2.462 , 64.27
2.462 , 64.23
2.463 , 64.2
2.464 , 64.2
2.464 , 64.2
2.465 , 64.2
2.466 , 64.2
2.467 , 64.13
2.467 , 64.2
2.468 , 64.11
2.469 , 64.13
2.469 , 64.13
2.47 , 64.11
2.471 , 64.06
2.471 , 64.06
2.472 , 64.06
2.473 , 64.04
2.473 , 64.04
2.474 , 64.0
2.475 , 64.0
2.475 , 63.97
2.476 , 63.97
2.477 , 63.97
2.477 , 63.97
2.478 , 63.93
2.479 , 63.9
2.479 , 63.88
2.48 , 63.9
2.481 , 63.88
2.481 , 63.9
2.482 , 63.88
2.483 , 63.88
2.483 , 63.84
2.484 , 63.9
2.485 , 63.81
2.485 , 63.84
2.486 , 63.81
2.487 , 63.81
2.487 , 63.81
2.488 , 63.77
2.489 , 63.77
2.49 , 63.77
2.49 , 63.77
2.491 , 63.74
2.491 , 63.74
2.492 , 63.74
2.493 , 63.72
2.493 , 63.72
2.494 , 63.68
2.495 , 63.65
2.495 , 63.68
2.496 , 63.65
2.497 , 63.61
2.498 , 63.61
2.498 , 63.58
2.499 , 63.58
2.5 , 63.58
2.5 , 63.56
2.501 , 63.49
2.501 , 63.49
2.502 , 63.49
2.503 , 63.49
2.503 , 63.49
2.504 , 63.45
2.505 , 63.45
2.505 , 63.42
2.506 , 63.42
2.507 , 63.42
2.507 , 63.42
2.508 , 63.38
2.509 , 63.38
2.51 , 63.38
2.51 , 63.36
2.511 , 63.36
2.512 , 63.36
2.512 , 63.36
2.513 , 63.33
2.513 , 63.29
2.514 , 63.29
2.515 , 63.26
2.515 , 63.29
2.516 , 63.26
2.517 , 63.26
2.517 , 63.2
2.518 , 63.22
2.519 , 63.22
2.519 , 63.22
2.52 , 63.2
2.521 , 63.2
2.521 , 63.2
2.522 , 63.22
2.523 , 63.17
2.523 , 63.2
2.524 , 63.17
2.525 , 63.17
2.525 , 63.13
2.526 , 63.1
2.527 , 63.1
2.527 , 63.06
2.528 , 63.1
2.529 , 63.1
2.529 , 63.04
2.53 , 63.04
2.531 , 63.04
2.531 , 63.04
2.532 , 62.99
2.533 , 62.97
2.533 , 62.97
2.534 , 62.97
2.535 , 62.97
2.535 , 62.97
2.536 , 62.94
2.537 , 62.9
2.537 , 62.9
2.538 , 62.9
2.539 , 62.9
2.539 , 62.87
2.54 , 62.87
2.541 , 62.87
2.542 , 62.83
2.542 , 62.83
2.543 , 62.83
2.543 , 62.81
2.544 , 62.83
2.545 , 62.81
2.546 , 62.81
2.546 , 62.78
2.547 , 62.78
2.548 , 62.78
2.548 , 62.74
2.549 , 62.78
2.55 , 62.65
2.55 , 62.74
2.551 , 62.65
2.552 , 62.65
2.552 , 62.65
2.553 , 62.62
2.554 , 62.65
2.554 , 62.62
2.555 , 62.62
2.556 , 62.55
2.556 , 62.6
2.557 , 62.6
2.558 , 62.55
2.559 , 62.55
2.559 , 62.55
2.56 , 62.55
2.561 , 62.53
2.561 , 62.49
2.562 , 62.49
2.563 , 62.53
2.563 , 62.49
2.564 , 62.49
2.565 , 62.46
2.565 , 62.46
2.566 , 62.42
2.567 , 62.42
2.568 , 62.42
2.568 , 62.39
2.569 , 62.39
2.57 , 62.37
2.57 , 62.39
2.571 , 62.37
2.572 , 62.33
2.572 , 62.33
2.573 , 62.3
2.574 , 62.33
2.575 , 62.3
2.575 , 62.3
2.576 , 62.26
2.577 , 62.26
2.577 , 62.26
2.578 , 62.23
2.579 , 62.21
2.58 , 62.23
2.58 , 62.21
2.581 , 62.21
2.582 , 62.21
2.582 , 62.17
2.583 , 62.21
2.584 , 62.1
2.584 , 62.14
2.585 , 62.17
2.586 , 62.1
2.587 , 62.1
2.587 , 62.14
2.588 , 62.1
2.589 , 62.1
2.589 , 62.07
2.59 , 62.07
2.591 , 62.07
2.592 , 62.07
2.592 , 62.01
2.593 , 61.98
2.594 , 62.01
2.594 , 61.98
2.595 , 61.98
2.596 , 61.94
2.597 , 61.91
2.597 , 61.91
2.598 , 61.87
2.599 , 61.91
2.6 , 61.87
2.6 , 61.87
2.601 , 61.87
2.602 , 61.87
2.602 , 61.82
2.603 , 61.84
2.604 , 61.84
2.604 , 61.82
2.605 , 61.82
2.606 , 61.82
2.607 , 61.78
2.607 , 61.78
2.608 , 61.75
2.609 , 61.78
2.609 , 61.75
2.61 , 61.75
2.611 , 61.71
2.611 , 61.71
2.612 , 61.71
2.613 , 61.68
2.613 , 61.68
2.614 , 61.68
2.615 , 61.62
2.615 , 61.62
2.616 , 61.62
2.617 , 61.62
2.618 , 61.59
2.618 , 61.59
2.619 , 61.59
2.619 , 61.62
2.62 , 61.55
2.621 , 61.55
2.622 , 61.55
2.622 , 61.52
2.623 , 61.52
2.624 , 61.52
2.624 , 61.52
2.625 , 61.48
2.626 , 61.48
2.626 , 61.48
2.627 , 61.48
2.628 , 61.46
2.628 , 61.43
2.629 , 61.46
2.63 , 61.46
2.63 , 61.39
2.631 , 61.43
2.632 , 61.39
2.633 , 61.36
2.633 , 61.36
2.634 , 61.36
2.634 , 61.32
2.635 , 61.32
2.636 , 61.3
2.637 , 61.3
2.637 , 61.3
2.638 , 61.23
2.639 , 61.3
2.639 , 61.27
2.64 , 61.23
2.641 , 61.27
2.641 , 61.23
2.642 , 61.23
2.643 , 61.27
2.643 , 61.23
2.644 , 61.23
2.645 , 61.2
2.646 , 61.23
2.646 , 61.16
2.647 , 61.2
2.648 , 61.16
2.648 , 61.16
2.649 , 61.16
2.65 , 61.14
2.65 , 61.11
2.651 , 61.11
2.652 , 61.11
2.652 , 61.11
2.653 , 61.07
2.654 , 61.11
2.654 , 61.04
2.655 , 61.0
2.656 , 61.04
2.656 , 61.0
2.657 , 61.04
2.658 , 60.98
2.658 , 61.0
2.659 , 60.98
2.66 , 60.98
2.66 , 60.93
2.661 , 60.98
2.662 , 60.93
2.662 , 60.91
2.663 , 60.91
2.664 , 60.91
2.665 , 60.91
2.665 , 60.91
2.666 , 60.84
2.667 , 60.88
2.667 , 60.88
2.668 , 60.84
2.669 , 60.81
2.669 , 60.84
2.67 , 60.77
2.671 , 60.81
2.671 , 60.77
2.672 , 60.77
2.673 , 60.77
2.673 , 60.77
2.674 , 60.72
2.675 , 60.75
2.675 , 60.72
2.676 , 60.72
2.677 , 60.75
2.677 , 60.72
2.678 , 60.68
2.679 , 60.65
2.679 , 60.68
2.68 , 60.68
2.681 , 60.65
2.681 , 60.61
2.682 , 60.61
2.683 , 60.61
2.683 , 60.61
2.684 , 60.61
2.684 , 60.61
2.685 , 60.61
2.686 , 60.59
2.686 , 60.59
2.687 , 60.56
2.688 , 60.56
2.688 , 60.56
2.689 , 60.56
2.69 , 60.56
2.69 , 60.56
2.691 , 60.52
2.692 , 60.52
2.692 , 60.49
2.693 , 60.45
2.694 , 60.45
2.694 , 60.49
2.695 , 60.43
2.696 , 60.43
2.696 , 60.43
2.697 , 60.38
2.698 , 60.38
2.698 , 60.36
2.699 , 60.36
2.7 , 60.36
2.7 , 60.36
2.701 , 60.36
2.702 , 60.33
2.702 , 60.33
2.703 , 60.33
2.704 , 60.33
2.704 , 60.33
2.705 , 60.33
2.706 , 60.33
2.706 , 60.29
2.707 , 60.33
2.707 , 60.29
2.708 , 60.33
2.709 , 60.29
2.709 , 60.29
2.71 , 60.29
2.711 , 60.27
2.711 , 60.22
2.712 , 60.22
2.713 , 60.22
2.713 , 60.2
2.714 , 60.17
2.715 , 60.17
2.715 , 60.17
2.716 , 60.17
2.717 , 60.17
2.718 , 60.13
2.718 , 60.11
2.719 , 60.13
2.72 , 60.11
2.72 , 60.11
2.721 , 60.11
2.721 , 60.13
2.722 , 60.11
2.723 , 60.06
2.723 , 60.04
2.724 , 60.06
2.725 , 60.04
2.725 , 60.04
2.726 , 59.99
2.727 , 59.99
2.727 , 60.04
2.728 , 59.99
2.729 , 59.99
2.729 , 59.99
2.73 , 59.99
2.731 , 59.95
2.731 , 59.95
2.732 , 59.9
2.733 , 59.95
2.733 , 59.9
2.734 , 59.9
2.735 , 59.83
2.735 , 59.81
2.736 , 59.78
2.737 , 59.81
2.737 , 59.78
2.738 , 59.78
2.739 , 59.78
2.74 , 59.78
2.74 , 59.74
2.741 , 59.74
2.742 , 59.74
2.742 , 59.74
2.743 , 59.72
2.744 , 59.72
2.744 , 59.72
2.745 , 59.67
2.746 , 59.67
2.746 , 59.67
2.747 , 59.67
2.748 , 59.65
2.749 , 59.67
2.749 , 59.67
2.75 , 59.65
2.751 , 59.62
2.751 , 59.58
2.752 , 59.58
2.753 , 59.58
2.753 , 59.58
2.754 , 59.56
2.755 , 59.58
2.755 , 59.56
2.756 , 59.56
2.757 , 59.56
2.757 , 59.56
2.758 , 59.56
2.759 , 59.56
2.759 , 59.49
2.76 , 59.51
2.761 , 59.44
2.762 , 59.49
2.762 , 59.44
2.763 , 59.44
2.764 , 59.49
2.764 , 59.49
2.765 , 59.44
2.766 , 59.44
2.766 , 59.42
2.767 , 59.42
2.768 , 59.42
2.769 , 59.42
2.769 , 59.4
2.77 , 59.35
2.771 , 59.4
2.771 , 59.35
2.772 , 59.33
2.773 , 59.33
2.773 , 59.28
2.774 , 59.28
2.775 , 59.28
2.775 , 59.28
2.776 , 59.28
2.777 , 59.24
2.778 , 59.26
2.778 , 59.26
2.779 , 59.26
2.78 , 59.24
2.78 , 59.17
2.781 , 59.19
2.782 , 59.19
2.783 , 59.17
2.783 , 59.19
2.784 , 59.17
2.785 , 59.17
2.786 , 59.17
2.786 , 59.12
2.787 , 59.12
2.788 , 59.12
2.788 , 59.1
2.789 , 59.1
2.79 , 59.1
2.791 , 59.1
2.791 , 59.05
2.792 , 59.05
2.793 , 59.03
2.793 , 59.03
2.794 , 59.05
2.795 , 59.01
2.796 , 59.01
2.796 , 58.96
2.797 , 58.94
2.798 , 58.94
2.798 , 58.96
2.799 , 58.96
2.8 , 58.89
2.801 , 58.94
2.801 , 58.89
2.802 , 58.89
2.803 , 58.87
2.804 , 58.85
2.804 , 58.87
2.805 , 58.87
2.806 , 58.85
2.806 , 58.8
2.807 , 58.85
2.808 , 58.87
2.809 , 58.87
2.809 , 58.85
2.81 , 58.85
2.811 , 58.78
2.812 , 58.8
2.812 , 58.78
2.813 , 58.78
2.814 , 58.8
2.814 , 58.78
2.815 , 58.73
2.816 , 58.71
2.817 , 58.73
2.817 , 58.71
2.818 , 58.69
2.819 , 58.69
2.819 , 58.71
2.82 , 58.69
2.821 , 58.64
2.822 , 58.64
2.822 , 58.64
2.823 , 58.64
2.824 , 58.64
2.824 , 58.62
2.825 , 58.57
2.826 , 58.57
2.827 , 58.57
2.827 , 58.62
2.828 , 58.57
2.829 , 58.55
2.83 , 58.55
2.83 , 58.57
2.831 , 58.5
2.832 , 58.5
2.832 , 58.5
2.833 , 58.48
2.834 , 58.48
2.834 , 58.46
2.835 , 58.48
2.836 , 58.46
2.837 , 58.46
2.837 , 58.46
2.838 , 58.41
2.839 , 58.41
2.839 , 58.39
2.84 , 58.34
2.841 , 58.39
2.842 , 58.34
2.842 , 58.39
2.843 , 58.34
2.844 , 58.34
2.844 , 58.39
2.845 , 58.34
2.846 , 58.39
2.846 , 58.32
2.847 , 58.32
2.848 , 58.32
2.848 , 58.32
2.849 , 58.3
2.85 , 58.3
2.851 , 58.3
2.851 , 58.25
2.852 , 58.23
2.853 , 58.25
2.853 , 58.18
2.854 , 58.18
2.855 , 58.18
2.855 , 58.18
2.856 , 58.16
2.857 , 58.18
2.857 , 58.16
2.858 , 58.16
2.859 , 58.09
2.86 , 58.09
2.86 , 58.09
2.861 , 58.07
2.862 , 58.07
2.862 , 58.07
2.863 , 58.02
2.864 , 58.07
2.864 , 58.07
2.865 , 58.02
2.866 , 58.02
2.867 , 58.0
2.867 , 58.0
2.868 , 58.02
2.868 , 58.0
2.869 , 58.0
2.87 , 57.95
2.871 , 58.0
2.871 , 57.95
2.872 , 57.91
2.873 , 57.91
2.873 , 57.93
2.874 , 57.91
2.875 , 57.91
2.875 , 57.86
2.876 , 57.84
2.877 , 57.86
2.877 , 57.84
2.878 , 57.84
2.879 , 57.84
2.879 , 57.79
2.88 , 57.79
2.881 , 57.79
2.881 , 57.79
2.882 , 57.77
2.883 , 57.75
2.883 , 57.77
2.884 , 57.75
2.885 , 57.75
2.886 , 57.75
2.886 , 57.7
2.887 , 57.75
2.888 , 57.75
2.888 , 57.7
2.889 , 57.75
2.89 , 57.7
2.89 , 57.7
2.891 , 57.68
2.892 , 57.63
2.892 , 57.68
2.893 , 57.63
2.893 , 57.63
2.894 , 57.61
2.895 , 57.61
2.896 , 57.56
2.896 , 57.56
2.897 , 57.56
2.898 , 57.56
2.898 , 57.54
2.899 , 57.56
2.9 , 57.54
2.9 , 57.54
2.901 , 57.52
2.902 , 57.54
2.902 , 57.52
2.903 , 57.54
2.904 , 57.52
2.904 , 57.47
2.905 , 57.52
2.906 , 57.52
2.906 , 57.47
2.907 , 57.45
2.908 , 57.47
2.908 , 57.47
2.909 , 57.45
2.91 , 57.45
2.91 , 57.38
2.911 , 57.36
2.912 , 57.36
2.912 , 57.31
2.913 , 57.31
2.914 , 57.29
2.914 , 57.29
2.915 , 57.24
2.915 , 57.24
2.916 , 57.22
2.917 , 57.24
2.917 , 57.22
2.918 , 57.22
2.919 , 57.2
2.919 , 57.22
2.92 , 57.24
2.921 , 57.2
2.921 , 57.2
2.922 , 57.22
2.923 , 57.2
2.923 , 57.15
2.924 , 57.2
2.925 , 57.15
2.925 , 57.13
2.926 , 57.15
2.927 , 57.13
2.927 , 57.13
2.928 , 57.13
2.928 , 57.08
2.929 , 57.08
2.93 , 57.08
2.931 , 57.06
2.931 , 57.08
2.932 , 57.02
2.933 , 57.06
2.933 , 57.02
2.934 , 57.06
2.934 , 57.02
2.935 , 57.06
2.936 , 57.02
2.936 , 56.99
2.937 , 56.99
2.938 , 57.02
2.938 , 56.99
2.939 , 56.92
2.94 , 56.92
2.941 , 56.97
2.941 , 56.92
2.942 , 56.92
2.943 , 56.86
2.943 , 56.92
2.944 , 56.92
2.945 , 56.92
2.946 , 56.9
2.946 , 56.9
2.947 , 56.86
2.947 , 56.86
2.948 , 56.83
2.949 , 56.83
2.95 , 56.83
2.95 , 56.83
2.951 , 56.81
2.951 , 56.86
2.952 , 56.74
2.953 , 56.76
2.953 , 56.74
2.954 , 56.74
2.955 , 56.69
2.956 , 56.74
2.956 , 56.69
2.957 , 56.69
2.958 , 56.69
2.958 , 56.69
2.959 , 56.67
2.96 , 56.67
2.961 , 56.67
2.961 , 56.67
2.962 , 56.6
2.963 , 56.6
2.963 , 56.6
2.964 , 56.65
2.965 , 56.6
2.966 , 56.6
2.966 , 56.6
2.967 , 56.6
2.968 , 56.58
2.968 , 56.6
2.969 , 56.6
2.97 , 56.58
2.971 , 56.51
2.971 , 56.53
2.972 , 56.53
2.973 , 56.51
2.973 , 56.47
2.974 , 56.47
2.975 , 56.47
2.976 , 56.47
2.976 , 56.47
2.977 , 56.44
2.978 , 56.44
2.978 , 56.42
2.979 , 56.44
2.98 , 56.42
2.98 , 56.42
2.981 , 56.42
2.982 , 56.42
2.983 , 56.35
2.983 , 56.35
2.984 , 56.33
2.985 , 56.35
2.985 , 56.33
2.986 , 56.33
2.987 , 56.33
2.987 , 56.33
2.988 , 56.33
2.989 , 56.28
2.99 , 56.28
2.99 , 56.26
2.991 , 56.19
2.992 , 56.26
2.992 , 56.19
2.993 , 56.26
2.994 , 56.17
2.995 , 56.17
2.995 , 56.12
2.996 , 56.17
2.997 , 56.12
2.998 , 56.12
2.998 , 56.12
2.999 , 56.12
3.0 , 56.1
3.0 , 56.05
3.001 , 56.1
3.002 , 56.1
3.002 , 56.1
3.003 , 56.05
3.004 , 56.05
3.005 , 56.05
3.005 , 56.03
3.006 , 56.03
3.007 , 56.05
3.007 , 56.03
3.008 , 56.01
3.009 , 56.01
3.009 , 56.01
3.01 , 55.96
3.011 , 55.96
3.012 , 55.96
3.012 , 55.96
3.013 , 55.94
3.014 , 56.01
3.014 , 55.94
3.015 , 55.94
3.016 , 55.94
3.016 , 55.89
3.017 , 55.94
3.018 , 55.87
3.018 , 55.87
3.019 , 55.89
3.02 , 55.89
3.021 , 55.87
3.021 , 55.87
3.022 , 55.8
3.023 , 55.85
3.023 , 55.85
3.024 , 55.87
3.025 , 55.85
3.026 , 55.8
3.026 , 55.85
3.027 , 55.8
3.028 , 55.85
3.028 , 55.78
3.029 , 55.8
3.03 , 55.78
3.03 , 55.78
3.031 , 55.78
3.032 , 55.71
3.033 , 55.73
3.033 , 55.69
3.034 , 55.71
3.035 , 55.69
3.035 , 55.69
3.036 , 55.64
3.037 , 55.62
3.038 , 55.62
3.038 , 55.64
3.039 , 55.64
3.04 , 55.62
3.04 , 55.62
3.041 , 55.57
3.042 , 55.62
3.042 , 55.57
3.043 , 55.57
3.044 , 55.55
3.045 , 55.57
3.045 , 55.57
3.046 , 55.55
3.047 , 55.55
3.047 , 55.57
3.048 , 55.55
3.049 , 55.5
3.049 , 55.5
3.05 , 55.48
3.051 , 55.55
3.052 , 55.48
3.052 , 55.46
3.053 , 55.48
3.054 , 55.46
3.054 , 55.48
3.055 , 55.41
3.056 , 55.46
3.056 , 55.46
3.057 , 55.39
3.058 , 55.39
3.059 , 55.34
3.059 , 55.34
3.06 , 55.34
3.061 , 55.39
3.061 , 55.39
3.062 , 55.34
3.063 , 55.34
3.063 , 55.34
3.064 , 55.32
3.065 , 55.32
3.065 , 55.39
3.066 , 55.34
3.067 , 55.32
3.067 , 55.32
3.068 , 55.3
3.069 , 55.3
3.069 , 55.3
3.07 , 55.3
3.071 , 55.3
3.072 , 55.25
3.072 , 55.25
3.073 , 55.23
3.074 , 55.23
3.074 , 55.23
3.075 , 55.23
3.076 , 55.18
3.076 , 55.18
3.077 , 55.18
3.078 , 55.16
3.079 , 55.18
3.079 , 55.16
3.08 , 55.16
3.081 , 55.12
3.081 , 55.16
3.082 , 55.12
3.083 , 55.12
3.083 , 55.09
3.084 , 55.12
3.085 , 55.12
3.085 , 55.09
3.086 , 55.09
3.087 , 55.09
3.087 , 55.09
3.088 , 55.09
3.089 , 55.09
3.089 , 55.07
3.09 , 55.02
3.091 , 55.02
3.091 , 55.02
3.092 , 55.02
3.093 , 55.02
3.093 , 55.0
3.094 , 55.0
3.095 , 55.0
3.095 , 54.96
3.096 , 54.96
3.097 , 54.96
3.097 , 54.96
3.098 , 54.93
3.099 , 54.93
3.1 , 54.91
3.1 , 54.93
3.101 , 54.91
3.102 , 54.86
3.102 , 54.91
3.103 , 54.93
3.104 , 54.91
3.104 , 54.91
3.105 , 54.91
3.106 , 54.86
3.106 , 54.86
3.107 , 54.84
3.108 , 54.84
3.108 , 54.84
3.109 , 54.84
3.11 , 54.8
3.11 , 54.84
3.111 , 54.77
3.112 , 54.8
3.112 , 54.8
3.113 , 54.77
3.114 , 54.75
3.114 , 54.75
3.115 , 54.77
3.116 , 54.75
3.116 , 54.77
3.117 , 54.7
3.118 , 54.7
3.118 , 54.7
3.119 , 54.7
3.12 , 54.68
3.12 , 54.7
3.121 , 54.68
3.122 , 54.63
3.122 , 54.68
3.123 , 54.63
3.124 , 54.68
3.124 , 54.63
3.125 , 54.68
3.125 , 54.63
3.126 , 54.63
3.127 , 54.57
3.127 , 54.61
3.128 , 54.63
3.129 , 54.61
3.129 , 54.61
3.13 , 54.61
3.131 , 54.57
3.131 , 54.57
3.132 , 54.61
3.133 , 54.54
3.133 , 54.54
3.134 , 54.52
3.135 , 54.54
3.135 , 54.54
3.136 , 54.52
3.137 , 54.47
3.137 , 54.47
3.138 , 54.47
3.139 , 54.47
3.139 , 54.45
3.14 , 54.47
3.141 , 54.45
3.141 , 54.45
3.142 , 54.45
3.142 , 54.45
3.143 , 54.45
3.144 , 54.41
3.144 , 54.41
3.145 , 54.41
3.146 , 54.41
3.147 , 54.38
3.147 , 54.38
3.148 , 54.38
3.149 , 54.38
3.149 , 54.36
3.15 , 54.38
3.15 , 54.36
3.151 , 54.36
3.152 , 54.31
3.152 , 54.31
3.153 , 54.29
3.154 , 54.25
3.154 , 54.29
3.155 , 54.29
3.156 , 54.29
3.156 , 54.25
3.157 , 54.25
3.158 , 54.22
3.158 , 54.22
3.159 , 54.22
3.16 , 54.22
3.16 , 54.25
3.161 , 54.22
3.161 , 54.22
3.162 , 54.2
3.163 , 54.22
3.163 , 54.2
3.164 , 54.15
3.165 , 54.2
3.165 , 54.2
3.166 , 54.15
3.167 , 54.2
3.167 , 54.15
3.168 , 54.13
3.169 , 54.09
3.169 , 54.09
3.17 , 54.09
3.171 , 54.02
3.171 , 54.13
3.172 , 54.06
3.172 , 54.06
3.173 , 54.02
3.174 , 54.02
3.174 , 54.06
3.175 , 53.99
3.176 , 54.02
3.176 , 53.99
3.177 , 53.99
3.178 , 53.99
3.178 , 53.99
3.179 , 53.97
3.18 , 53.97
3.18 , 53.97
3.181 , 53.93
3.182 , 53.97
3.182 , 53.97
3.183 , 53.97
3.184 , 53.9
3.184 , 53.9
3.185 , 53.93
3.186 , 53.93
3.186 , 53.9
3.187 , 53.9
3.188 , 53.93
3.188 , 53.9
3.189 , 53.9
3.19 , 53.86
3.19 , 53.86
3.191 , 53.83
3.192 , 53.86
3.192 , 53.83
3.193 , 53.83
3.194 , 53.83
3.194 , 53.83
3.195 , 53.81
3.196 , 53.81
3.196 , 53.77
3.197 , 53.77
3.197 , 53.77
3.198 , 53.77
3.199 , 53.74
3.199 , 53.77
3.2 , 53.74
3.201 , 53.77
3.201 , 53.7
3.202 , 53.74
3.203 , 53.7
3.203 , 53.7
3.204 , 53.7
3.205 , 53.7
3.205 , 53.74
3.206 , 53.7
3.207 , 53.7
3.207 , 53.63
3.208 , 53.67
3.209 , 53.63
3.209 , 53.63
3.21 , 53.63
3.211 , 53.63
3.211 , 53.6
3.212 , 53.6
3.213 , 53.6
3.213 , 53.58
3.214 , 53.58
3.215 , 53.54
3.215 , 53.54
3.216 , 53.54
3.217 , 53.54
3.217 , 53.51
3.218 , 53.54
3.219 , 53.47
3.219 , 53.44
3.22 , 53.51
3.221 , 53.44
3.221 , 53.44
3.222 , 53.44
3.223 , 53.44
3.223 , 53.44
3.224 , 53.44
3.225 , 53.42
3.226 , 53.44
3.226 , 53.42
3.227 , 53.42
3.228 , 53.38
3.228 , 53.42
3.229 , 53.38
3.23 , 53.38
3.23 , 53.38
3.231 , 53.35
3.232 , 53.35
3.232 , 53.35
3.233 , 53.31
3.234 , 53.35
3.234 , 53.31
3.235 , 53.26
3.236 , 53.28
3.236 , 53.28
3.237 , 53.26
3.238 , 53.22
3.238 , 53.28
3.239 , 53.26
3.24 , 53.22
3.24 , 53.26
3.241 , 53.22
3.242 , 53.22
3.242 , 53.22
3.243 , 53.22
3.244 , 53.22
3.244 , 53.22
3.245 , 53.19
3.246 , 53.19
3.246 , 53.19
3.247 , 53.22
3.248 , 53.22
3.248 , 53.19
3.249 , 53.15
3.25 , 53.15
3.25 , 53.12
3.251 , 53.12
3.252 , 53.12
3.252 , 53.12
3.253 , 53.06
3.254 , 53.06
3.254 , 53.08
3.255 , 53.08
3.256 , 53.06
3.256 , 53.06
3.257 , 53.08
3.258 , 53.06
3.258 , 52.99
3.259 , 53.03
3.26 , 53.06
3.26 , 53.03
3.261 , 52.99
3.262 , 52.99
3.262 , 52.99
3.263 , 52.99
3.264 , 52.99
3.264 , 52.99
3.265 , 52.99
3.266 , 52.96
3.266 , 52.99
3.267 , 52.96
3.268 , 52.99
3.269 , 52.96
3.269 , 52.96
3.27 , 52.96
3.271 , 52.92
3.271 , 52.92
3.272 , 52.92
3.273 , 52.92
3.273 , 52.92
3.274 , 52.92
3.275 , 52.9
3.275 , 52.87
3.276 , 52.83
3.277 , 52.87
3.278 , 52.83
3.278 , 52.83
3.279 , 52.83
3.279 , 52.83
3.28 , 52.83
3.281 , 52.8
3.282 , 52.83
3.282 , 52.8
3.283 , 52.8
3.284 , 52.8
3.284 , 52.76
3.285 , 52.8
3.286 , 52.8
3.286 , 52.76
3.287 , 52.76
3.288 , 52.76
3.289 , 52.76
3.289 , 52.76
3.29 , 52.74
3.291 , 52.71
3.291 , 52.71
3.292 , 52.71
3.293 , 52.67
3.293 , 52.71
3.294 , 52.71
3.295 , 52.53
3.296 , 52.67
3.305 , 52.51
3.305 , 52.51
3.306 , 52.51
3.307 , 52.51
3.307 , 52.48
3.308 , 52.51
3.309 , 52.51
3.309 , 52.48
3.31 , 52.48
3.311 , 52.44
3.312 , 52.44
3.312 , 52.41
3.313 , 52.44
3.314 , 52.41
3.314 , 52.41
3.315 , 52.41
3.316 , 52.37
3.316 , 52.41
3.317 , 52.35
3.318 , 52.37
3.319 , 52.35
3.319 , 52.32
3.32 , 52.35
3.321 , 52.35
3.321 , 52.35
3.322 , 52.35
3.323 , 52.28
3.323 , 52.32
3.324 , 52.32
3.325 , 52.32
3.325 , 52.32
3.326 , 52.28
3.327 , 52.28
3.328 , 52.28
3.328 , 52.28
3.329 , 52.28
3.33 , 52.32
3.33 , 52.28
3.331 , 52.28
3.332 , 52.25
3.332 , 52.21
3.333 , 52.19
3.334 , 52.21
3.334 , 52.21
3.335 , 52.21
3.336 , 52.19
3.337 , 52.14
3.337 , 52.19
3.338 , 52.14
3.339 , 52.14
3.339 , 52.14
3.34 , 52.12
3.341 , 52.12
3.342 , 52.12
3.342 , 52.09
3.343 , 52.12
3.344 , 52.12
3.344 , 52.09
3.345 , 52.12
3.345 , 52.09
3.346 , 52.12
3.347 , 52.09
3.347 , 52.05
3.348 , 52.09
3.349 , 52.09
3.35 , 52.09
3.35 , 52.09
3.351 , 52.05
3.352 , 52.03
3.352 , 52.03
3.353 , 52.03
3.354 , 51.98
3.354 , 51.98
3.355 , 51.96
3.356 , 51.98
3.357 , 51.96
3.357 , 51.98
3.358 , 51.96
3.359 , 51.93
3.359 , 51.96
3.36 , 51.93
3.361 , 51.89
3.361 , 51.93
3.362 , 51.89
3.363 , 51.93
3.363 , 51.89
3.364 , 51.89
3.365 , 51.89
3.366 , 51.89
3.366 , 51.89
3.367 , 51.89
3.368 , 51.89
3.369 , 51.87
3.369 , 51.87
3.37 , 51.82
3.371 , 51.87
3.371 , 51.87
3.372 , 51.82
3.373 , 51.8
3.374 , 51.8
3.374 , 51.82
3.375 , 51.82
3.376 , 51.82
3.376 , 51.82
3.377 , 51.8
3.378 , 51.82
3.378 , 51.77
3.379 , 51.77
3.38 , 51.77
3.38 , 51.77
3.381 , 51.77
3.382 , 51.77
3.382 , 51.77
3.383 , 51.77
3.384 , 51.73
3.384 , 51.77
3.385 , 51.73
3.386 , 51.77
3.387 , 51.73
3.387 , 51.73
3.388 , 51.71
3.389 , 51.71
3.389 , 51.71
3.39 , 51.71
3.391 , 51.71
3.391 , 51.66
3.392 , 51.64
3.393 , 51.64
3.394 , 51.64
3.394 , 51.64
3.395 , 51.59
3.396 , 51.66
3.396 , 51.59
3.397 , 51.59
3.398 , 51.59
3.398 , 51.59
3.399 , 51.59
3.4 , 51.54
3.4 , 51.54
3.401 , 51.5
3.401 , 51.54
3.402 , 51.57
3.403 , 51.54
3.403 , 51.5
3.404 , 51.54
3.405 , 51.54
3.405 , 51.5
3.406 , 51.5
3.407 , 51.5
3.407 , 51.48
3.408 , 51.5
3.409 , 51.5
3.409 , 51.5
3.41 , 51.5
3.411 , 51.5
3.411 , 51.43
3.412 , 51.43
3.413 , 51.43
3.413 , 51.43
3.414 , 51.43
3.414 , 51.43
3.415 , 51.43
3.416 , 51.41
3.416 , 51.41
3.417 , 51.38
3.418 , 51.34
3.418 , 51.38
3.419 , 51.41
3.42 , 51.38
3.42 , 51.38
3.421 , 51.34
3.422 , 51.34
3.422 , 51.38
3.423 , 51.38
3.424 , 51.38
3.424 , 51.38
3.425 , 51.34
3.426 , 51.27
3.426 , 51.34
3.427 , 51.32
3.427 , 51.32
3.428 , 51.34
3.429 , 51.32
3.43 , 51.27
3.43 , 51.27
3.431 , 51.27
3.431 , 51.25
3.432 , 51.27
3.433 , 51.25
3.433 , 51.25
3.434 , 51.25
3.435 , 51.2
3.435 , 51.2
3.436 , 51.2
3.437 , 51.2
3.437 , 51.2
3.438 , 51.18
3.439 , 51.18
3.439 , 51.18
3.44 , 51.18
3.441 , 51.16
3.441 , 51.18
3.442 , 51.18
3.443 , 51.18
3.443 , 51.16
3.444 , 51.16
3.445 , 51.16
3.445 , 51.11
3.446 , 51.16
3.447 , 51.16
3.447 , 51.11
3.448 , 51.09
3.449 , 51.09
3.449 , 51.09
3.45 , 51.09
3.451 , 51.04
3.451 , 51.04
3.452 , 51.04
3.453 , 51.04
3.453 , 51.02
3.454 , 51.04
3.455 , 51.02
3.455 , 51.02
3.456 , 51.0
3.457 , 51.0
3.457 , 51.0
3.458 , 51.02
3.458 , 51.0
3.459 , 50.95
3.46 , 50.95
3.46 , 50.95
3.461 , 50.95
3.462 , 50.93
3.462 , 50.95
3.463 , 50.95
3.464 , 50.93
3.464 , 50.95
3.465 , 50.95
3.466 , 50.93
3.466 , 50.93
3.467 , 50.88
3.468 , 50.88
3.468 , 50.93
3.469 , 50.86
3.47 , 50.88
3.47 , 50.88
3.471 , 50.88
3.472 , 50.88
3.472 , 50.86
3.473 , 50.86
3.474 , 50.84
3.474 , 50.84
3.475 , 50.86
3.476 , 50.86
3.476 , 50.79
3.477 , 50.79
3.478 , 50.77
3.478 , 50.72
3.479 , 50.77
3.48 , 50.77
3.48 , 50.77
3.481 , 50.72
3.482 , 50.77
3.482 , 50.77
3.483 , 50.72
3.483 , 50.72
3.484 , 50.72
3.485 , 50.7
3.485 , 50.72
3.486 , 50.72
3.487 , 50.72
3.487 , 50.72
3.488 , 50.72
3.489 , 50.7
3.489 , 50.7
3.49 , 50.65
3.491 , 50.65
3.491 , 50.65
3.492 , 50.65
3.493 , 50.61
3.493 , 50.65
3.494 , 50.61
3.495 , 50.63
3.495 , 50.61
3.496 , 50.61
3.497 , 50.63
3.497 , 50.56
3.498 , 50.61
3.499 , 50.56
3.499 , 50.56
3.5 , 50.54
3.501 , 50.54
3.501 , 50.56
3.502 , 50.56
3.503 , 50.56
3.503 , 50.54
3.504 , 50.54
3.505 , 50.54
3.505 , 50.54
3.506 , 50.47
3.506 , 50.56
3.507 , 50.54
3.508 , 50.54
3.508 , 50.47
3.509 , 50.49
3.51 , 50.47
3.51 , 50.47
3.511 , 50.47
3.512 , 50.47
3.512 , 50.45
3.513 , 50.45
3.514 , 50.4
3.514 , 50.4
3.515 , 50.38
3.516 , 50.4
3.516 , 50.38
3.517 , 50.38
3.517 , 50.4
3.518 , 50.38
3.519 , 50.38
3.519 , 50.33
3.52 , 50.38
3.521 , 50.33
3.521 , 50.33
3.522 , 50.33
3.523 , 50.33
3.523 , 50.31
3.524 , 50.33
3.525 , 50.31
3.525 , 50.31
3.526 , 50.31
3.526 , 50.33
3.527 , 50.31
3.528 , 50.29
3.528 , 50.29
3.529 , 50.24
3.53 , 50.24
3.53 , 50.24
3.531 , 50.22
3.532 , 50.22
3.532 , 50.22
3.533 , 50.17
3.534 , 50.17
3.534 , 50.15
3.535 , 50.17
3.536 , 50.15
3.536 , 50.17
3.537 , 50.15
3.538 , 50.15
3.538 , 50.15
3.539 , 50.1
3.54 , 50.15
3.54 , 50.1
3.541 , 50.1
3.542 , 50.1
3.542 , 50.1
3.543 , 50.15
3.544 , 50.1
3.545 , 50.08
3.545 , 50.08
3.546 , 50.1
3.546 , 50.06
3.547 , 50.1
3.548 , 50.08
3.548 , 50.06
3.549 , 50.08
3.55 , 50.08
3.55 , 50.06
3.551 , 50.06
3.552 , 50.06
3.552 , 50.01
3.553 , 50.01
3.554 , 50.01
3.554 , 49.99
3.555 , 49.99
3.556 , 49.99
3.557 , 49.99
3.557 , 49.99
3.558 , 49.99
3.559 , 49.94
3.559 , 49.92
3.56 , 49.94
3.561 , 49.94
3.561 , 49.94
3.562 , 49.94
3.563 , 49.92
3.564 , 49.9
3.564 , 49.92
3.565 , 49.92
3.566 , 49.92
3.566 , 49.92
3.567 , 49.92
3.568 , 49.9
3.569 , 49.9
3.569 , 49.9
3.57 , 49.85
3.571 , 49.9
3.571 , 49.85
3.572 , 49.9
3.573 , 49.85
3.573 , 49.85
3.574 , 49.83
3.575 , 49.78
3.576 , 49.78
3.576 , 49.76
3.577 , 49.76
3.578 , 49.76
3.578 , 49.71
3.579 , 49.76
3.58 , 49.76
3.581 , 49.76
3.581 , 49.76
3.582 , 49.71
3.583 , 49.71
3.583 , 49.71
3.584 , 49.71
3.585 , 49.76
3.586 , 49.71
3.586 , 49.71
3.587 , 49.69
3.588 , 49.71
3.589 , 49.69
3.589 , 49.69
3.59 , 49.71
3.591 , 49.67
3.591 , 49.67
3.592 , 49.67
3.593 , 49.62
3.594 , 49.62
3.594 , 49.67
3.595 , 49.67
3.596 , 49.6
3.597 , 49.6
3.597 , 49.62
3.598 , 49.53
3.599 , 49.6
3.6 , 49.55
3.6 , 49.55
3.601 , 49.55
3.602 , 49.55
3.602 , 49.55
3.603 , 49.55
3.604 , 49.55
3.605 , 49.55
3.605 , 49.55
3.606 , 49.51
3.607 , 49.55
3.607 , 49.55
3.608 , 49.55
3.609 , 49.53
3.609 , 49.53
3.61 , 49.53
3.611 , 49.53
3.612 , 49.51
3.612 , 49.53
3.613 , 49.51
3.614 , 49.51
3.614 , 49.51
3.615 , 49.46
3.616 , 49.39
3.617 , 49.39
3.617 , 49.39
3.618 , 49.39
3.619 , 49.39
3.619 , 49.44
3.62 , 49.37
3.621 , 49.37
3.622 , 49.37
3.622 , 49.37
3.623 , 49.37
3.624 , 49.35
3.625 , 49.35
3.625 , 49.37
3.626 , 49.37
3.627 , 49.35
3.627 , 49.35
3.628 , 49.3
3.629 , 49.35
3.629 , 49.35
3.63 , 49.35
3.631 , 49.35
3.632 , 49.3
3.632 , 49.35
3.633 , 49.35
3.634 , 49.3
3.634 , 49.3
3.635 , 49.3
3.636 , 49.3
3.637 , 49.28
3.637 , 49.23
3.638 , 49.28
3.639 , 49.28
3.639 , 49.23
3.64 , 49.23
3.641 , 49.23
3.642 , 49.23
3.642 , 49.23
3.643 , 49.21
3.644 , 49.21
3.644 , 49.14
3.645 , 49.21
3.646 , 49.21
3.647 , 49.23
3.647 , 49.21
3.648 , 49.21
3.649 , 49.21
3.649 , 49.14
3.65 , 49.12
3.651 , 49.14
3.652 , 49.14
3.652 , 49.14
3.653 , 49.14
3.654 , 49.12
3.654 , 49.12
3.655 , 49.12
3.656 , 49.12
3.656 , 49.12
3.657 , 49.12
3.658 , 49.1
3.659 , 49.1
3.659 , 49.05
3.66 , 49.05
3.661 , 49.05
3.661 , 49.03
3.662 , 49.05
3.663 , 49.03
3.664 , 49.05
3.664 , 49.03
3.665 , 49.03
3.666 , 49.03
3.666 , 49.03
3.667 , 49.03
3.668 , 49.03
3.669 , 48.96
3.669 , 48.96
3.67 , 48.96
3.671 , 48.94
3.672 , 48.96
3.672 , 48.94
3.673 , 48.94
3.674 , 48.94
3.674 , 48.94
3.675 , 48.96
3.676 , 48.94
3.677 , 48.89
3.677 , 48.94
3.678 , 48.89
3.679 , 48.89
3.68 , 48.89
3.68 , 48.89
3.681 , 48.87
3.682 , 48.89
3.682 , 48.87
3.683 , 48.87
3.684 , 48.87
3.685 , 48.89
3.685 , 48.82
3.686 , 48.87
3.687 , 48.82
3.687 , 48.82
3.688 , 48.82
3.689 , 48.8
3.69 , 48.82
3.69 , 48.8
3.691 , 48.8
3.692 , 48.8
3.693 , 48.8
3.693 , 48.8
3.694 , 48.8
3.695 , 48.78
3.695 , 48.73
3.696 , 48.73
3.697 , 48.78
3.698 , 48.73
3.698 , 48.73
3.699 , 48.71
3.7 , 48.73
3.701 , 48.71
3.701 , 48.71
3.702 , 48.71
3.703 , 48.66
3.703 , 48.71
3.704 , 48.71
3.705 , 48.73
3.706 , 48.66
3.706 , 48.71
3.707 , 48.66
3.708 , 48.66
3.708 , 48.64
3.709 , 48.64
3.71 , 48.66
3.71 , 48.66
3.711 , 48.64
3.712 , 48.59
3.713 , 48.64
3.713 , 48.64
3.714 , 48.59
3.715 , 48.64
3.715 , 48.57
3.716 , 48.57
3.717 , 48.57
3.718 , 48.55
3.718 , 48.57
3.719 , 48.57
3.72 , 48.57
3.72 , 48.5
3.721 , 48.55
3.722 , 48.5
3.722 , 48.48
3.723 , 48.5
3.724 , 48.5
3.724 , 48.48
3.725 , 48.55
3.726 , 48.5
3.727 , 48.48
3.727 , 48.55
3.728 , 48.48
3.729 , 48.5
3.729 , 48.48
3.73 , 48.48
3.731 , 48.48
3.732 , 48.43
3.732 , 48.48
3.733 , 48.43
3.734 , 48.43
3.734 , 48.41
3.735 , 48.41
3.736 , 48.41
3.736 , 48.41
3.737 , 48.41
3.738 , 48.39
3.739 , 48.39
3.739 , 48.34
3.74 , 48.34
3.741 , 48.34
3.741 , 48.32
3.742 , 48.34
3.743 , 48.34
3.743 , 48.32
3.744 , 48.34
3.745 , 48.34
3.745 , 48.32
3.746 , 48.34
3.747 , 48.34
3.747 , 48.39
3.748 , 48.32
3.749 , 48.32
3.75 , 48.32
3.75 , 48.27
3.751 , 48.27
3.752 , 48.27
3.752 , 48.27
3.753 , 48.27
3.753 , 48.25
3.754 , 48.25
3.755 , 48.25
3.755 , 48.2
3.756 , 48.25
3.757 , 48.2
3.757 , 48.25
3.758 , 48.25
3.759 , 48.18
3.759 , 48.18
3.76 , 48.18
3.761 , 48.2
3.761 , 48.16
3.762 , 48.18
3.763 , 48.18
3.763 , 48.18
3.764 , 48.18
3.765 , 48.18
3.765 , 48.18
3.766 , 48.16
3.767 , 48.11
3.767 , 48.16
3.768 , 48.11
3.769 , 48.11
3.77 , 48.11
3.77 , 48.11
3.771 , 48.11
3.772 , 48.09
3.772 , 48.11
3.773 , 48.11
3.773 , 48.09
3.774 , 48.09
3.775 , 48.09
3.775 , 48.04
3.776 , 48.04
3.777 , 48.04
3.777 , 48.04
3.778 , 48.02
3.779 , 48.02
3.779 , 48.04
3.78 , 48.0
3.781 , 48.0
3.781 , 48.02
3.782 , 48.0
3.783 , 48.0
3.783 , 48.0
3.784 , 48.0
3.785 , 48.0
3.785 , 48.0
3.786 , 48.0
3.787 , 48.0
3.787 , 48.0
3.788 , 48.0
3.789 , 47.93
3.789 , 47.95
3.79 , 47.95
3.791 , 47.88
3.792 , 47.93
3.792 , 47.93
3.793 , 47.93
3.794 , 47.86
3.794 , 47.93
3.795 , 47.88
3.796 , 47.86
3.796 , 47.86
3.797 , 47.86
3.798 , 47.86
3.798 , 47.86
3.799 , 47.84
3.8 , 47.86
3.8 , 47.84
3.801 , 47.86
3.802 , 47.84
3.802 , 47.84
3.803 , 47.79
3.804 , 47.84
3.804 , 47.79
3.805 , 47.84
3.806 , 47.79
3.806 , 47.79
3.807 , 47.79
3.808 , 47.79
3.808 , 47.79
3.809 , 47.77
3.81 , 47.77
3.81 , 47.77
3.811 , 47.79
3.812 , 47.77
3.812 , 47.72
3.813 , 47.77
3.814 , 47.77
3.814 , 47.72
3.815 , 47.72
3.816 , 47.72
3.816 , 47.65
3.817 , 47.7
3.818 , 47.7
3.818 , 47.65
3.819 , 47.7
3.82 , 47.65
3.82 , 47.65
3.821 , 47.7
3.822 , 47.63
3.822 , 47.7
3.823 , 47.63
3.824 , 47.65
3.824 , 47.65
3.825 , 47.63
3.826 , 47.65
3.826 , 47.63
3.827 , 47.63
3.828 , 47.61
3.828 , 47.63
3.829 , 47.63
3.83 , 47.61
3.83 , 47.56
3.831 , 47.61
3.832 , 47.56
3.832 , 47.56
3.833 , 47.56
3.834 , 47.61
3.834 , 47.54
3.835 , 47.54
3.836 , 47.54
3.836 , 47.54
3.837 , 47.54
3.838 , 47.54
3.838 , 47.49
3.839 , 47.49
3.84 , 47.49
3.84 , 47.49
3.841 , 47.49
3.842 , 47.49
3.842 , 47.49
3.843 , 47.47
3.844 , 47.47
3.844 , 47.49
3.845 , 47.54
3.846 , 47.47
3.846 , 47.47
3.847 , 47.47
3.848 , 47.49
3.848 , 47.47
3.849 , 47.45
3.85 , 47.45
3.85 , 47.45
3.851 , 47.45
3.852 , 47.38
3.852 , 47.4
3.853 , 47.45
3.854 , 47.38
3.854 , 47.45
3.855 , 47.4
3.856 , 47.38
3.856 , 47.31
3.857 , 47.33
3.858 , 47.33
3.858 , 47.38
3.859 , 47.31
3.86 , 47.31
3.86 , 47.38
3.861 , 47.31
3.862 , 47.38
3.862 , 47.31
3.863 , 47.26
3.864 , 47.31
3.864 , 47.26
3.865 , 47.26
3.866 , 47.31
3.867 , 47.31
3.867 , 47.33
3.868 , 47.26
3.869 , 47.24
3.869 , 47.24
3.87 , 47.26
3.871 , 47.24
3.871 , 47.24
3.872 , 47.24
3.873 , 47.24
3.873 , 47.22
3.874 , 47.17
3.875 , 47.22
3.875 , 47.17
3.876 , 47.17
3.877 , 47.17
3.878 , 47.17
3.878 , 47.17
3.879 , 47.17
3.88 , 47.15
3.88 , 47.17
3.881 , 47.15
3.882 , 47.15
3.882 , 47.15
3.883 , 47.17
3.884 , 47.15
3.884 , 47.17
3.885 , 47.15
3.886 , 47.1
3.887 , 47.1
3.887 , 47.15
3.888 , 47.08
3.888 , 47.1
3.889 , 47.1
3.89 , 47.08
3.891 , 47.08
3.891 , 47.06
3.892 , 47.06
3.893 , 47.06
3.893 , 47.08
3.894 , 47.08
3.895 , 47.08
3.895 , 47.08
3.896 , 47.01
3.897 , 47.01
3.897 , 47.01
3.898 , 47.01
3.899 , 47.01
3.9 , 46.99
3.9 , 46.99
3.901 , 46.99
3.902 , 46.99
3.902 , 46.99
3.903 , 46.99
3.904 , 46.94
3.904 , 46.94
3.905 , 46.99
3.906 , 46.94
3.906 , 46.99
3.907 , 46.94
3.908 , 46.94
3.909 , 46.94
3.909 , 46.94
3.91 , 46.92
3.911 , 46.94
3.911 , 46.92
3.912 , 46.9
3.913 , 46.9
3.913 , 46.85
3.914 , 46.9
3.915 , 46.9
3.915 , 46.9
3.916 , 46.85
3.917 , 46.83
3.918 , 46.83
3.918 , 46.85
3.919 , 46.83
3.92 , 46.83
3.92 , 46.83
3.921 , 46.83
3.921 , 46.83
3.922 , 46.83
3.923 , 46.83
3.923 , 46.78
3.924 , 46.78
3.925 , 46.83
3.925 , 46.78
3.926 , 46.78
3.927 , 46.76
3.928 , 46.78
3.928 , 46.78
3.929 , 46.78
3.93 , 46.76
3.931 , 46.78
3.931 , 46.78
3.932 , 46.72
3.933 , 46.76
3.933 , 46.72
3.934 , 46.72
3.935 , 46.69
3.935 , 46.72
3.936 , 46.72
3.937 , 46.69
3.937 , 46.67
3.938 , 46.67
3.939 , 46.67
3.94 , 46.67
3.94 , 46.67
3.941 , 46.67
3.942 , 46.62
3.942 , 46.62
3.943 , 46.67
3.944 , 46.67
3.945 , 46.62
3.945 , 46.62
3.946 , 46.67
3.947 , 46.62
3.947 , 46.62
3.948 , 46.62
3.949 , 46.62
3.95 , 46.62
3.95 , 46.62
3.951 , 46.56
3.952 , 46.6
3.952 , 46.56
3.953 , 46.56
3.954 , 46.56
3.954 , 46.56
3.955 , 46.56
3.956 , 46.53
3.957 , 46.53
3.957 , 46.53
3.958 , 46.53
3.959 , 46.51
3.959 , 46.51
3.96 , 46.53
3.961 , 46.51
3.962 , 46.53
3.962 , 46.51
3.963 , 46.53
3.964 , 46.46
3.964 , 46.51
3.965 , 46.51
3.966 , 46.51
3.967 , 46.46
3.967 , 46.46
3.968 , 46.46
3.969 , 46.46
3.969 , 46.46
3.97 , 46.44
3.971 , 46.44
3.972 , 46.44
3.972 , 46.4
3.973 , 46.4
3.974 , 46.44
3.974 , 46.4
3.975 , 46.4
3.976 , 46.37
3.976 , 46.4
3.977 , 46.35
3.978 , 46.35
3.979 , 46.3
3.979 , 46.35
3.98 , 46.37
3.981 , 46.35
3.981 , 46.35
3.982 , 46.35
3.983 , 46.35
3.984 , 46.3
3.984 , 46.28
3.985 , 46.35
3.986 , 46.35
3.986 , 46.3
3.987 , 46.28
3.988 , 46.3
3.989 , 46.3
3.989 , 46.28
3.99 , 46.28
3.991 , 46.23
3.992 , 46.28
3.992 , 46.23
3.993 , 46.23
3.994 , 46.21
3.994 , 46.17
3.995 , 46.21
3.996 , 46.21
3.997 , 46.17
3.997 , 46.21
3.998 , 46.21
3.999 , 46.17
3.999 , 46.21
4.0 , 46.17
4.001 , 46.17
4.002 , 46.17
4.002 , 46.14
4.003 , 46.17
4.004 , 46.14
4.004 , 46.17
4.005 , 46.14
4.006 , 46.17
4.006 , 46.14
4.007 , 46.17
4.008 , 46.14
4.009 , 46.12
4.009 , 46.12
4.01 , 46.14
4.011 , 46.12
4.011 , 46.12
4.012 , 46.07
4.013 , 46.07
4.013 , 46.07
4.014 , 46.07
4.015 , 46.05
4.015 , 46.05
4.016 , 46.01
4.017 , 46.01
4.017 , 46.01
4.018 , 46.01
4.019 , 46.01
4.019 , 46.01
4.02 , 46.01
4.021 , 45.98
4.022 , 45.98
4.022 , 45.98
4.023 , 45.96
4.024 , 46.01
4.024 , 45.98
4.025 , 46.01
4.026 , 45.96
4.027 , 45.98
4.027 , 45.98
4.028 , 45.98
4.029 , 45.96
4.029 , 45.98
4.03 , 45.96
4.031 , 45.91
4.032 , 45.96
4.032 , 45.96
4.033 , 45.89
4.034 , 45.91
4.034 , 45.91
4.035 , 45.89
4.036 , 45.89
4.037 , 45.89
4.037 , 45.89
4.038 , 45.85
4.039 , 45.85
4.039 , 45.89
4.04 , 45.82
4.041 , 45.89
4.042 , 45.85
4.042 , 45.85
4.043 , 45.85
4.044 , 45.85
4.044 , 45.82
4.045 , 45.85
4.046 , 45.82
4.046 , 45.82
4.047 , 45.82
4.048 , 45.82
4.049 , 45.82
4.049 , 45.82
4.05 , 45.78
4.051 , 45.78
4.051 , 45.78
4.052 , 45.78
4.053 , 45.78
4.054 , 45.75
4.054 , 45.75
4.055 , 45.73
4.056 , 45.75
4.056 , 45.75
4.057 , 45.75
4.058 , 45.69
4.058 , 45.73
4.059 , 45.73
4.06 , 45.73
4.06 , 45.69
4.061 , 45.69
4.062 , 45.69
4.063 , 45.73
4.063 , 45.69
4.064 , 45.69
4.065 , 45.69
4.065 , 45.69
4.066 , 45.66
4.067 , 45.69
4.067 , 45.66
4.068 , 45.69
4.069 , 45.62
4.07 , 45.62
4.07 , 45.66
4.071 , 45.62
4.072 , 45.62
4.072 , 45.59
4.073 , 45.59
4.074 , 45.62
4.074 , 45.59
4.075 , 45.59
4.076 , 45.57
4.077 , 45.62
4.077 , 45.57
4.078 , 45.57
4.079 , 45.57
4.079 , 45.57
4.08 , 45.57
4.081 , 45.53
4.082 , 45.57
4.082 , 45.53
4.083 , 45.57
4.084 , 45.53
4.084 , 45.57
4.085 , 45.57
4.086 , 45.53
4.087 , 45.53
4.087 , 45.53
4.088 , 45.53
4.089 , 45.53
4.089 , 45.53
4.09 , 45.5
4.091 , 45.5
4.091 , 45.5
4.092 , 45.5
4.093 , 45.46
4.093 , 45.5
4.094 , 45.43
4.095 , 45.43
4.095 , 45.41
4.096 , 45.43
4.097 , 45.41
4.097 , 45.43
4.098 , 45.41
4.099 , 45.41
4.099 , 45.41
4.1 , 45.41
4.101 , 45.34
4.102 , 45.41
4.102 , 45.41
4.103 , 45.43
4.104 , 45.41
4.104 , 45.34
4.105 , 45.41
4.106 , 45.34
4.106 , 45.34
4.107 , 45.34
4.108 , 45.41
4.108 , 45.3
4.109 , 45.34
4.11 , 45.3
4.11 , 45.27
4.111 , 45.27
4.112 , 45.27
4.112 , 45.27
4.113 , 45.3
4.114 , 45.27
4.114 , 45.27
4.115 , 45.27
4.116 , 45.27
4.116 , 45.27
4.117 , 45.27
4.118 , 45.23
4.118 , 45.2
4.119 , 45.23
4.12 , 45.2
4.12 , 45.2
4.121 , 45.2
4.122 , 45.18
4.122 , 45.18
4.123 , 45.18
4.123 , 45.18
4.124 , 45.2
4.125 , 45.2
4.125 , 45.18
4.126 , 45.14
4.127 , 45.18
4.127 , 45.2
4.128 , 45.14
4.129 , 45.18
4.129 , 45.14
4.13 , 45.18
4.131 , 45.18
4.131 , 45.14
4.132 , 45.11
4.133 , 45.14
4.133 , 45.07
4.134 , 45.11
4.135 , 45.11
4.135 , 45.11
4.136 , 45.04
4.136 , 45.07
4.137 , 45.04
4.138 , 45.07
4.138 , 45.04
4.139 , 45.07
4.14 , 45.04
4.141 , 45.04
4.141 , 45.04
4.142 , 45.04
4.142 , 45.04
4.143 , 45.04
4.144 , 45.04
4.144 , 45.02
4.145 , 45.02
4.146 , 45.04
4.146 , 45.02
4.147 , 45.02
4.148 , 45.04
4.148 , 45.02
4.149 , 45.02
4.15 , 44.98
4.15 , 44.98
4.151 , 44.98
4.152 , 44.98
4.152 , 44.98
4.153 , 44.95
4.154 , 44.95
4.154 , 44.95
4.155 , 44.95
4.156 , 44.91
4.156 , 44.91
4.157 , 44.91
4.158 , 44.91
4.159 , 44.91
4.159 , 44.91
4.16 , 44.91
4.161 , 44.91
4.162 , 44.88
4.162 , 44.91
4.163 , 44.91
4.164 , 44.91
4.164 , 44.88
4.165 , 44.91
4.166 , 44.88
4.166 , 44.88
4.167 , 44.86
4.168 , 44.86
4.168 , 44.88
4.169 , 44.86
4.17 , 44.88
4.17 , 44.82
4.171 , 44.82
4.172 , 44.82
4.172 , 44.86
4.173 , 44.82
4.174 , 44.82
4.175 , 44.82
4.175 , 44.79
4.176 , 44.79
4.177 , 44.79
4.177 , 44.79
4.178 , 44.79
4.179 , 44.79
4.179 , 44.75
4.18 , 44.75
4.181 , 44.79
4.181 , 44.75
4.182 , 44.75
4.183 , 44.79
4.183 , 44.75
4.184 , 44.72
4.184 , 44.75
4.185 , 44.72
4.186 , 44.75
4.186 , 44.72
4.187 , 44.75
4.188 , 44.72
4.188 , 44.75
4.189 , 44.68
4.19 , 44.68
4.19 , 44.68
4.191 , 44.68
4.192 , 44.68
4.192 , 44.66
4.193 , 44.66
4.194 , 44.68
4.195 , 44.68
4.195 , 44.63
4.196 , 44.66
4.197 , 44.63
4.197 , 44.63
4.198 , 44.63
4.199 , 44.63
4.199 , 44.68
4.2 , 44.66
4.201 , 44.66
4.201 , 44.63
4.202 , 44.59
4.203 , 44.66
4.203 , 44.63
4.204 , 44.63
4.205 , 44.63
4.205 , 44.63
4.206 , 44.59
4.207 , 44.63
4.207 , 44.59
4.208 , 44.66
4.209 , 44.59
4.209 , 44.59
4.21 , 44.63
4.211 , 44.59
4.211 , 44.59
4.212 , 44.56
4.213 , 44.56
4.213 , 44.56
4.214 , 44.56
4.215 , 44.52
4.215 , 44.52
4.216 , 44.52
4.216 , 44.52
4.217 , 44.52
4.218 , 44.5
4.218 , 44.5
4.219 , 44.5
4.22 , 44.5
4.22 , 44.47
4.221 , 44.47
4.222 , 44.5
4.222 , 44.5
4.223 , 44.5
4.224 , 44.5
4.224 , 44.5
4.225 , 44.5
4.226 , 44.47
4.226 , 44.5
4.227 , 44.47
4.228 , 44.47
4.228 , 44.47
4.229 , 44.43
4.229 , 44.43
4.23 , 44.47
4.231 , 44.43
4.231 , 44.43
4.232 , 44.43
4.233 , 44.4
4.233 , 44.43
4.234 , 44.4
4.235 , 44.4
4.235 , 44.4
4.236 , 44.4
4.237 , 44.36
4.237 , 44.36
4.238 , 44.34
4.239 , 44.36
4.239 , 44.36
4.24 , 44.36
4.241 , 44.34
4.241 , 44.4
4.242 , 44.29
4.243 , 44.34
4.243 , 44.36
4.244 , 44.34
4.245 , 44.34
4.245 , 44.34
4.246 , 44.34
4.247 , 44.34
4.247 , 44.34
4.248 , 44.27
4.248 , 44.29
4.249 , 44.29
4.25 , 44.29
4.25 , 44.29
4.251 , 44.34
4.252 , 44.34
4.252 , 44.36
4.253 , 44.34
4.254 , 44.34
4.254 , 44.27
4.255 , 44.27
4.255 , 44.24
4.256 , 44.29
4.257 , 44.24
4.257 , 44.24
4.258 , 44.2
4.259 , 44.24
4.26 , 44.2
4.26 , 44.2
4.261 , 44.24
4.261 , 44.2
4.262 , 44.17
4.263 , 44.2
4.263 , 44.24
4.264 , 44.2
4.265 , 44.24
4.265 , 44.24
4.266 , 44.2
4.267 , 44.17
4.267 , 44.2
4.268 , 44.2
4.269 , 44.2
4.269 , 44.17
4.27 , 44.17
4.271 , 44.17
4.271 , 44.17
4.272 , 44.13
4.273 , 44.13
4.273 , 44.17
4.274 , 44.11
4.275 , 44.13
4.275 , 44.11
4.276 , 44.11
4.277 , 44.11
4.277 , 44.08
4.278 , 44.11
4.279 , 44.08
4.279 , 44.11
4.28 , 44.08
4.281 , 44.08
4.281 , 44.04
4.282 , 44.08
4.283 , 44.04
4.283 , 44.08
4.284 , 44.08
4.285 , 44.04
4.285 , 44.08
4.286 , 44.08
4.287 , 44.04
4.287 , 44.08
4.288 , 44.04
4.289 , 44.04
4.289 , 44.08
4.29 , 44.01
4.291 , 44.04
4.291 , 44.01
4.292 , 44.01
4.293 , 43.97
4.293 , 44.01
4.294 , 44.01
4.295 , 44.01
4.295 , 43.97
4.296 , 43.97
4.297 , 44.01
4.297 , 43.95
4.298 , 43.95
4.299 , 43.95
4.299 , 43.95
4.3 , 43.95
4.301 , 43.95
4.301 , 43.95
4.302 , 43.88
4.303 , 43.92
4.303 , 43.92
4.304 , 43.92
4.305 , 43.85
4.305 , 43.92
4.306 , 43.88
4.307 , 43.92
4.308 , 43.88
4.308 , 43.85
4.309 , 43.88
4.31 , 43.88
4.31 , 43.85
4.311 , 43.88
4.32 , 43.79
4.321 , 43.74
4.321 , 43.74
4.322 , 43.74
4.322 , 43.74
4.323 , 43.72
4.324 , 43.79
4.324 , 43.74
4.325 , 43.72
4.326 , 43.79
4.326 , 43.74
4.327 , 43.74
4.328 , 43.72
4.328 , 43.79
4.329 , 43.74
4.33 , 43.74
4.33 , 43.72
4.331 , 43.72
4.332 , 43.72
4.332 , 43.69
4.333 , 43.72
4.334 , 43.69
4.334 , 43.72
4.335 , 43.69
4.336 , 43.65
4.336 , 43.65
4.337 , 43.69
4.338 , 43.58
4.339 , 43.65
4.339 , 43.63
4.34 , 43.63
4.34 , 43.63
4.341 , 43.63
4.342 , 43.65
4.342 , 43.63
4.343 , 43.63
4.344 , 43.58
4.344 , 43.63
4.345 , 43.58
4.346 , 43.63
4.346 , 43.58
4.347 , 43.58
4.348 , 43.58
4.348 , 43.56
4.349 , 43.58
4.35 , 43.58
4.35 , 43.56
4.351 , 43.58
4.352 , 43.53
4.352 , 43.56
4.353 , 43.53
4.354 , 43.53
4.354 , 43.49
4.355 , 43.49
4.356 , 43.49
4.356 , 43.47
4.357 , 43.49
4.358 , 43.49
4.358 , 43.49
4.359 , 43.49
4.36 , 43.47
4.36 , 43.47
4.361 , 43.47
4.362 , 43.42
4.362 , 43.47
4.363 , 43.42
4.364 , 43.47
4.364 , 43.42
4.365 , 43.42
4.366 , 43.47
4.366 , 43.42
4.367 , 43.4
4.368 , 43.4
4.368 , 43.42
4.369 , 43.47
4.37 , 43.4
4.37 , 43.4
4.371 , 43.4
4.372 , 43.42
4.372 , 43.4
4.373 , 43.4
4.374 , 43.37
4.374 , 43.33
4.375 , 43.33
4.376 , 43.37
4.376 , 43.33
4.377 , 43.33
4.378 , 43.33
4.378 , 43.33
4.379 , 43.37
4.38 , 43.33
4.38 , 43.33
4.381 , 43.31
4.382 , 43.33
4.382 , 43.26
4.383 , 43.31
4.384 , 43.33
4.384 , 43.33
4.385 , 43.31
4.386 , 43.31
4.386 , 43.31
4.387 , 43.26
4.388 , 43.26
4.388 , 43.26
4.389 , 43.26
4.39 , 43.26
4.391 , 43.26
4.391 , 43.26
4.392 , 43.26
4.393 , 43.26
4.393 , 43.24
4.394 , 43.24
4.395 , 43.24
4.395 , 43.24
4.396 , 43.19
4.397 , 43.19
4.397 , 43.19
4.398 , 43.17
4.399 , 43.19
4.4 , 43.19
4.4 , 43.19
4.401 , 43.14
4.402 , 43.17
4.402 , 43.17
4.403 , 43.17
4.404 , 43.14
4.404 , 43.19
4.405 , 43.14
4.406 , 43.14
4.407 , 43.17
4.407 , 43.14
4.408 , 43.14
4.409 , 43.14
4.409 , 43.1
4.41 , 43.1
4.411 , 43.14
4.412 , 43.08
4.412 , 43.1
4.413 , 43.1
4.414 , 43.08
4.414 , 43.03
4.415 , 43.08
4.415 , 43.03
4.416 , 43.08
4.417 , 43.08
4.418 , 43.03
4.418 , 43.03
4.419 , 43.03
4.42 , 43.03
4.42 , 43.03
4.421 , 43.03
4.422 , 43.01
4.422 , 43.01
4.423 , 43.01
4.424 , 43.08
4.424 , 43.01
4.425 , 43.01
4.426 , 43.01
4.426 , 42.98
4.427 , 43.01
4.428 , 43.01
4.428 , 42.98
4.429 , 43.01
4.43 , 43.01
4.431 , 42.98
4.431 , 43.01
4.432 , 42.98
4.433 , 42.94
4.433 , 42.98
4.434 , 42.92
4.435 , 42.94
4.436 , 42.98
4.436 , 42.94
4.437 , 42.92
4.438 , 42.92
4.438 , 42.87
4.439 , 42.87
4.44 , 42.87
4.44 , 42.87
4.441 , 42.87
4.442 , 42.87
4.443 , 42.87
4.443 , 42.92
4.444 , 42.87
4.445 , 42.87
4.445 , 42.85
4.446 , 42.87
4.447 , 42.85
4.448 , 42.87
4.448 , 42.87
4.449 , 42.85
4.45 , 42.85
4.45 , 42.85
4.451 , 42.85
4.452 , 42.85
4.453 , 42.8
4.453 , 42.78
4.454 , 42.8
4.455 , 42.78
4.455 , 42.76
4.456 , 42.8
4.457 , 42.76
4.458 , 42.78
4.458 , 42.78
4.459 , 42.76
4.46 , 42.76
4.46 , 42.76
4.461 , 42.76
4.462 , 42.76
4.463 , 42.76
4.463 , 42.76
4.464 , 42.76
4.465 , 42.76
4.465 , 42.78
4.466 , 42.76
4.467 , 42.76
4.468 , 42.71
4.468 , 42.71
4.469 , 42.71
4.47 , 42.71
4.47 , 42.71
4.471 , 42.76
4.472 , 42.69
4.473 , 42.69
4.473 , 42.69
4.474 , 42.69
4.475 , 42.69
4.475 , 42.62
4.476 , 42.64
4.477 , 42.64
4.478 , 42.69
4.478 , 42.62
4.479 , 42.64
4.48 , 42.64
4.48 , 42.64
4.481 , 42.62
4.482 , 42.6
4.482 , 42.62
4.483 , 42.62
4.484 , 42.62
4.485 , 42.62
4.485 , 42.6
4.486 , 42.6
4.487 , 42.62
4.487 , 42.62
4.488 , 42.6
4.489 , 42.55
4.49 , 42.6
4.49 , 42.6
4.491 , 42.55
4.492 , 42.55
4.493 , 42.53
4.493 , 42.53
4.494 , 42.53
4.495 , 42.55
4.495 , 42.55
4.496 , 42.53
4.497 , 42.48
4.498 , 42.53
4.498 , 42.53
4.499 , 42.48
4.5 , 42.46
4.5 , 42.48
4.501 , 42.46
4.502 , 42.48
4.502 , 42.48
4.503 , 42.48
4.504 , 42.48
4.505 , 42.48
4.505 , 42.48
4.506 , 42.48
4.507 , 42.48
4.507 , 42.46
4.508 , 42.46
4.509 , 42.44
4.51 , 42.44
4.51 , 42.46
4.511 , 42.44
4.512 , 42.44
4.512 , 42.44
4.513 , 42.44
4.514 , 42.39
4.514 , 42.44
4.515 , 42.44
4.516 , 42.44
4.516 , 42.39
4.517 , 42.37
4.518 , 42.37
4.519 , 42.37
4.519 , 42.37
4.52 , 42.37
4.521 , 42.37
4.521 , 42.37
4.522 , 42.37
4.523 , 42.32
4.524 , 42.37
4.524 , 42.32
4.525 , 42.37
4.526 , 42.32
4.526 , 42.32
4.527 , 42.32
4.528 , 42.37
4.528 , 42.32
4.529 , 42.32
4.53 , 42.32
4.531 , 42.3
4.531 , 42.3
4.532 , 42.25
4.533 , 42.25
4.533 , 42.3
4.534 , 42.25
4.535 , 42.25
4.535 , 42.23
4.536 , 42.25
4.537 , 42.23
4.537 , 42.25
4.538 , 42.25
4.539 , 42.23
4.539 , 42.23
4.54 , 42.21
4.541 , 42.23
4.541 , 42.21
4.542 , 42.21
4.543 , 42.23
4.544 , 42.23
4.544 , 42.21
4.545 , 42.21
4.546 , 42.16
4.546 , 42.21
4.547 , 42.21
4.548 , 42.21
4.548 , 42.23
4.549 , 42.21
4.55 , 42.16
4.551 , 42.21
4.551 , 42.16
4.552 , 42.21
4.553 , 42.16
4.553 , 42.14
4.554 , 42.14
4.555 , 42.09
4.555 , 42.09
4.556 , 42.09
4.557 , 42.09
4.557 , 42.09
4.558 , 42.09
4.559 , 42.09
4.559 , 42.09
4.56 , 42.09
4.561 , 42.09
4.561 , 42.09
4.562 , 42.09
4.563 , 42.07
4.563 , 42.07
4.564 , 42.09
4.565 , 42.09
4.565 , 42.14
4.566 , 42.09
4.567 , 42.09
4.567 , 42.07
4.568 , 42.09
4.569 , 42.07
4.569 , 42.07
4.57 , 42.07
4.571 , 42.07
4.572 , 42.05
4.572 , 42.05
4.573 , 42.05
4.574 , 42.05
4.574 , 42.0
4.575 , 42.05
4.576 , 42.05
4.576 , 42.0
4.577 , 42.0
4.578 , 42.0
4.578 , 41.93
4.579 , 41.98
4.58 , 41.98
4.581 , 41.98
4.581 , 41.98
4.582 , 41.98
4.583 , 41.98
4.583 , 41.98
4.584 , 41.93
4.585 , 42.0
4.585 , 41.93
4.586 , 42.0
4.587 , 41.98
4.587 , 41.93
4.588 , 41.91
4.589 , 41.91
4.59 , 41.98
4.59 , 41.93
4.591 , 41.91
4.592 , 41.91
4.592 , 41.91
4.593 , 41.91
4.594 , 41.86
4.594 , 41.86
4.595 , 41.86
4.596 , 41.84
4.596 , 41.86
4.597 , 41.86
4.598 , 41.84
4.598 , 41.84
4.599 , 41.86
4.6 , 41.84
4.6 , 41.82
4.601 , 41.86
4.602 , 41.82
4.602 , 41.84
4.603 , 41.84
4.604 , 41.84
4.604 , 41.84
4.605 , 41.84
4.606 , 41.84
4.606 , 41.84
4.607 , 41.82
4.608 , 41.84
4.608 , 41.84
4.609 , 41.82
4.61 , 41.82
4.61 , 41.82
4.611 , 41.82
4.612 , 41.82
4.612 , 41.77
4.613 , 41.77
4.614 , 41.77
4.614 , 41.7
4.615 , 41.7
4.616 , 41.7
4.616 , 41.68
4.617 , 41.7
4.618 , 41.68
4.618 , 41.68
4.619 , 41.68
4.62 , 41.68
4.62 , 41.68
4.621 , 41.68
4.622 , 41.66
4.622 , 41.66
4.623 , 41.66
4.624 , 41.68
4.624 , 41.7
4.625 , 41.68
4.626 , 41.66
4.626 , 41.68
4.627 , 41.66
4.628 , 41.66
4.629 , 41.61
4.629 , 41.68
4.63 , 41.68
4.631 , 41.61
4.631 , 41.66
4.632 , 41.59
4.633 , 41.59
4.633 , 41.61
4.634 , 41.59
4.635 , 41.59
4.635 , 41.59
4.636 , 41.59
4.636 , 41.61
4.637 , 41.59
4.638 , 41.54
4.638 , 41.54
4.639 , 41.52
4.64 , 41.54
4.64 , 41.54
4.641 , 41.54
4.642 , 41.54
4.642 , 41.54
4.643 , 41.52
4.644 , 41.54
4.644 , 41.59
4.645 , 41.52
4.645 , 41.52
4.646 , 41.54
4.647 , 41.52
4.648 , 41.5
4.648 , 41.52
4.649 , 41.52
4.65 , 41.5
4.65 , 41.52
4.651 , 41.5
4.651 , 41.5
4.652 , 41.52
4.653 , 41.52
4.653 , 41.5
4.654 , 41.45
4.655 , 41.45
4.655 , 41.45
4.656 , 41.45
4.657 , 41.45
4.657 , 41.43
4.658 , 41.5
4.659 , 41.43
4.659 , 41.43
4.66 , 41.43
4.661 , 41.38
4.661 , 41.43
4.662 , 41.43
4.663 , 41.43
4.663 , 41.31
4.664 , 41.36
4.664 , 41.36
4.665 , 41.36
4.666 , 41.36
4.666 , 41.36
4.667 , 41.31
4.668 , 41.38
4.669 , 41.36
4.669 , 41.29
4.67 , 41.31
4.67 , 41.31
4.671 , 41.29
4.672 , 41.31
4.672 , 41.31
4.673 , 41.31
4.674 , 41.29
4.674 , 41.29
4.675 , 41.27
4.676 , 41.27
4.676 , 41.29
4.677 , 41.27
4.678 , 41.27
4.678 , 41.27
4.679 , 41.22
4.68 , 41.22
4.68 , 41.27
4.681 , 41.27
4.682 , 41.22
4.682 , 41.22
4.683 , 41.2
4.683 , 41.2
4.684 , 41.22
4.685 , 41.27
4.685 , 41.22
4.686 , 41.22
4.687 , 41.22
4.687 , 41.22
4.688 , 41.2
4.689 , 41.2
4.689 , 41.2
4.69 , 41.2
4.691 , 41.2
4.691 , 41.2
4.692 , 41.2
4.693 , 41.15
4.693 , 41.15
4.694 , 41.15
4.695 , 41.15
4.695 , 41.15
4.696 , 41.13
4.697 , 41.13
4.697 , 41.15
4.698 , 41.11
4.699 , 41.11
4.699 , 41.13
4.7 , 41.11
4.701 , 41.11
4.701 , 41.13
4.702 , 41.13
4.703 , 41.11
4.703 , 41.13
4.704 , 41.06
4.704 , 41.11
4.705 , 41.11
4.706 , 41.11
4.706 , 41.06
4.707 , 41.11
4.708 , 41.06
4.708 , 41.06
4.709 , 41.11
4.71 , 41.06
4.71 , 41.06
4.711 , 41.06
4.712 , 41.06
4.712 , 41.04
4.713 , 40.99
4.714 , 40.99
4.714 , 40.99
4.715 , 40.99
4.715 , 40.97
4.716 , 40.97
4.717 , 41.04
4.717 , 40.99
4.718 , 40.99
4.719 , 40.97
4.719 , 40.99
4.72 , 40.95
4.721 , 40.95
4.721 , 40.95
4.722 , 40.9
4.723 , 40.95
4.723 , 40.97
4.724 , 40.95
4.725 , 40.97
4.725 , 40.95
4.726 , 40.95
4.727 , 40.97
4.727 , 40.95
4.728 , 40.95
4.729 , 40.95
4.729 , 40.95
4.73 , 40.9
4.73 , 40.9
4.731 , 40.95
4.732 , 40.9
4.732 , 40.9
4.733 , 40.88
4.734 , 40.88
4.734 , 40.9
4.735 , 40.88
4.736 , 40.83
4.736 , 40.9
4.737 , 40.9
4.738 , 40.83
4.738 , 40.88
4.739 , 40.88
4.74 , 40.9
4.74 , 40.81
4.741 , 40.83
4.742 , 40.81
4.742 , 40.81
4.743 , 40.83
4.744 , 40.81
4.744 , 40.81
4.745 , 40.88
4.746 , 40.81
4.746 , 40.81
4.747 , 40.81
4.748 , 40.81
4.748 , 40.81
4.749 , 40.81
4.75 , 40.76
4.75 , 40.76
4.751 , 40.81
4.752 , 40.76
4.752 , 40.72
4.753 , 40.7
4.754 , 40.72
4.754 , 40.72
4.755 , 40.72
4.756 , 40.7
4.756 , 40.72
4.757 , 40.7
4.758 , 40.65
4.758 , 40.7
4.759 , 40.7
4.76 , 40.7
4.76 , 40.65
4.761 , 40.7
4.762 , 40.65
4.762 , 40.72
4.763 , 40.65
4.763 , 40.65
4.764 , 40.7
4.765 , 40.7
4.765 , 40.65
4.766 , 40.7
4.767 , 40.72
4.767 , 40.72
4.768 , 40.72
4.769 , 40.7
4.769 , 40.7
4.77 , 40.65
4.771 , 40.7
4.771 , 40.65
4.772 , 40.63
4.773 , 40.65
4.773 , 40.65
4.774 , 40.65
4.775 , 40.63
4.775 , 40.65
4.776 , 40.65
4.777 , 40.63
4.777 , 40.63
4.778 , 40.63
4.779 , 40.58
4.779 , 40.58
4.78 , 40.58
4.781 , 40.58
4.781 , 40.56
4.782 , 40.63
4.783 , 40.58
4.783 , 40.58
4.784 , 40.58
4.785 , 40.56
4.785 , 40.58
4.786 , 40.56
4.787 , 40.56
4.787 , 40.58
4.788 , 40.56
4.789 , 40.58
4.789 , 40.58
4.79 , 40.56
4.791 , 40.58
4.791 , 40.54
4.792 , 40.54
4.793 , 40.56
4.793 , 40.54
4.794 , 40.49
4.795 , 40.54
4.795 , 40.54
4.796 , 40.49
4.797 , 40.54
4.797 , 40.47
4.798 , 40.49
4.799 , 40.47
4.799 , 40.49
4.8 , 40.47
4.801 , 40.49
4.801 , 40.49
4.802 , 40.47
4.802 , 40.47
4.803 , 40.47
4.804 , 40.47
4.804 , 40.47
4.805 , 40.42
4.806 , 40.42
4.807 , 40.47
4.807 , 40.47
4.808 , 40.42
4.809 , 40.42
4.809 , 40.47
4.81 , 40.4
4.811 , 40.42
4.811 , 40.42
4.812 , 40.47
4.813 , 40.35
4.813 , 40.4
4.814 , 40.4
4.815 , 40.4
4.815 , 40.35
4.816 , 40.33
4.817 , 40.35
4.817 , 40.35
4.818 , 40.33
4.819 , 40.33
4.819 , 40.33
4.82 , 40.33
4.821 , 40.33
4.821 , 40.35
4.822 , 40.31
4.822 , 40.33
4.823 , 40.33
4.824 , 40.33
4.824 , 40.31
4.825 , 40.33
4.826 , 40.31
4.826 , 40.33
4.827 , 40.33
4.828 , 40.33
4.828 , 40.33
4.829 , 40.31
4.83 , 40.31
4.83 , 40.33
4.831 , 40.31
4.832 , 40.26
4.832 , 40.26
4.833 , 40.26
4.834 , 40.26
4.834 , 40.24
4.835 , 40.24
4.836 , 40.24
4.836 , 40.24
4.837 , 40.24
4.838 , 40.19
4.839 , 40.19
4.839 , 40.24
4.84 , 40.19
4.841 , 40.19
4.841 , 40.24
4.842 , 40.19
4.842 , 40.24
4.843 , 40.24
4.844 , 40.19
4.844 , 40.19
4.845 , 40.17
4.846 , 40.19
4.847 , 40.17
4.847 , 40.19
4.848 , 40.19
4.849 , 40.17
4.849 , 40.17
4.85 , 40.17
4.851 , 40.17
4.852 , 40.17
4.852 , 40.15
4.853 , 40.15
4.854 , 40.15
4.854 , 40.15
4.855 , 40.15
4.856 , 40.17
4.856 , 40.15
4.857 , 40.08
4.858 , 40.15
4.858 , 40.1
4.859 , 40.1
4.86 , 40.08
4.86 , 40.1
4.861 , 40.15
4.862 , 40.08
4.862 , 40.1
4.863 , 40.1
4.864 , 40.1
4.865 , 40.1
4.865 , 40.1
4.866 , 40.08
4.867 , 40.1
4.867 , 40.08
4.868 , 40.1
4.869 , 40.08
4.869 , 40.1
4.87 , 40.15
4.871 , 40.08
4.871 , 40.08
4.872 , 40.08
4.873 , 40.08
4.873 , 40.08
4.874 , 40.03
4.875 , 40.08
4.875 , 40.03
4.876 , 40.08
4.877 , 40.03
4.877 , 40.01
4.878 , 40.01
4.879 , 39.99