t,pwm
14.002 , 28530.6
14.004 , 28510.77
14.006 , 28591.32
14.008 , 28571.77
14.011 , 28542.03
14.013 , 28522.24
14.015 , 28502.35
14.017 , 28582.86
14.019 , 28563.31
14.022 , 28533.51
14.024 , 28513.69
14.026 , 28493.76
14.028 , 28473.78
14.03 , 28594.31
14.033 , 28564.74
14.035 , 28545.06
14.037 , 28525.33
14.039 , 28505.49
14.042 , 28475.45
14.044 , 28575.98
14.046 , 28556.4
14.049 , 28526.59
14.051 , 28506.8
14.053 , 28486.87
14.055 , 28466.85
14.058 , 28517.03
14.06 , 28497.16
14.062 , 28477.2
14.064 , 28457.15
14.066 , 28437.02
14.069 , 28406.65
14.071 , 28567.15
14.073 , 28547.56
14.075 , 28527.9
14.078 , 28498.0
14.08 , 28478.1
14.082 , 28458.04
14.084 , 28638.97
14.087 , 28609.63
14.089 , 28590.29
14.091 , 28570.83
14.093 , 28551.28
14.096 , 28662.19
14.098 , 28643.12
14.1 , 28623.93
14.102 , 28604.63
14.104 , 28585.25
14.107 , 28555.67
14.109 , 28616.46
14.111 , 28597.13
14.113 , 28577.74
14.115 , 28558.19
14.118 , 28528.52
14.12 , 28508.73
14.122 , 28589.41
14.124 , 28569.95
14.127 , 28540.32
14.129 , 28520.59
14.131 , 28500.83
14.133 , 28480.94
14.136 , 28551.34
14.138 , 28531.71
14.14 , 28511.99
14.142 , 28492.16
14.144 , 28472.25
14.147 , 28442.14
14.149 , 28542.61
14.151 , 28522.98
14.153 , 28503.2
14.155 , 28483.38
14.158 , 28453.31
14.16 , 28433.25
14.162 , 28573.86
14.165 , 28544.29
14.167 , 28524.63
14.169 , 28504.93
14.171 , 28485.11
14.174 , 28555.58
14.176 , 28536.01
14.178 , 28516.35
14.18 , 28496.59
14.183 , 28466.65
14.185 , 28446.65
14.187 , 28567.27
14.189 , 28547.78
14.191 , 28528.19
14.194 , 28498.42
14.196 , 28478.59
14.198 , 28458.69
14.2 , 28599.44
14.203 , 28570.04
14.205 , 28550.57
14.207 , 28531.04
14.209 , 28511.38
14.212 , 28481.54
14.214 , 28582.21
14.216 , 28562.84
14.218 , 28543.35
14.221 , 28513.67
14.223 , 28493.94
14.225 , 28474.11
14.227 , 28594.86
14.23 , 28565.45
14.232 , 28545.98
14.234 , 28526.42
14.236 , 28506.76
14.238 , 28487.0
14.241 , 28617.86
14.243 , 28598.66
14.245 , 28579.39
14.247 , 28559.97
14.25 , 28530.43
14.252 , 28571.06
14.254 , 28551.66
14.256 , 28532.13
14.259 , 28502.42
14.261 , 28482.65
14.263 , 28462.79
14.265 , 28543.33
14.268 , 28513.68
14.27 , 28493.95
14.272 , 28474.18
14.274 , 28454.29
14.276 , 28434.29
14.279 , 28524.71
14.281 , 28505.08
14.283 , 28485.38
14.285 , 28465.52
14.288 , 28435.51
14.29 , 28415.44
14.292 , 28536.02
14.294 , 28516.46
14.297 , 28486.71
14.299 , 28466.88
14.301 , 28447.01
14.304 , 28416.89
14.306 , 28557.58
14.308 , 28538.15
14.31 , 28518.61
14.313 , 28488.86
14.315 , 28469.12
14.317 , 28549.75
14.319 , 28530.28
14.322 , 28500.63
14.324 , 28480.92
14.326 , 28461.11
14.328 , 28441.21
14.33 , 28521.71
14.333 , 28492.0
14.335 , 28472.29
14.337 , 28452.42
14.339 , 28432.52
14.342 , 28402.37
14.344 , 28502.82
14.346 , 28483.11
14.348 , 28463.38
14.351 , 28433.39
14.353 , 28413.41
14.355 , 28393.3
14.357 , 28493.73
14.36 , 28463.94
14.362 , 28444.09
14.364 , 28424.15
14.366 , 28404.11
14.368 , 28384.01
14.371 , 28534.55
14.373 , 28515.07
14.375 , 28495.5
14.377 , 28475.87
14.379 , 28456.07
14.382 , 28426.15
14.384 , 28546.79
14.386 , 28527.42
14.389 , 28497.8
14.391 , 28478.19
14.393 , 28458.45
14.395 , 28559.23
14.398 , 28529.78
14.4 , 28510.33
14.402 , 28490.72
14.404 , 28471.08
14.407 , 28441.22
14.409 , 28521.78
14.411 , 28502.27
14.413 , 28482.67
14.415 , 28462.99
14.418 , 28433.07
14.42 , 28413.13
14.422 , 28513.71
14.424 , 28494.2
14.427 , 28464.45
14.429 , 28444.7
14.431 , 28424.79
14.433 , 28404.85
14.436 , 28515.35
14.438 , 28495.86
14.44 , 28476.25
14.442 , 28456.54
14.445 , 28426.62
14.447 , 28406.7
14.449 , 28507.25
14.451 , 28487.71
14.453 , 28468.07
14.456 , 28438.25
14.458 , 28418.37
14.46 , 28398.39
14.462 , 28478.86
14.465 , 28449.07
14.467 , 28429.28
14.469 , 28409.34
14.471 , 28389.36
14.474 , 28479.73
14.476 , 28460.12
14.478 , 28440.34
14.481 , 28410.44
14.483 , 28390.42
14.485 , 28370.37
14.487 , 28551.17
14.49 , 28521.84
14.492 , 28502.41
14.494 , 28482.9
14.496 , 28463.28
14.499 , 28433.48
14.501 , 28534.19
14.503 , 28514.87
14.505 , 28495.42
14.507 , 28475.87
14.51 , 28446.14
14.512 , 28426.36
14.514 , 28486.89
14.516 , 28467.28
14.518 , 28447.63
14.521 , 28417.74
14.523 , 28397.85
14.525 , 28377.83
14.528 , 28468.26
14.53 , 28448.57
14.532 , 28428.85
14.534 , 28408.97
14.537 , 28378.97
14.539 , 28499.56
14.541 , 28480.07
14.543 , 28460.49
14.546 , 28430.72
14.548 , 28410.89
14.55 , 28390.97
14.552 , 28471.46
14.554 , 28451.85
14.557 , 28422.04
14.559 , 28402.19
14.561 , 28382.27
14.563 , 28362.18
14.566 , 28452.57
14.568 , 28432.85
14.57 , 28413.1
14.573 , 28383.09
14.575 , 28363.1
14.577 , 28342.94
14.579 , 28443.34
14.582 , 28413.5
14.584 , 28393.67
14.586 , 28373.68
14.588 , 28353.65
14.591 , 28323.41
14.593 , 28463.92
14.595 , 28444.32
14.597 , 28424.63
14.6 , 28394.73
14.602 , 28374.82
14.604 , 28435.18
14.606 , 28415.46
14.608 , 28395.66
14.611 , 28365.63
14.613 , 28345.59
14.615 , 28325.4
14.617 , 28465.98
14.62 , 28436.3
14.622 , 28416.64
14.624 , 28396.84
14.626 , 28376.95
14.629 , 28346.84
14.631 , 28427.25
14.633 , 28407.49
14.635 , 28387.69
14.638 , 28357.68
14.64 , 28337.61
14.642 , 28317.45
14.644 , 28377.61
14.646 , 28357.68
14.649 , 28327.51
14.651 , 28307.31
14.653 , 28287.01
14.655 , 28266.65
14.658 , 28376.73
14.66 , 28356.83
14.662 , 28336.77
14.665 , 28306.58
14.667 , 28286.28
14.669 , 28406.66
14.671 , 28386.89
14.674 , 28356.94
14.676 , 28336.91
14.678 , 28316.84
14.681 , 28286.52
14.683 , 28406.89
14.685 , 28387.12
14.687 , 28367.31
14.69 , 28337.29
14.692 , 28317.21
14.694 , 28297.04
14.696 , 28397.36
14.698 , 28377.63
14.701 , 28347.64
14.703 , 28327.63
14.705 , 28307.53
14.707 , 28287.35
14.709 , 28367.53
14.712 , 28337.58
14.714 , 28317.51
14.716 , 28297.4
14.719 , 28267.05
14.721 , 28246.7
14.723 , 28407.12
14.725 , 28387.45
14.728 , 28357.56
14.73 , 28337.68
14.732 , 28317.67
14.734 , 28438.27
14.737 , 28408.65
14.739 , 28389.04
14.741 , 28369.29
14.743 , 28349.45
14.745 , 28329.54
14.748 , 28399.9
14.75 , 28380.22
14.752 , 28360.45
14.754 , 28340.6
14.757 , 28310.52
14.759 , 28290.44
14.761 , 28370.67
14.763 , 28350.89
14.766 , 28320.87
14.768 , 28300.85
14.77 , 28280.68
14.773 , 28250.38
14.775 , 28350.62
14.777 , 28330.74
14.779 , 28310.76
14.782 , 28280.6
14.784 , 28260.35
14.786 , 28240.06
14.788 , 28340.24
14.79 , 28320.33
14.793 , 28290.24
14.795 , 28270.09
14.797 , 28249.87
14.799 , 28229.49
14.802 , 28379.86
14.804 , 28360.17
14.806 , 28340.42
14.808 , 28320.54
14.811 , 28290.48
14.813 , 28370.83
14.815 , 28351.15
14.817 , 28331.3
14.819 , 28311.42
14.822 , 28281.33
14.824 , 28261.18
14.826 , 28361.52
14.828 , 28341.78
14.831 , 28311.85
14.833 , 28291.86
14.835 , 28271.78
14.837 , 28251.6
14.839 , 28372.07
14.842 , 28342.28
14.844 , 28322.49
14.846 , 28302.55
14.848 , 28282.57
14.851 , 28252.34
14.853 , 28392.9
14.855 , 28373.35
14.858 , 28343.62
14.86 , 28323.79
14.87 , 28343.73
14.872 , 28323.99
14.875 , 28294.01
14.877 , 28274.03
14.879 , 28354.37
14.882 , 28324.61
14.884 , 28304.73
14.886 , 28284.81
14.888 , 28264.77
14.891 , 28395.35
14.893 , 28375.83
14.895 , 28356.29
14.898 , 28326.49
14.9 , 28306.7
14.902 , 28286.75
14.904 , 28306.98
14.907 , 28276.98
14.909 , 28256.92
14.911 , 28236.77
14.913 , 28216.52
14.915 , 28196.21
14.918 , 28286.24
14.92 , 28266.25
14.922 , 28246.17
14.924 , 28226.02
14.927 , 28195.63
14.929 , 28175.24
14.931 , 28315.49
14.933 , 28295.71
14.936 , 28265.68
14.938 , 28245.65
14.94 , 28225.5
14.942 , 28205.25
14.945 , 28315.5
14.947 , 28295.74
14.949 , 28275.82
14.951 , 28255.87
14.954 , 28225.67
14.956 , 28326.08
14.958 , 28306.35
14.96 , 28286.54
14.962 , 28266.65
14.965 , 28236.52
14.967 , 28216.37
14.969 , 28276.5
14.971 , 28256.58
14.974 , 28226.42
14.976 , 28206.26
14.978 , 28185.94
14.98 , 28165.59
14.983 , 28275.7
14.985 , 28255.81
14.987 , 28235.76
14.99 , 28205.58
14.992 , 28185.29
14.994 , 28164.96
14.996 , 28265.1
14.998 , 28245.14
15.001 , 28214.98
15.003 , 28194.81
15.005 , 28174.52
15.007 , 28154.13
15.009 , 28294.49
15.012 , 28264.59
15.014 , 28244.69
15.016 , 28224.64
15.018 , 28204.55
15.021 , 28174.22
15.023 , 28294.57
15.025 , 28274.79
15.027 , 28254.96
15.03 , 28224.9
15.032 , 28204.83
15.034 , 28345.42
15.036 , 28325.96
15.038 , 28306.38
15.041 , 28276.61
15.043 , 28256.78
15.045 , 28236.86
15.047 , 28377.67
15.05 , 28348.24
15.052 , 28328.78
15.054 , 28309.22
15.056 , 28289.6
15.058 , 28269.82
15.061 , 28320.3
15.063 , 28300.68
15.065 , 28281.03
15.067 , 28261.21
15.07 , 28231.27
15.072 , 28211.25
15.074 , 28311.75
15.076 , 28292.13
15.078 , 28272.42
15.081 , 28242.49
15.083 , 28222.56
15.085 , 28202.51
15.087 , 28282.83
15.09 , 28253.0
15.092 , 28233.11
15.094 , 28213.15
15.096 , 28193.04
15.098 , 28172.88
15.101 , 28242.99
15.103 , 28223.1
15.105 , 28203.08
15.107 , 28182.97
15.11 , 28152.64
15.112 , 28132.31
15.114 , 28192.24
15.116 , 28172.12
15.118 , 28151.88
15.12 , 28131.54
15.123 , 28101.01
15.125 , 28080.42
15.127 , 28200.46
15.129 , 28180.35
15.131 , 28160.2
15.134 , 28129.82
15.136 , 28109.43
15.138 , 28088.92
15.14 , 28229.11
15.142 , 28209.21
15.145 , 28179.12
15.147 , 28158.94
15.149 , 28138.73
15.151 , 28118.39
15.153 , 28238.67
15.156 , 28208.74
15.158 , 28188.77
15.16 , 28168.72
15.162 , 28148.52
15.165 , 28218.64
15.167 , 28198.73
15.169 , 28178.75
15.171 , 28158.64
15.174 , 28128.35
15.176 , 28107.98
15.178 , 28248.37
15.18 , 28228.6
15.183 , 28198.7
15.185 , 28178.69
15.187 , 28158.64
15.189 , 28138.47
15.192 , 28248.82
15.194 , 28229.11
15.196 , 28209.29
15.198 , 28189.39
15.2 , 28169.38
15.203 , 28139.19
15.205 , 28159.12
15.207 , 28139.01
15.209 , 28118.74
15.212 , 28088.34
15.214 , 28067.83
15.216 , 28047.28
15.218 , 28167.29
15.22 , 28147.25
15.223 , 28116.96
15.225 , 28096.68
15.227 , 28076.27
15.229 , 28055.77
15.231 , 28216.06
15.234 , 28186.17
15.236 , 28166.23
15.238 , 28146.19
15.24 , 28126.08
15.243 , 28216.32
15.245 , 28196.57
15.247 , 28176.67
15.249 , 28156.73
15.252 , 28126.54
15.254 , 28106.36
15.256 , 28166.43
15.258 , 28146.46
15.261 , 28116.24
15.263 , 28096.02
15.265 , 28075.65
15.267 , 28055.23
15.269 , 28175.38
15.272 , 28145.36
15.274 , 28125.28
15.276 , 28105.11
15.278 , 28084.87
15.281 , 28054.38
15.283 , 28154.46
15.285 , 28134.45
15.287 , 28114.38
15.29 , 28084.05
15.292 , 28063.74
15.294 , 28043.26
15.296 , 28183.55
15.299 , 28153.6
15.301 , 28133.65
15.303 , 28113.54
15.305 , 28093.39
15.307 , 28073.12
15.31 , 28163.29
15.312 , 28143.38
15.314 , 28123.37
15.316 , 28103.26
15.318 , 28083.06
15.321 , 28052.67
15.323 , 28092.52
15.325 , 28072.31
15.327 , 28051.94
15.33 , 28021.42
15.332 , 28000.84
15.334 , 28080.67
15.336 , 28060.37
15.338 , 28040.03
15.341 , 28009.45
15.343 , 27988.87
15.345 , 27968.16
15.347 , 28088.07
15.349 , 28067.87
15.352 , 28037.49
15.354 , 28017.05
15.356 , 27996.51
15.358 , 27975.91
15.36 , 28136.04
15.363 , 28106.02
15.365 , 28085.95
15.367 , 28065.81
15.37 , 28035.43
15.372 , 28015.05
15.374 , 28135.22
15.376 , 28115.35
15.378 , 28095.35
15.381 , 28065.17
15.383 , 28044.89
15.385 , 28024.59
15.387 , 28084.54
15.389 , 28064.41
15.392 , 28034.09
15.394 , 28013.72
15.396 , 27993.25
15.398 , 27972.69
15.401 , 28062.53
15.403 , 28042.32
15.405 , 28022.05
15.407 , 28001.62
15.41 , 27971.06
15.412 , 27950.39
15.414 , 28110.61
15.416 , 28090.64
15.419 , 28060.55
15.421 , 28040.38
15.423 , 28020.1
15.425 , 28140.42
15.427 , 28120.65
15.43 , 28090.67
15.432 , 28070.7
15.434 , 28050.59
15.436 , 28030.39
15.438 , 28070.42
15.441 , 28040.21
15.443 , 28020.0
15.445 , 27999.64
15.447 , 27979.24
15.45 , 27948.59
15.452 , 28108.84
15.454 , 28088.94
15.456 , 28069.0
15.459 , 28038.82
15.461 , 28018.64
15.463 , 27998.31
15.465 , 28118.65
15.467 , 28098.86
15.47 , 28068.88
15.472 , 28048.84
15.474 , 28028.7
15.476 , 28008.5
15.478 , 28068.53
15.481 , 28038.42
15.483 , 28018.25
15.485 , 27998.01
15.488 , 27967.53
15.49 , 27947.05
15.492 , 28067.13
15.494 , 28047.16
15.497 , 28016.95
15.499 , 27996.73
15.501 , 27976.37
15.503 , 28116.76
15.505 , 28097.03
15.508 , 28067.12
15.51 , 28047.14
15.512 , 28027.07
15.514 , 28006.91
15.516 , 28087.15
15.519 , 28057.2
15.521 , 28037.2
15.523 , 28017.13
15.526 , 27986.81
15.528 , 27966.5
15.53 , 28026.42
15.532 , 28006.31
15.534 , 27986.05
15.537 , 27955.66
15.539 , 27935.16
15.541 , 27914.62
15.543 , 28054.76
15.545 , 28034.79
15.548 , 28004.61
15.55 , 27984.44
15.552 , 27964.14
15.554 , 27943.74
15.556 , 28063.96
15.559 , 28033.95
15.561 , 28013.95
15.563 , 27993.78
15.566 , 27963.46
15.568 , 27943.09
15.57 , 27962.86
15.572 , 27942.46
15.575 , 27911.94
15.577 , 27891.3
15.579 , 27870.63
15.581 , 27849.8
15.584 , 27979.65
15.586 , 27959.37
15.588 , 27939.06
15.59 , 27918.63
15.592 , 27898.1
15.595 , 28028.15
15.597 , 28008.21
15.599 , 27988.14
15.601 , 27967.97
15.604 , 27937.62
15.606 , 27917.21
15.608 , 27977.13
15.61 , 27956.89
15.613 , 27926.5
15.615 , 27906.06
15.617 , 27885.55
15.619 , 27864.89
15.621 , 28025.11
15.624 , 27995.06
15.626 , 27975.02
15.628 , 27954.81
15.63 , 27934.58
15.633 , 27904.1
15.635 , 28044.39
15.637 , 28024.59
15.639 , 28004.68
15.641 , 27984.72
15.644 , 27954.5
15.646 , 27934.26
15.648 , 27974.22
15.65 , 27954.12
15.653 , 27923.77
15.655 , 27903.43
15.657 , 27882.93
15.659 , 27862.39
15.662 , 27952.23
15.664 , 27932.06
15.666 , 27911.72
15.668 , 27891.35
15.67 , 27870.85
15.673 , 27840.17
15.675 , 27899.81
15.677 , 27879.38
15.679 , 27858.85
15.682 , 27828.13
15.684 , 27807.35
15.686 , 27907.08
15.688 , 27886.74
15.69 , 27866.24
15.693 , 27835.63
15.695 , 27814.89
15.697 , 27794.12
15.7 , 27923.9
15.702 , 27903.69
15.704 , 27883.32
15.706 , 27862.92
15.708 , 27842.38
15.711 , 27811.66
15.713 , 27911.45
15.715 , 27891.21
15.717 , 27870.85
15.719 , 27850.38
15.721 , 27829.85
15.724 , 27799.07
15.726 , 27999.4
15.728 , 27979.57
15.731 , 27949.59
15.733 , 27929.55
15.735 , 27909.44
15.737 , 27889.18
15.74 , 27979.39
15.742 , 27959.48
15.744 , 27939.54
15.746 , 27919.44
15.749 , 27889.22
15.751 , 27868.88
15.753 , 27928.92
15.755 , 27908.82
15.757 , 27888.62
15.76 , 27858.21
15.762 , 27837.79
15.764 , 27917.76
15.766 , 27897.63
15.769 , 27867.31
15.771 , 27846.94
15.781 , 27906.47
15.783 , 27886.31
15.786 , 27855.97
15.788 , 27835.58
15.79 , 27935.68
15.792 , 27915.72
15.795 , 27885.52
15.797 , 27865.29
15.799 , 27844.96
15.801 , 27824.57
15.804 , 27934.61
15.806 , 27914.68
15.808 , 27894.59
15.811 , 27864.34
15.813 , 27844.04
15.815 , 27823.67
15.817 , 27903.65
15.82 , 27873.5
15.822 , 27853.23
15.824 , 27832.93
15.826 , 27812.47
15.828 , 27791.97
15.831 , 27881.82
15.833 , 27861.68
15.835 , 27841.42
15.837 , 27821.06
15.839 , 27800.63
15.842 , 27769.96
15.844 , 27889.97
15.846 , 27869.88
15.848 , 27849.71
15.851 , 27819.3
15.853 , 27798.9
15.855 , 27939.14
15.858 , 27909.26
15.86 , 27889.26
15.862 , 27869.22
15.864 , 27849.02
15.867 , 27818.7
15.869 , 27898.74
15.871 , 27878.77
15.873 , 27858.67
15.875 , 27838.47
15.878 , 27808.06
15.88 , 27787.65
15.882 , 27867.62
15.884 , 27847.49
15.887 , 27817.18
15.889 , 27796.8
15.891 , 27776.37
15.893 , 27755.77
15.896 , 27905.91
15.898 , 27886.01
15.9 , 27866.03
15.903 , 27835.81
15.905 , 27815.6
15.907 , 27795.23
15.909 , 27895.45
15.912 , 27865.39
15.914 , 27845.34
15.916 , 27825.14
15.918 , 27804.9
15.921 , 27854.79
15.923 , 27834.71
15.925 , 27814.5
15.927 , 27794.19
15.929 , 27773.79
15.932 , 27743.2
15.934 , 27843.15
15.936 , 27823.01
15.938 , 27802.8
15.94 , 27782.44
15.943 , 27751.92
15.945 , 27731.34
15.947 , 27851.41
15.95 , 27821.22
15.952 , 27801.04
15.954 , 27780.7
15.956 , 27760.32
15.959 , 27729.7
15.961 , 27809.56
15.963 , 27789.28
15.965 , 27768.97
15.967 , 27748.53
15.97 , 27717.91
15.972 , 27697.23
15.974 , 27837.26
15.976 , 27817.18
15.979 , 27786.92
15.981 , 27766.61
15.983 , 27746.2
15.985 , 27725.72
15.988 , 27795.51
15.99 , 27775.29
15.992 , 27754.91
15.994 , 27734.5
15.997 , 27703.84
15.999 , 27803.79
16.001 , 27783.58
16.003 , 27763.33
16.006 , 27732.84
16.008 , 27712.35
16.01 , 27691.7
16.012 , 27831.83
16.014 , 27811.82
16.017 , 27781.63
16.019 , 27761.38
16.021 , 27741.03
16.023 , 27720.59
16.025 , 27880.94
16.028 , 27851.12
16.03 , 27831.24
16.032 , 27811.29
16.034 , 27791.19
16.036 , 27771.05
16.039 , 27841.17
16.041 , 27821.29
16.043 , 27801.28
16.045 , 27781.18
16.048 , 27750.86
16.05 , 27730.54
16.052 , 27850.81
16.054 , 27830.98
16.056 , 27811.07
16.059 , 27780.92
16.061 , 27760.74
16.063 , 27740.47
16.065 , 27820.64
16.067 , 27800.67
16.07 , 27770.52
16.072 , 27750.28
16.074 , 27730.01
16.076 , 27709.58
16.078 , 27849.88
16.081 , 27820.0
16.083 , 27800.06
16.085 , 27780.03
16.087 , 27759.89
16.09 , 27729.57
16.092 , 27890.13
16.094 , 27870.55
16.096 , 27850.88
16.099 , 27821.0
16.101 , 27801.13
16.103 , 27901.72
16.105 , 27882.21
16.107 , 27862.65
16.11 , 27832.84
16.112 , 27813.03
16.114 , 27793.06
16.116 , 27873.57
16.118 , 27853.94
16.121 , 27824.12
16.123 , 27804.25
16.125 , 27784.29
16.127 , 27764.22
16.129 , 27824.45
16.132 , 27794.5
16.134 , 27774.5
16.136 , 27754.43
16.139 , 27724.12
16.141 , 27703.78
16.143 , 27763.76
16.145 , 27743.66
16.147 , 27723.43
16.15 , 27693.02
16.152 , 27672.52
16.154 , 27651.98
16.156 , 27731.79
16.158 , 27711.53
16.161 , 27681.09
16.163 , 27660.58
16.165 , 27639.95
16.167 , 27619.29
16.169 , 27739.21
16.172 , 27708.94
16.174 , 27688.63
16.176 , 27668.18
16.178 , 27647.68
16.18 , 27627.03
16.183 , 27757.02
16.185 , 27736.96
16.187 , 27716.83
16.189 , 27696.57
16.192 , 27666.13
16.194 , 27645.6
16.196 , 27725.54
16.198 , 27705.35
16.201 , 27674.97
16.203 , 27654.54
16.205 , 27634.01
16.207 , 27613.38
16.209 , 27693.14
16.211 , 27672.85
16.214 , 27642.31
16.216 , 27621.79
16.218 , 27601.1
16.22 , 27580.37
16.222 , 27700.24
16.225 , 27669.9
16.227 , 27649.51
16.229 , 27629.02
16.231 , 27608.41
16.233 , 27728.44
16.236 , 27698.27
16.238 , 27678.05
16.24 , 27657.76
16.242 , 27637.31
16.244 , 27616.83
16.247 , 27666.52
16.249 , 27646.17
16.251 , 27625.72
16.253 , 27605.2
16.255 , 27584.56
16.258 , 27553.73
16.26 , 27653.41
16.262 , 27633.06
16.264 , 27612.58
16.266 , 27592.0
16.269 , 27561.24
16.271 , 27540.43
16.273 , 27720.53
16.275 , 27700.52
16.278 , 27670.32
16.28 , 27650.07
16.282 , 27629.76
16.284 , 27609.28
16.286 , 27769.67
16.289 , 27739.81
16.291 , 27719.96
16.293 , 27699.98
16.295 , 27679.9
16.298 , 27649.61
16.3 , 27790.13
16.302 , 27770.52
16.304 , 27750.81
16.306 , 27731.03
16.309 , 27701.01
16.311 , 27680.96
16.313 , 27721.12
16.315 , 27701.18
16.317 , 27681.14
16.32 , 27650.95
16.322 , 27630.64
16.324 , 27610.29
16.326 , 27650.09
16.329 , 27619.76
16.331 , 27599.35
16.333 , 27578.84
16.335 , 27558.24
16.337 , 27537.53
16.34 , 27667.42
16.342 , 27647.3
16.344 , 27627.06
16.346 , 27606.72
16.348 , 27586.32
16.351 , 27696.36
16.353 , 27676.38
16.355 , 27656.31
16.357 , 27636.17
16.36 , 27605.79
16.362 , 27585.41
16.364 , 27685.47
16.366 , 27665.49
16.369 , 27635.28
16.371 , 27615.06
16.373 , 27594.72
16.375 , 27574.28
16.377 , 27694.46
16.379 , 27674.53
16.382 , 27644.42
16.384 , 27624.24
16.386 , 27604.01
16.388 , 27583.61
16.391 , 27693.74
16.393 , 27673.84
16.395 , 27653.87
16.397 , 27633.76
16.4 , 27603.48
16.402 , 27583.11
16.404 , 27602.91
16.406 , 27582.54
16.408 , 27562.14
16.41 , 27541.62
16.413 , 27510.9
16.415 , 27490.1
16.417 , 27609.98
16.419 , 27589.72
16.421 , 27569.36
16.424 , 27538.82
16.426 , 27518.22
16.428 , 27497.55
16.43 , 27637.53
16.433 , 27607.35
16.435 , 27587.12
16.437 , 27566.82
16.439 , 27546.39
16.441 , 27525.87
16.444 , 27655.9
16.446 , 27635.97
16.448 , 27615.91
16.45 , 27595.75
16.453 , 27565.4
16.455 , 27545.0
16.457 , 27725.52
16.459 , 27705.92
16.462 , 27676.14
16.464 , 27656.31
16.466 , 27636.41
16.468 , 27777.15
16.47 , 27757.86
16.473 , 27728.32
16.475 , 27708.79
16.477 , 27689.12
16.479 , 27669.36
16.482 , 27699.69
16.484 , 27680.02
16.486 , 27660.22
16.488 , 27640.33
16.491 , 27610.25
16.493 , 27590.12
16.495 , 27670.39
16.497 , 27650.56
16.499 , 27630.64
16.502 , 27600.53
16.504 , 27580.39
16.506 , 27560.1
16.508 , 27660.37
16.511 , 27630.39
16.513 , 27610.39
16.515 , 27590.29
16.517 , 27570.13
16.519 , 27549.84
16.522 , 27619.87
16.524 , 27599.81
16.526 , 27579.71
16.528 , 27559.49
16.531 , 27529.07
16.533 , 27508.58
16.535 , 27608.64
16.537 , 27588.58
16.539 , 27568.43
16.542 , 27538.08
16.544 , 27517.69
16.546 , 27557.52
16.548 , 27537.2
16.551 , 27506.73
16.553 , 27486.19
16.555 , 27465.59
16.557 , 27444.87
16.559 , 27564.77
16.562 , 27534.43
16.564 , 27514.09
16.566 , 27493.63
16.568 , 27473.08
16.571 , 27442.34
16.573 , 27542.13
16.575 , 27521.84
16.577 , 27501.45
16.579 , 27480.96
16.582 , 27450.29
16.584 , 27429.59
16.586 , 27589.63
16.588 , 27569.64
16.591 , 27539.4
16.593 , 27519.17
16.595 , 27498.81
16.597 , 27478.35
16.6 , 27528.07
16.602 , 27507.8
16.604 , 27487.4
16.606 , 27466.92
16.608 , 27446.33
16.611 , 27415.55
16.613 , 27555.5
16.615 , 27535.4
16.617 , 27515.18
16.619 , 27494.87
16.622 , 27464.36
16.624 , 27443.8
16.626 , 27543.77
16.628 , 27523.59
16.63 , 27503.37
16.633 , 27472.9
16.635 , 27452.44
16.637 , 27431.85
16.639 , 27531.79
16.642 , 27501.49
16.644 , 27481.2
16.646 , 27460.78
16.648 , 27440.26
16.651 , 27590.45
16.653 , 27570.59
16.655 , 27550.63
16.657 , 27530.58
16.66 , 27500.34
16.662 , 27480.04
16.664 , 27580.28
16.666 , 27560.36
16.669 , 27530.29
16.671 , 27510.16
16.673 , 27489.96
16.675 , 27469.64
16.677 , 27610.03
16.688 , 27499.39
16.69 , 27559.53
16.692 , 27539.62
16.694 , 27519.55
16.697 , 27489.32
16.699 , 27469.04
16.701 , 27448.69
16.703 , 27528.73
16.706 , 27498.57
16.708 , 27478.32
16.71 , 27458.04
16.712 , 27437.63
16.714 , 27417.12
16.717 , 27527.15
16.719 , 27507.1
16.721 , 27486.96
16.723 , 27466.72
16.726 , 27436.29
16.728 , 27415.81
16.73 , 27475.65
16.732 , 27455.35
16.734 , 27435.01
16.737 , 27404.42
16.739 , 27383.84
16.741 , 27363.13
16.743 , 27483.04
16.746 , 27452.72
16.748 , 27432.4
16.75 , 27411.96
16.752 , 27391.42
16.754 , 27370.81
16.757 , 27460.55
16.759 , 27440.28
16.761 , 27419.9
16.763 , 27399.43
16.765 , 27378.86
16.768 , 27348.14
16.77 , 27488.11
16.772 , 27468.03
16.774 , 27447.8
16.777 , 27417.44
16.779 , 27397.0
16.781 , 27497.05
16.783 , 27476.98
16.786 , 27446.79
16.788 , 27426.48
16.79 , 27406.14
16.792 , 27385.67
16.794 , 27485.69
16.797 , 27455.51
16.799 , 27435.33
16.801 , 27415.03
16.803 , 27394.62
16.806 , 27364.04
16.808 , 27463.99
16.81 , 27443.88
16.812 , 27423.61
16.814 , 27403.31
16.817 , 27372.76
16.819 , 27352.21
16.821 , 27391.84
16.823 , 27371.37
16.826 , 27340.69
16.828 , 27320.01
16.83 , 27299.2
16.832 , 27278.3
16.834 , 27357.84
16.837 , 27327.12
16.839 , 27306.38
16.841 , 27285.54
16.843 , 27264.64
16.845 , 27243.61
16.848 , 27453.59
16.85 , 27433.48
16.852 , 27413.35
16.854 , 27393.05
16.857 , 27362.63
16.859 , 27342.12
16.861 , 27442.12
16.863 , 27421.99
16.865 , 27401.82
16.868 , 27371.44
16.87 , 27351.0
16.872 , 27451.09
16.874 , 27431.06
16.877 , 27400.82
16.879 , 27380.58
16.881 , 27360.21
16.883 , 27339.74
16.885 , 27500.1
16.888 , 27470.23
16.89 , 27450.35
16.892 , 27430.32
16.894 , 27410.26
16.897 , 27379.95
16.899 , 27440.03
16.901 , 27419.99
16.903 , 27399.86
16.906 , 27369.51
16.908 , 27349.17
16.91 , 27328.71
16.912 , 27468.94
16.914 , 27449.11
16.917 , 27419.03
16.919 , 27398.93
16.921 , 27378.73
16.924 , 27348.35
16.926 , 27528.92
16.928 , 27509.41
16.93 , 27489.74
16.932 , 27470.04
16.935 , 27440.1
16.937 , 27420.16
16.939 , 27480.47
16.942 , 27450.62
16.944 , 27430.68
16.946 , 27410.7
16.948 , 27390.6
16.951 , 27420.61
16.953 , 27400.56
16.955 , 27380.42
16.957 , 27360.18
16.959 , 27339.85
16.962 , 27309.33
16.964 , 27449.55
16.966 , 27429.71
16.968 , 27409.71
16.971 , 27379.56
16.973 , 27359.35
16.975 , 27339.07
16.977 , 27419.18
16.98 , 27389.09
16.982 , 27368.91
16.984 , 27348.7
16.987 , 27318.24
16.989 , 27297.79
16.991 , 27417.9
16.993 , 27397.92
16.996 , 27367.73
16.998 , 27347.54
17.0 , 27327.23
17.002 , 27306.81
17.004 , 27427.02
17.007 , 27397.03
17.009 , 27376.95
17.011 , 27356.84
17.013 , 27336.6
17.015 , 27316.26
17.018 , 27305.85
17.02 , 27285.34
17.022 , 27264.79
17.024 , 27244.09
17.026 , 27223.35
17.029 , 27353.17
17.031 , 27332.99
17.033 , 27312.65
17.035 , 27292.28
17.037 , 27271.78
17.04 , 27241.09
17.042 , 27441.45
17.044 , 27421.71
17.046 , 27401.91
17.048 , 27381.95
17.051 , 27351.83
17.053 , 27331.66
17.055 , 27391.83
17.057 , 27371.87
17.059 , 27351.81
17.062 , 27321.53
17.064 , 27301.25
17.066 , 27280.85
17.068 , 27380.95
17.07 , 27360.96
17.073 , 27330.78
17.075 , 27310.54
17.077 , 27290.21
17.079 , 27269.78
17.081 , 27410.06
17.084 , 27380.18
17.086 , 27360.19
17.088 , 27340.15
17.09 , 27319.96
17.093 , 27289.62
17.095 , 27369.69
17.097 , 27349.72
17.099 , 27329.6
17.101 , 27309.44
17.104 , 27279.03
17.106 , 27258.63
17.108 , 27378.82
17.11 , 27358.89
17.112 , 27338.9
17.115 , 27308.67
17.117 , 27288.4
17.119 , 27268.04
17.121 , 27408.42
17.123 , 27388.67
17.126 , 27358.73
17.128 , 27338.7
17.13 , 27318.64
17.132 , 27298.46
17.135 , 27368.59
17.137 , 27348.66
17.139 , 27328.64
17.141 , 27308.52
17.144 , 27278.21
17.146 , 27257.85
17.148 , 27337.86
17.15 , 27317.83
17.153 , 27287.56
17.155 , 27267.26
17.157 , 27246.87
17.159 , 27407.3
17.161 , 27387.62
17.164 , 27357.77
17.166 , 27337.81
17.168 , 27317.82
17.17 , 27297.66
17.173 , 27408.07
17.175 , 27388.41
17.177 , 27368.65
17.179 , 27348.76
17.181 , 27328.84
17.184 , 27298.7
17.186 , 27479.52
17.188 , 27460.22
17.19 , 27440.84
17.193 , 27411.23
17.195 , 27391.64
17.197 , 27371.91
17.199 , 27452.59
17.201 , 27433.21
17.204 , 27403.57
17.206 , 27383.94
17.208 , 27364.15
17.21 , 27344.33
17.212 , 27344.47
17.215 , 27314.43
17.217 , 27294.34
17.219 , 27274.15
17.221 , 27253.87
17.224 , 27223.4
17.226 , 27323.47
17.228 , 27303.45
17.23 , 27283.36
17.232 , 27263.11
17.235 , 27232.71
17.237 , 27212.25
17.239 , 27352.54
17.241 , 27332.69
17.243 , 27312.74
17.246 , 27282.58
17.248 , 27262.42
17.25 , 27242.13
17.252 , 27282.05
17.254 , 27261.87
17.257 , 27231.51
17.259 , 27211.06
17.261 , 27190.57
17.263 , 27290.56
17.265 , 27270.45
17.268 , 27240.15
17.27 , 27219.8
17.272 , 27199.39
17.274 , 27178.81
17.276 , 27278.8
17.279 , 27248.54
17.281 , 27228.29
17.283 , 27207.88
17.285 , 27187.44
17.288 , 27156.75
17.29 , 27216.48
17.292 , 27196.07
17.294 , 27175.56
17.296 , 27154.98
17.299 , 27124.16
17.301 , 27103.31
17.303 , 27243.17
17.305 , 27222.96
17.307 , 27202.63
17.31 , 27172.11
17.312 , 27151.5
17.314 , 27130.85
17.316 , 27250.76
17.318 , 27230.6
17.321 , 27200.24
17.323 , 27179.84
17.325 , 27159.3
17.327 , 27138.73
17.329 , 27339.13
17.332 , 27309.34
17.334 , 27289.5
17.336 , 27269.57
17.338 , 27249.56
17.341 , 27219.31
17.343 , 27339.75
17.345 , 27320.08
17.347 , 27300.34
17.349 , 27280.45
17.352 , 27250.43
17.354 , 27230.29
17.356 , 27330.72
17.358 , 27311.02
17.361 , 27281.13
17.363 , 27261.16
17.365 , 27241.15
17.367 , 27221.02
17.369 , 27321.39
17.372 , 27291.57
17.374 , 27271.7
17.376 , 27251.76
17.378 , 27231.66
17.381 , 27322.01
17.383 , 27302.3
17.385 , 27282.53
17.387 , 27262.63
17.39 , 27232.55
17.392 , 27212.38
17.394 , 27212.29
17.396 , 27192.05
17.399 , 27161.63
17.401 , 27141.16
17.403 , 27120.59
17.405 , 27099.92
17.407 , 27219.84
17.41 , 27189.59
17.412 , 27169.28
17.414 , 27148.91
17.416 , 27128.38
17.419 , 27097.69
17.421 , 27237.76
17.423 , 27217.75
17.425 , 27197.62
17.427 , 27177.38
17.43 , 27146.94
17.432 , 27126.5
17.434 , 27206.4
17.436 , 27186.27
17.438 , 27166.01
17.441 , 27135.56
17.443 , 27115.03
17.445 , 27094.46
17.447 , 27174.27
17.449 , 27153.97
17.452 , 27123.5
17.454 , 27102.96
17.456 , 27082.36
17.458 , 27061.6
17.46 , 27261.91
17.463 , 27231.97
17.465 , 27212.04
17.467 , 27191.97
17.469 , 27171.82
17.472 , 27141.44
17.474 , 27281.85
17.476 , 27262.15
17.478 , 27242.36
17.481 , 27212.35
17.483 , 27192.34
17.485 , 27272.72
17.487 , 27252.99
17.49 , 27223.08
17.492 , 27203.11
17.494 , 27183.07
17.496 , 27162.88
17.499 , 27172.74
17.501 , 27152.54
17.503 , 27132.27
17.505 , 27111.87
17.507 , 27091.38
17.51 , 27060.67
17.512 , 27200.77
17.514 , 27180.74
17.516 , 27160.61
17.518 , 27140.38
17.521 , 27109.97
17.523 , 27089.48
17.525 , 27169.45
17.527 , 27149.29
17.53 , 27118.95
17.532 , 27098.58
17.534 , 27078.05
17.536 , 27057.49
17.538 , 27197.57
17.541 , 27167.5
17.543 , 27147.37
17.545 , 27127.17
17.547 , 27106.81
17.549 , 27086.42
17.552 , 27216.56
17.554 , 27196.73
17.556 , 27176.77
17.558 , 27156.71
17.561 , 27126.44
17.563 , 27106.17
17.565 , 27206.4
17.567 , 27186.52
17.569 , 27166.56
17.572 , 27136.36
17.574 , 27116.16
17.576 , 27176.19
17.578 , 27156.2
17.581 , 27125.96
17.583 , 27105.73
17.585 , 27085.37
17.595 , 27124.79
17.598 , 27094.5
17.6 , 27074.09
17.602 , 27053.63
17.604 , 27073.21
17.606 , 27052.76
17.609 , 27022.07
17.611 , 27001.39
17.613 , 26980.55
17.615 , 27140.56
17.617 , 27120.46
17.62 , 27090.17
17.622 , 27069.82
17.624 , 27049.38
17.626 , 27028.87
17.628 , 27169.01
17.631 , 27138.99
17.633 , 27118.91
17.635 , 27098.77
17.637 , 27078.5
17.64 , 27048.04
17.642 , 27208.42
17.644 , 27188.75
17.646 , 27168.94
17.649 , 27138.95
17.651 , 27118.91
17.653 , 27098.77
17.655 , 27179.0
17.658 , 27149.08
17.66 , 27129.1
17.662 , 27109.02
17.664 , 27088.88
17.667 , 27058.49
17.669 , 27118.49
17.671 , 27098.38
17.673 , 27078.17
17.676 , 27047.78
17.678 , 27027.36
17.68 , 27006.78
17.682 , 27126.85
17.684 , 27106.78
17.687 , 27076.59
17.689 , 27056.31
17.691 , 27035.93
17.693 , 27095.84
17.696 , 27065.61
17.698 , 27045.27
17.7 , 27024.88
17.702 , 27004.38
17.704 , 26983.77
17.707 , 27053.46
17.709 , 27033.14
17.711 , 27012.7
17.713 , 26992.16
17.715 , 26971.55
17.718 , 26940.7
17.72 , 27100.75
17.722 , 27080.64
17.724 , 27060.5
17.726 , 27040.24
17.729 , 27009.78
17.731 , 26989.24
17.733 , 27129.47
17.735 , 27109.57
17.737 , 27089.57
17.74 , 27059.39
17.742 , 27039.15
17.744 , 27018.85
17.746 , 27098.89
17.749 , 27068.77
17.751 , 27048.6
17.753 , 27028.36
17.755 , 27007.99
17.757 , 26987.52
17.76 , 27077.44
17.762 , 27057.37
17.764 , 27037.16
17.767 , 27006.78
17.769 , 26986.33
17.771 , 26965.79
17.773 , 27146.11
17.776 , 27116.32
17.778 , 27096.44
17.78 , 27076.46
17.782 , 27056.39
17.785 , 27086.44
17.787 , 27066.42
17.789 , 27046.31
17.792 , 27016.02
17.794 , 26995.67
17.796 , 26975.25
17.798 , 27095.39
17.8 , 27075.48
17.803 , 27045.33
17.805 , 27025.14
17.807 , 27004.87
17.809 , 26984.52
17.812 , 27094.62
17.814 , 27074.73
17.816 , 27054.69
17.818 , 27034.61
17.821 , 27004.31
17.823 , 26983.96
17.825 , 27104.2
17.827 , 27084.39
17.829 , 27064.45
17.832 , 27034.32
17.834 , 27014.14
17.836 , 26993.86
17.838 , 27114.2
17.84 , 27094.4
17.843 , 27064.44
17.845 , 27044.43
17.847 , 27024.35
17.849 , 27004.12
17.852 , 27034.08
17.854 , 27013.9
17.856 , 26993.69
17.858 , 26973.35
17.861 , 26942.83
17.863 , 26922.21
17.865 , 27102.55
17.867 , 27082.77
17.869 , 27062.9
17.872 , 27032.84
17.874 , 27012.73
17.876 , 27093.06
17.878 , 27073.22
17.881 , 27043.23
17.883 , 27023.18
17.885 , 27003.07
17.887 , 26982.83
17.89 , 27012.7
17.892 , 26992.48
17.894 , 26972.24
17.896 , 26951.86
17.899 , 26921.3
17.901 , 26900.69
17.903 , 26980.48
17.905 , 26960.14
17.907 , 26939.76
17.91 , 26909.17
17.912 , 26888.52
17.914 , 26867.78
17.916 , 27007.74
17.919 , 26977.52
17.921 , 26957.23
17.923 , 26936.85
17.925 , 26916.38
17.928 , 26885.75
17.93 , 27086.1
17.932 , 27066.42
17.934 , 27046.58
17.936 , 27026.71
17.939 , 26996.61
17.941 , 26976.46
17.943 , 27036.58
17.945 , 27016.67
17.948 , 26986.51
17.95 , 26966.36
17.952 , 26946.08
17.954 , 27066.42
17.957 , 27036.52
17.959 , 27016.64
17.961 , 26996.63
17.963 , 26976.52
17.966 , 26946.22
17.968 , 27086.64
17.97 , 27067.02
17.973 , 27037.16
17.975 , 27017.27
17.977 , 26997.28
17.979 , 26977.23
17.982 , 27047.44
17.984 , 27027.64
17.986 , 27007.7
17.988 , 26987.71
17.991 , 26957.48
17.993 , 26937.25
17.995 , 27037.46
17.997 , 27017.63
18.0 , 26987.57
18.002 , 26967.5
18.004 , 26947.31
18.006 , 26927.03
18.008 , 27027.3
18.01 , 27007.39
18.013 , 26977.33
18.015 , 26957.21
18.017 , 26937.02
18.019 , 26916.71
18.021 , 26996.77
18.024 , 26966.64
18.026 , 26946.52
18.028 , 26926.28
18.03 , 26905.93
18.033 , 26975.87
18.035 , 26955.82
18.037 , 26935.6
18.039 , 26915.36
18.041 , 26894.98
18.044 , 26864.42
18.046 , 26964.43
18.048 , 26944.28
18.05 , 26924.1
18.052 , 26903.76
18.055 , 26873.27
18.057 , 26852.72
18.059 , 26992.91
18.061 , 26972.94
18.063 , 26952.93
18.066 , 26922.67
18.068 , 26902.43
18.07 , 26882.05
18.072 , 27022.38
18.075 , 26992.49
18.077 , 26972.61
18.079 , 26952.6
18.081 , 26932.49
18.084 , 26902.2
18.086 , 27042.65
18.088 , 27023.04
18.09 , 27003.26
18.092 , 26983.46
18.095 , 26953.4
18.097 , 26933.35
18.099 , 27073.95
18.102 , 27044.42
18.104 , 27024.77
18.106 , 27005.08
18.108 , 26985.28
18.11 , 26965.37
18.113 , 27075.93
18.115 , 27056.51
18.117 , 27036.96
18.119 , 27017.32
18.121 , 26997.58
18.124 , 27148.58
18.126 , 27129.53
18.128 , 27110.32
18.13 , 27091.08
18.132 , 27071.68
18.135 , 27042.15
18.137 , 27042.63
18.139 , 27023.03
18.141 , 27003.29
18.144 , 26973.43
18.146 , 26953.46
18.148 , 26933.44
18.15 , 27074.11
18.153 , 27044.58
18.155 , 27024.97
18.157 , 27005.33
18.159 , 26985.55
18.162 , 26955.59
18.164 , 27056.18
18.166 , 27036.66
18.168 , 27017.09
18.17 , 26997.35
18.173 , 26967.46
18.175 , 26947.51
18.177 , 27068.22
18.179 , 27048.75
18.182 , 27019.15
18.184 , 26999.44
18.186 , 26979.7
18.188 , 26959.82
18.191 , 26969.94
18.193 , 26950.0
18.195 , 26930.02
18.197 , 26909.91
18.2 , 26879.61
18.202 , 26859.26
18.204 , 26919.23
18.206 , 26899.12
18.208 , 26878.85
18.211 , 26848.43
18.213 , 26827.95
18.215 , 26927.99
18.217 , 26907.92
18.219 , 26887.75
18.222 , 26857.36
18.224 , 26836.98
18.226 , 26816.47
18.228 , 26976.76
18.231 , 26946.84
18.233 , 26926.93
18.235 , 26906.85
18.237 , 26886.74
18.239 , 26866.51
18.242 , 27077.28
18.244 , 27058.03
18.246 , 27038.62
18.248 , 27019.18
18.251 , 26989.5
18.253 , 26969.79
18.255 , 27110.78
18.257 , 27091.71
18.26 , 27062.38
18.262 , 27043.07
18.264 , 27023.59
18.266 , 27004.09
18.268 , 27044.75
18.271 , 27015.22
18.273 , 26995.62
18.275 , 26975.97
18.278 , 26946.08
18.28 , 26926.2
18.282 , 26946.39
18.284 , 26926.48
18.286 , 26906.51
18.289 , 26876.29
18.291 , 26856.04
18.293 , 26936.21
18.296 , 26906.18
18.298 , 26886.09
18.3 , 26865.94
18.302 , 26845.63
18.304 , 26825.29
18.307 , 26935.38
18.309 , 26915.5
18.311 , 26895.45
18.313 , 26875.37
18.316 , 26845.05
18.318 , 26824.73
18.32 , 27025.38
18.322 , 27005.94
18.325 , 26976.28
18.327 , 26956.63
18.329 , 26936.84
18.331 , 26916.97
18.333 , 27017.65
18.336 , 26988.06
18.338 , 26968.47
18.34 , 26948.73
18.342 , 26928.95
18.345 , 26898.93
18.347 , 26999.5
18.349 , 26979.92
18.351 , 26960.31
18.354 , 26930.45
18.356 , 26910.6
18.358 , 26890.62
18.36 , 26991.13
18.362 , 26971.55
18.365 , 26941.8
18.367 , 26921.98
18.369 , 26902.07
18.371 , 26942.35
18.374 , 26912.46
18.376 , 26892.54
18.378 , 26872.46
18.38 , 26852.35
18.383 , 26821.99
18.385 , 26922.2
18.387 , 26902.32
18.39 , 26872.28
18.392 , 26852.13
18.394 , 26831.94
18.396 , 26811.59
18.399 , 26941.92
18.401 , 26922.16
18.403 , 26902.31
18.405 , 26882.33
18.407 , 26862.31
18.41 , 26832.08
18.412 , 26912.29
18.414 , 26892.41
18.416 , 26872.43
18.419 , 26842.23
18.421 , 26822.04
18.423 , 26801.72
18.425 , 26921.98
18.427 , 26902.2
18.43 , 26872.17
18.432 , 26852.15
18.434 , 26831.97
18.436 , 26811.75
18.438 , 27032.63
18.441 , 27003.29
18.443 , 26983.88
18.445 , 26964.43
18.447 , 26944.85
18.45 , 26995.47
18.452 , 26976.05
18.454 , 26956.54
18.456 , 26936.95
18.459 , 26907.12
18.461 , 26887.27
18.463 , 27008.03
18.465 , 26988.71
18.467 , 26969.27
18.47 , 26939.64
18.472 , 26919.92
18.474 , 26900.17
18.477 , 26970.65
18.479 , 26951.15
18.481 , 26931.5
18.483 , 26911.82
18.485 , 26891.97
18.488 , 26862.0
18.49 , 26902.25
18.492 , 26882.39
18.494 , 26862.45
18.497 , 26832.31
18.507 , 26851.95
18.509 , 26831.84
18.512 , 26801.62
18.514 , 26781.27
18.516 , 26921.7
18.518 , 26901.99
18.52 , 26882.19
18.523 , 26852.17
18.525 , 26832.15
18.527 , 26812.01
18.529 , 26952.55
18.532 , 26922.92
18.534 , 26903.24
18.536 , 26883.5
18.538 , 26863.6
18.541 , 26833.54
18.543 , 26893.84
18.545 , 26874.06
18.547 , 26854.12
18.549 , 26834.15
18.552 , 26803.93
18.554 , 26884.22
18.556 , 26864.38
18.558 , 26844.44
18.561 , 26814.29
18.563 , 26794.14
18.565 , 26773.86
18.567 , 26894.18
18.57 , 26864.32
18.572 , 26844.4
18.574 , 26824.42
18.576 , 26804.29
18.579 , 26773.99
18.581 , 26914.45
18.583 , 26894.83
18.585 , 26875.09
18.588 , 26845.16
18.59 , 26825.15
18.592 , 26805.1
18.595 , 26955.7
18.597 , 26936.3
18.599 , 26916.76
18.601 , 26897.17
18.604 , 26867.34
18.606 , 26847.52
18.608 , 26948.16
18.61 , 26928.71
18.612 , 26909.17
18.615 , 26879.44
18.617 , 26859.62
18.619 , 26960.39
18.621 , 26941.01
18.624 , 26911.45
18.626 , 26891.86
18.628 , 26872.11
18.63 , 26852.32
18.632 , 26952.98
18.635 , 26923.48
18.637 , 26903.93
18.639 , 26884.31
18.642 , 26854.44
18.644 , 26834.58
18.646 , 26814.57
18.648 , 26794.51
18.651 , 26764.24
18.653 , 26743.92
18.655 , 26723.47
18.657 , 26702.98
18.659 , 26802.96
18.662 , 26772.76
18.664 , 26752.5
18.666 , 26732.15
18.668 , 26711.73
18.671 , 26681.07
18.673 , 26780.97
18.675 , 26760.79
18.677 , 26740.53
18.679 , 26720.12
18.682 , 26689.58
18.684 , 26668.93
18.686 , 26728.66
18.688 , 26708.25
18.691 , 26677.64
18.693 , 26656.96
18.695 , 26636.24
18.697 , 26735.98
18.7 , 26705.55
18.702 , 26685.06
18.704 , 26664.47
18.706 , 26643.82
18.708 , 26623.01
18.711 , 26793.02
18.713 , 26773.0
18.715 , 26752.91
18.717 , 26732.7
18.719 , 26712.38
18.722 , 26681.86
18.724 , 26842.23
18.726 , 26822.48
18.728 , 26802.66
18.731 , 26772.6
18.733 , 26752.54
18.735 , 26732.33
18.737 , 26852.76
18.74 , 26823.0
18.742 , 26803.17
18.744 , 26783.26
18.746 , 26763.24
18.748 , 26743.16
18.751 , 26813.34
18.753 , 26793.48
18.755 , 26773.53
18.758 , 26743.43
18.76 , 26723.21
18.762 , 26702.95
18.764 , 26843.34
18.767 , 26813.57
18.769 , 26793.74
18.771 , 26773.85
18.773 , 26753.8
18.776 , 26743.72
18.778 , 26723.53
18.78 , 26703.3
18.782 , 26682.95
18.785 , 26652.41
18.787 , 26631.78
18.789 , 26671.42
18.791 , 26650.93
18.793 , 26630.35
18.796 , 26599.58
18.798 , 26578.75
18.8 , 26557.86
18.803 , 26727.73
18.805 , 26707.57
18.807 , 26687.31
18.809 , 26666.98
18.811 , 26646.5
18.814 , 26615.89
18.816 , 26816.26
18.818 , 26796.6
18.82 , 26776.81
18.823 , 26746.84
18.825 , 26726.78
18.827 , 26706.69
18.83 , 26736.64
18.832 , 26716.6
18.834 , 26696.44
18.836 , 26676.18
18.839 , 26645.7
18.841 , 26705.62
18.843 , 26685.42
18.845 , 26665.12
18.847 , 26644.76
18.85 , 26614.15
18.852 , 26593.55
18.854 , 26733.59
18.856 , 26713.57
18.858 , 26693.45
18.861 , 26663.17
18.863 , 26642.77
18.865 , 26622.34
18.867 , 26722.35
18.869 , 26702.32
18.872 , 26672.09
18.874 , 26651.79
18.876 , 26631.4
18.879 , 26600.82
18.881 , 26620.39
18.883 , 26599.87
18.885 , 26579.24
18.887 , 26558.52
18.89 , 26527.64
18.892 , 26506.64
18.894 , 26646.42
18.897 , 26615.94
18.899 , 26595.44
18.901 , 26574.84
18.903 , 26554.17
18.906 , 26523.26
18.908 , 26643.01
18.91 , 26622.67
18.912 , 26602.27
18.914 , 26581.75
18.916 , 26561.12
18.919 , 26530.28
18.921 , 26609.96
18.923 , 26589.49
18.925 , 26568.94
18.928 , 26538.19
18.93 , 26517.39
18.932 , 26657.33
18.934 , 26637.11
18.936 , 26616.85
18.939 , 26586.35
18.941 , 26565.84
18.943 , 26545.19
18.945 , 26625.0
18.948 , 26594.56
18.95 , 26574.13
18.952 , 26553.57
18.954 , 26532.91
18.957 , 26502.03
18.959 , 26662.06
18.961 , 26641.96
18.963 , 26621.77
18.966 , 26591.39
18.968 , 26570.96
18.97 , 26550.46
18.972 , 26610.21
18.974 , 26589.89
18.977 , 26559.38
18.979 , 26538.85
18.981 , 26518.16
18.983 , 26497.43
18.986 , 26526.75
18.988 , 26506.08
18.99 , 26485.29
18.992 , 26464.39
18.994 , 26443.41
18.997 , 26412.23
18.999 , 26591.95
19.001 , 26620.97
19.003 , 26601.17
19.006 , 26571.5
19.008 , 26551.46
19.01 , 26712.22
19.012 , 26692.91
19.014 , 26673.46
19.017 , 26644.15
19.019 , 26624.48
19.021 , 26604.75
19.023 , 26705.48
19.026 , 26676.37
19.028 , 26656.84
19.03 , 26637.27
19.032 , 26617.57
19.034 , 26597.77
19.037 , 26628.37
19.039 , 26608.67
19.041 , 26588.84
19.043 , 26568.91
19.046 , 26539.11
19.048 , 26518.93
19.05 , 26579.08
19.052 , 26559.09
19.054 , 26539.06
19.057 , 26509.1
19.059 , 26488.82
19.061 , 26468.39
19.063 , 26628.82
19.066 , 26599.33
19.068 , 26579.52
19.07 , 26559.59
19.072 , 26539.56
19.074 , 26519.43
19.077 , 26569.85
19.079 , 26549.88
19.081 , 26529.82
19.083 , 26509.66
19.086 , 26479.63
19.088 , 26459.25
19.09 , 26519.11
19.092 , 26498.95
19.094 , 26478.63
19.097 , 26448.49
19.099 , 26427.93
19.101 , 26407.33
19.103 , 26567.5
19.106 , 26537.8
19.108 , 26517.73
19.11 , 26497.6
19.112 , 26477.34
19.114 , 26577.57
19.117 , 26547.91
19.119 , 26527.95
19.121 , 26507.85
19.123 , 26487.66
19.126 , 26457.59
19.128 , 26577.85
19.13 , 26558.04
19.132 , 26538.09
19.135 , 26508.29
19.137 , 26488.12
19.139 , 26467.89
19.141 , 26628.39
19.143 , 26608.86
19.146 , 26579.4
19.148 , 26559.63
19.15 , 26539.74
19.152 , 26519.75
19.155 , 26489.85
19.157 , 26469.65
19.159 , 26449.32
19.161 , 26428.89
19.163 , 26408.4
19.166 , 26377.97
19.168 , 26457.75
19.17 , 26437.35
19.172 , 26416.9
19.174 , 26396.34
19.177 , 26365.95
19.179 , 26345.12
19.181 , 26485.06
19.183 , 26464.84
19.186 , 26434.81
19.188 , 26414.38
19.19 , 26393.85
19.192 , 26373.23
19.194 , 26553.52
19.197 , 26523.9
19.199 , 26503.97
19.201 , 26483.91
19.203 , 26463.76
19.206 , 26433.76
19.208 , 26473.63
19.21 , 26453.47
19.212 , 26433.15
19.214 , 26412.79
19.217 , 26382.51
19.219 , 26542.8
19.221 , 26522.95
19.223 , 26503.06
19.225 , 26483.04
19.228 , 26453.15
19.23 , 26432.9
19.232 , 26472.84
19.234 , 26452.72
19.236 , 26432.44
19.239 , 26402.32
19.241 , 26381.83
19.243 , 26361.28
19.245 , 26521.46
19.247 , 26501.61
19.25 , 26471.83
19.252 , 26451.74
19.254 , 26431.52
19.256 , 26411.21
19.258 , 26471.21
19.261 , 26441.33
19.263 , 26421.05
19.265 , 26400.73
19.267 , 26380.29
19.27 , 26349.97
19.272 , 26429.82
19.274 , 26409.51
19.276 , 26389.16
19.278 , 26368.65
19.281 , 26338.31
19.283 , 26317.59
19.285 , 26477.7
19.287 , 26457.66
19.29 , 26427.78
19.292 , 26407.52
19.294 , 26387.21
19.296 , 26366.76
19.299 , 26416.83
19.301 , 26396.51
19.303 , 26376.16
19.305 , 26355.68
19.307 , 26335.11
19.31 , 26304.66
19.312 , 26404.44
19.314 , 26384.15
19.316 , 26363.71
19.319 , 26333.43
19.321 , 26312.78
19.323 , 26372.47
19.325 , 26352.0
19.327 , 26331.49
19.33 , 26301.04
19.332 , 26280.29
19.334 , 26259.41
19.336 , 26479.63
19.338 , 26459.79
19.341 , 26430.01
19.343 , 26409.9
19.345 , 26389.69
19.347 , 26369.38
19.35 , 26520.09
19.352 , 26500.47
19.354 , 26480.7
19.356 , 26460.86
19.358 , 26440.92
19.361 , 26411.14
19.363 , 26451.26
19.365 , 26431.31
19.367 , 26411.21
19.37 , 26381.26
19.372 , 26360.95
19.374 , 26340.57
19.376 , 26420.54
19.378 , 26400.43
19.381 , 26370.43
19.383 , 26350.11
19.385 , 26329.67
19.387 , 26309.13
19.39 , 26439.52
19.392 , 26419.54
19.394 , 26399.5
19.396 , 26379.29
19.399 , 26349.25
19.401 , 26328.83
19.403 , 26469.16
19.405 , 26449.32
19.415 , 26511.92
19.418 , 26482.59
19.42 , 26462.83
19.422 , 26443.0
19.424 , 26423.07
19.426 , 26403.08
19.429 , 26353.07
19.431 , 26332.74
19.433 , 26312.25
19.435 , 26291.72
19.437 , 26271.07
19.44 , 26240.54
19.442 , 26340.24
19.444 , 26319.85
19.446 , 26299.4
19.449 , 26269.01
19.451 , 26248.28
19.453 , 26227.46
19.455 , 26407.54
19.458 , 26377.72
19.46 , 26357.59
19.462 , 26337.3
19.464 , 26316.97
19.466 , 26397.03
19.469 , 26367.2
19.471 , 26346.98
19.473 , 26326.72
19.475 , 26306.33
19.478 , 26276.07
19.48 , 26396.15
19.482 , 26376.13
19.484 , 26356.04
19.487 , 26326.01
19.489 , 26305.65
19.491 , 26285.19
19.493 , 26525.95
19.496 , 26496.79
19.498 , 26477.32
19.5 , 26457.69
19.502 , 26438.0
19.504 , 26418.21
19.507 , 26469.0
19.509 , 26449.34
19.511 , 26429.65
19.513 , 26409.8
19.515 , 26389.91
19.518 , 26360.12
19.52 , 26420.34
19.522 , 26400.49
19.524 , 26380.54
19.527 , 26350.71
19.529 , 26330.51
19.531 , 26310.22
19.533 , 26510.94
19.535 , 26491.58
19.538 , 26462.3
19.54 , 26442.67
19.542 , 26422.95
19.544 , 26403.16
19.546 , 26503.84
19.549 , 26474.65
19.551 , 26455.06
19.553 , 26435.44
19.555 , 26415.69
19.558 , 26386.07
19.56 , 26366.08
19.562 , 26345.99
19.564 , 26325.84
19.567 , 26295.75
19.569 , 26275.32
19.571 , 26315.1
19.573 , 26294.81
19.576 , 26264.59
19.578 , 26244.06
19.58 , 26223.37
19.582 , 26202.65
19.585 , 26352.91
19.587 , 26332.85
19.589 , 26312.63
19.591 , 26292.37
19.594 , 26262.18
19.596 , 26241.68
19.598 , 26401.95
19.6 , 26382.13
19.603 , 26352.4
19.605 , 26332.37
19.607 , 26312.21
19.609 , 26291.95
19.611 , 26452.49
19.614 , 26423.16
19.616 , 26403.5
19.618 , 26383.67
19.62 , 26363.79
19.622 , 26343.8
19.625 , 26374.27
19.627 , 26354.31
19.629 , 26334.32
19.631 , 26314.17
19.633 , 26293.99
19.636 , 26404.61
19.638 , 26384.86
19.64 , 26365.0
19.642 , 26345.05
19.645 , 26315.2
19.647 , 26295.04
19.649 , 26455.64
19.651 , 26436.16
19.654 , 26406.8
19.656 , 26387.07
19.658 , 26367.25
19.66 , 26347.33
19.663 , 26337.63
19.665 , 26317.57
19.667 , 26297.44
19.669 , 26277.16
19.671 , 26256.84
19.674 , 26226.58
19.676 , 26386.94
19.678 , 26367.16
19.681 , 26337.49
19.683 , 26317.43
19.685 , 26297.34
19.687 , 26277.12
19.69 , 26347.49
19.692 , 26327.53
19.694 , 26307.47
19.696 , 26287.34
19.699 , 26257.28
19.701 , 26236.88
19.703 , 26377.19
19.705 , 26357.43
19.708 , 26327.73
19.71 , 26307.73
19.712 , 26287.57
19.714 , 26408.09
19.716 , 26388.46
19.719 , 26358.97
19.721 , 26339.07
19.723 , 26319.14
19.725 , 26299.08
19.728 , 26349.54
19.73 , 26329.64
19.732 , 26309.64
19.734 , 26289.58
19.736 , 26269.36
19.739 , 26239.3
19.741 , 26379.68
19.743 , 26359.98
19.745 , 26340.13
19.747 , 26320.24
19.75 , 26290.41
19.752 , 26270.25
19.754 , 26330.41
19.756 , 26310.49
19.759 , 26280.63
19.761 , 26260.46
19.763 , 26240.14
19.765 , 26219.78
19.767 , 26259.59
19.77 , 26229.54
19.772 , 26209.11
19.774 , 26188.58
19.776 , 26168.0
19.779 , 26137.47
19.781 , 26297.5
19.783 , 26277.45
19.785 , 26257.32
19.787 , 26237.04
19.79 , 26206.91
19.792 , 26186.42
19.794 , 26266.37
19.796 , 26246.18
19.799 , 26216.13
19.801 , 26195.67
19.803 , 26175.17
19.805 , 26255.03
19.808 , 26225.04
19.81 , 26204.67
19.812 , 26184.22
19.814 , 26163.69
19.816 , 26143.01
19.819 , 26293.41
19.821 , 26273.41
19.823 , 26253.36
19.825 , 26233.14
19.828 , 26203.11
19.83 , 26182.65
19.832 , 26302.84
19.834 , 26282.92
19.836 , 26262.91
19.839 , 26232.98
19.841 , 26212.76
19.843 , 26192.37
19.845 , 26393.05
19.848 , 26363.83
19.85 , 26344.23
19.852 , 26324.57
19.854 , 26304.76
19.857 , 26275.1
19.859 , 26375.67
19.861 , 26356.14
19.863 , 26336.52
19.865 , 26316.83
19.868 , 26287.21
19.87 , 26267.26
19.872 , 26247.2
19.874 , 26227.08
19.877 , 26197.02
19.879 , 26176.66
19.881 , 26156.14
19.883 , 26135.58
19.886 , 26245.81
19.888 , 26225.71
19.89 , 26205.49
19.892 , 26185.17
19.895 , 26154.94
19.897 , 26234.92
19.899 , 26214.76
19.901 , 26194.5
19.904 , 26164.37
19.906 , 26143.88
19.908 , 26123.28
19.91 , 26203.07
19.912 , 26182.81
19.915 , 26152.62
19.917 , 26132.13
19.919 , 26111.47
19.921 , 26090.78
19.924 , 26281.26
19.926 , 26261.42
19.928 , 26241.46
19.93 , 26221.41
19.932 , 26201.29
19.935 , 26171.23
19.937 , 26472.45
19.939 , 26453.55
19.941 , 26434.6
19.944 , 26405.71
19.946 , 26386.51
19.948 , 26367.15
19.951 , 26337.96
19.953 , 26318.39
19.955 , 26298.76
19.957 , 26278.97
19.96 , 26249.37
19.962 , 26349.93
19.964 , 26330.46
19.966 , 26310.87
19.969 , 26281.4
19.971 , 26261.54
19.973 , 26241.64
19.975 , 26261.79
19.978 , 26232.12
19.98 , 26212.04
19.982 , 26191.88
19.984 , 26171.65
19.987 , 26141.48
19.989 , 26261.69
19.991 , 26241.79
19.993 , 26221.79
19.996 , 26191.92
19.998 , 26171.71