0.001 , 0.01602554
0.004 , 0.01602554
0.006 , 0.01602554
0.007 , 0.02060318
0.009 , 0.02060318
0.011 , 0.02060318
0.013 , 0.02060318
0.015 , 0.03433609
0.017 , 0.03433609
0.019 , 0.03433609
0.021 , 0.03433609
0.023 , 0.03433609
0.025 , 0.03433609
0.027 , 0.03891373
0.028 , 0.03433609
0.03 , 0.03891373
0.032 , 0.04807091
0.034 , 0.04807091
0.036 , 0.04349327
0.038 , 0.04807091
0.04 , 0.04807091
0.042 , 0.04807091
0.044 , 0.04807091
0.046 , 0.04807091
0.048 , 0.04349327
0.05 , 0.04807091
0.052 , 0.04807091
0.054 , 0.04807091
0.056 , 0.04807091
0.058 , 0.04807091
0.06 , 0.04349327
0.061 , 0.04807091
0.063 , 0.04807091
0.065 , 0.04349327
0.067 , 0.04349327
0.069 , 0.04349327
0.071 , 0.03891373
0.073 , 0.02975845
0.075 , 0.02518082
0.077 , 0.02060318
0.079 , 0.02518082
0.08 , 0.01602554
0.08200001 , 0.01144791
0.084 , 0.01144791
0.086 , 0.00687027
0.088 , 0.00687027
0.09 , 0.002292633
0.092 , 0.002292633
0.094 , -0.002285004
0.096 , -0.002285004
0.09799999 , -0.00686264
0.1 , -0.00686264
0.102 , -0.00686264
0.104 , -0.01144028
0.106 , -0.00686264
0.108 , -0.002285004
0.11 , -0.002285004
0.111 , -0.002285004
0.113 , 0.002292633
0.115 , 0.01144791
0.117 , 0.02060318
0.119 , 0.05264854
0.121 , 0.07095909
0.123 , 0.09842491
0.125 , 0.1258907
0.127 , 0.1533585
0.129 , 0.1899796
0.131 , 0.2380447
0.132 , 0.2883987
0.134 , 0.3433323
0.136 , 0.3913975
0.138 , 0.4531975
0.14 , 0.5195732
0.142 , 0.5859489
0.144 , 0.6683483
0.146 , 0.74617
0.148 , 0.80797
0.15 , 0.8949471
0.152 , 0.9933662
0.153 , 1.094076
0.155 , 1.171898
0.157 , 1.279472
0.159 , 1.368738
0.161 , 1.462582
0.163 , 1.558714
0.165 , 1.641113
0.167 , 1.728088
0.169 , 1.812775
0.171 , 1.890596
0.173 , 1.94553
0.175 , 2.021061
0.177 , 2.078281
0.179 , 2.133215
0.18 , 2.178991
0.182 , 2.227058
0.184 , 2.268257
0.186 , 2.30488
0.188 , 2.332346
0.19 , 2.346079
0.192 , 2.364389
0.194 , 2.368967
0.196 , 2.378122
0.198 , 2.368967
0.199 , 2.373545
0.201 , 2.368967
0.203 , 2.355234
0.205 , 2.341501
0.207 , 2.323191
0.209 , 2.295725
0.218 , 2.151525
0.22 , 2.110327
0.222 , 2.082859
0.224 , 2.039371
0.226 , 1.995884
0.228 , 1.954685
0.23 , 1.899752
0.232 , 1.853975
0.234 , 1.808197
0.236 , 1.762421
0.238 , 1.723511
0.24 , 1.673157
0.242 , 1.622801
0.243 , 1.572447
0.245 , 1.52438
0.247 , 1.476315
0.249 , 1.432825
0.251 , 1.391626
0.253 , 1.343559
0.255 , 1.293205
0.257 , 1.252007
0.259 , 1.203941
0.261 , 1.153585
0.262 , 1.116964
0.264 , 1.071188
0.266 , 1.02541
0.268 , 0.9819221
0.27 , 0.9475899
0.272 , 0.9041023
0.274 , 0.8674793
0.276 , 0.821703
0.278 , 0.7896595
0.28 , 0.74617
0.282 , 0.7118378
0.284 , 0.6775036
0.285 , 0.6408825
0.287 , 0.6042614
0.289 , 0.5699272
0.291 , 0.5424614
0.293 , 0.5104179
0.295 , 0.4783745
0.297 , 0.4486198
0.299 , 0.4188652
0.301 , 0.3913975
0.303 , 0.3662205
0.305 , 0.3387547
0.307 , 0.3158646
0.309 , 0.297554
0.311 , 0.2838211
0.313 , 0.2609329
0.314 , 0.2426224
0.316 , 0.2197342
0.318 , 0.2037125
0.32 , 0.1899796
0.322 , 0.1670914
0.324 , 0.1487808
0.326 , 0.1442032
0.328 , 0.1213131
0.33 , 0.1167355
0.332 , 0.1075802
0.333 , 0.1030025
0.335 , 0.09842491
0.337 , 0.084692
0.339 , 0.084692
0.341 , 0.07553673
0.343 , 0.07553673
0.345 , 0.07553673
0.347 , 0.07553673
0.349 , 0.07095909
0.351 , 0.07095909
0.353 , 0.07095909
0.354 , 0.08011436
0.356 , 0.084692
0.359 , 0.08926964
0.361 , 0.09384727
0.362 , 0.09842491
0.364 , 0.1030025
0.366 , 0.1167355
0.368 , 0.1258907
0.37 , 0.1350479
0.372 , 0.1533585
0.374 , 0.1579361
0.376 , 0.1899796
0.378 , 0.2037125
0.38 , 0.2243118
0.382 , 0.2288895
0.384 , 0.2426224
0.386 , 0.2609329
0.387 , 0.2792435
0.389 , 0.3067093
0.391 , 0.3295994
0.393 , 0.3524876
0.395 , 0.3707981
0.397 , 0.3959751
0.399 , 0.4234428
0.401 , 0.4486198
0.403 , 0.4737968
0.405 , 0.496685
0.407 , 0.5241508
0.409 , 0.547039
0.41 , 0.5745049
0.412 , 0.6042614
0.414 , 0.6225719
0.416 , 0.6454601
0.418 , 0.6683483
0.42 , 0.6981049
0.422 , 0.720993
0.424 , 0.7415924
0.426 , 0.7644806
0.428 , 0.7942371
0.43 , 0.8125477
0.432 , 0.8354359
0.434 , 0.8491688
0.436 , 0.8674793
0.438 , 0.8857918
0.44 , 0.8995247
0.442 , 0.9132576
0.443 , 0.9224129
0.445 , 0.9430122
0.447 , 0.9567451
0.449 , 0.9636116
0.451 , 0.9773445
0.453 , 0.9887886
0.455 , 0.9979439
0.457 , 1.007099
0.459 , 1.016254
0.461 , 1.016254
0.463 , 1.02541
0.464 , 1.02541
0.466 , 1.029987
0.468 , 1.034565
0.47 , 1.029987
0.472 , 1.039143
0.474 , 1.034565
0.476 , 1.039143
0.478 , 1.034565
0.48 , 1.034565
0.482 , 1.029987
0.484 , 1.029987
0.486 , 1.02541
0.488 , 1.020832
0.489 , 1.016254
0.491 , 1.016254
0.493 , 1.007099
0.495 , 0.9979439
0.497 , 0.9887886
0.499 , 0.9819221
0.501 , 0.9727669
0.503 , 0.9636116
0.505 , 0.9521675
0.507 , 0.9384346
0.509 , 0.9315681
0.511 , 0.9178352
0.513 , 0.90868
0.514 , 0.8995247
0.516 , 0.8812122
0.518 , 0.8766346
0.52 , 0.8629017
0.522 , 0.8400135
0.524 , 0.8354359
0.526 , 0.821703
0.528 , 0.80797
0.53 , 0.7988148
0.532 , 0.78508
0.534 , 0.7690582
0.536 , 0.759903
0.538 , 0.7415924
0.539 , 0.7278595
0.541 , 0.7164154
0.543 , 0.6981049
0.545 , 0.6935253
0.547 , 0.6775036
0.549 , 0.6637707
0.559 , 0.6134167
0.561 , 0.6042614
0.562 , 0.5951042
0.564 , 0.5790825
0.566 , 0.5653496
0.568 , 0.5607719
0.57 , 0.5561943
0.572 , 0.547039
0.574 , 0.5378838
0.576 , 0.5333061
0.578 , 0.5241508
0.58 , 0.5149956
0.582 , 0.5149956
0.584 , 0.496685
0.586 , 0.4921074
0.587 , 0.4921074
0.589 , 0.4921074
0.591 , 0.4829521
0.593 , 0.4669304
0.595 , 0.4669304
0.597 , 0.4669304
0.599 , 0.4577751
0.601 , 0.4623528
0.603 , 0.4577751
0.605 , 0.4531975
0.607 , 0.4486198
0.609 , 0.4440422
0.61 , 0.4440422
0.612 , 0.4440422
0.614 , 0.4440422
0.616 , 0.4440422
0.618 , 0.4394646
0.62 , 0.4394646
0.622 , 0.4394646
0.624 , 0.4394646
0.626 , 0.4440422
0.628 , 0.4440422
0.63 , 0.4394646
0.632 , 0.4486198
0.633 , 0.4486198
0.635 , 0.4440422
0.637 , 0.4486198
0.639 , 0.4531975
0.641 , 0.4531975
0.643 , 0.4577751
0.645 , 0.4577751
0.647 , 0.4623528
0.649 , 0.4623528
0.651 , 0.4669304
0.653 , 0.4783745
0.655 , 0.4783745
0.657 , 0.4829521
0.659 , 0.4875298
0.661 , 0.4921074
0.663 , 0.496685
0.664 , 0.5012627
0.666 , 0.5104179
0.668 , 0.5149956
0.67 , 0.5149956
0.672 , 0.5195732
0.674 , 0.5333061
0.676 , 0.5333061
0.678 , 0.5378838
0.68 , 0.547039
0.682 , 0.5516167
0.684 , 0.5561943
0.686 , 0.5607719
0.688 , 0.5699272
0.69 , 0.5699272
0.691 , 0.5790825
0.693 , 0.5905266
0.695 , 0.5996819
0.697 , 0.6042614
0.699 , 0.608839
0.701 , 0.608839
0.703 , 0.6134167
0.705 , 0.6179943
0.707 , 0.6225719
0.709 , 0.6363049
0.711 , 0.6408825
0.713 , 0.6454601
0.714 , 0.6454601
0.716 , 0.659193
0.718 , 0.659193
0.72 , 0.6637707
0.722 , 0.6637707
0.724 , 0.6729259
0.726 , 0.6729259
0.728 , 0.68437
0.73 , 0.68437
0.732 , 0.6889477
0.734 , 0.6935253
0.735 , 0.6981049
0.737 , 0.6981049
0.739 , 0.7026825
0.741 , 0.7072601
0.743 , 0.7118378
0.745 , 0.7072601
0.747 , 0.7164154
0.749 , 0.7164154
0.751 , 0.720993
0.753 , 0.7278595
0.755 , 0.7278595
0.757 , 0.7324371
0.759 , 0.7324371
0.761 , 0.7370148
0.763 , 0.7415924
0.764 , 0.7415924
0.766 , 0.74617
0.768 , 0.74617
0.77 , 0.7507477
0.772 , 0.7507477
0.774 , 0.7553253
0.776 , 0.7507477
0.778 , 0.7507477
0.78 , 0.7553253
0.782 , 0.7507477
0.784 , 0.7507477
0.786 , 0.7553253
0.788 , 0.7507477
0.79 , 0.7507477
0.792 , 0.74617
0.793 , 0.74617
0.795 , 0.74617
0.797 , 0.7415924
0.799 , 0.7415924
0.801 , 0.7415924
0.803 , 0.7415924
0.805 , 0.7370148
0.807 , 0.7324371
0.809 , 0.720993
0.811 , 0.7278595
0.813 , 0.7278595
0.815 , 0.720993
0.817 , 0.7164154
0.8190001 , 0.7072601
0.82 , 0.7072601
0.822 , 0.7026825
0.824 , 0.6981049
0.826 , 0.6935253
0.828 , 0.68437
0.83 , 0.68437
0.832 , 0.6775036
0.834 , 0.6683483
0.8360001 , 0.6637707
0.838 , 0.659193
0.84 , 0.659193
0.841 , 0.6500378
0.843 , 0.6454601
0.8450001 , 0.6317272
0.847 , 0.6271496
0.849 , 0.6225719
0.851 , 0.6179943
0.853 , 0.6134167
0.855 , 0.608839
0.857 , 0.608839
0.859 , 0.5996819
0.86 , 0.5905266
0.862 , 0.5859489
0.864 , 0.5790825
0.866 , 0.5790825
0.8679999 , 0.5699272
0.87 , 0.5607719
0.8719999 , 0.5607719
0.874 , 0.5561943
0.876 , 0.547039
0.8780001 , 0.5424614
0.88 , 0.5378838
0.8820001 , 0.5333061
0.884 , 0.5287285
0.886 , 0.5241508
0.888 , 0.5241508
0.89 , 0.5241508
0.899 , 0.5058403
0.901 , 0.496685
0.903 , 0.496685
0.9049999 , 0.496685
0.907 , 0.4921074
0.909 , 0.5012627
0.91 , 0.4921074
0.912 , 0.4921074
0.9139999 , 0.4875298
0.916 , 0.4829521
0.918 , 0.4783745
0.92 , 0.4829521
0.922 , 0.4783745
0.924 , 0.4783745
0.926 , 0.4737968
0.928 , 0.4737968
0.93 , 0.4737968
0.932 , 0.4669304
0.934 , 0.4737968
0.936 , 0.4623528
0.938 , 0.4623528
0.94 , 0.4577751
0.942 , 0.4577751
0.943 , 0.4531975
0.945 , 0.4486198
0.947 , 0.4486198
0.949 , 0.4440422
0.951 , 0.4394646
0.953 , 0.4394646
0.955 , 0.4440422
0.957 , 0.4348869
0.959 , 0.4348869
0.9610001 , 0.4280205
0.963 , 0.4234428
0.9639999 , 0.4188652
0.966 , 0.4142876
0.968 , 0.409708
0.9700001 , 0.409708
0.972 , 0.409708
0.974 , 0.409708
0.976 , 0.4005527
0.978 , 0.3959751
0.98 , 0.3799534
0.982 , 0.3707981
0.984 , 0.3662205
0.985 , 0.3662205
0.987 , 0.3662205
0.989 , 0.3707981
0.991 , 0.3662205
0.9929999 , 0.3707981
0.995 , 0.3662205
0.9969999 , 0.3616428
0.999 , 0.3616428
1.001 , 0.3570652
1.003 , 0.3524876
1.005 , 0.3479099
1.007 , 0.3479099
1.009 , 0.3570652
1.011 , 0.3524876
1.013 , 0.3479099
1.014 , 0.3387547
1.016 , 0.3387547
1.018 , 0.3433323
1.02 , 0.3433323
1.022 , 0.3433323
1.024 , 0.3479099
1.026 , 0.3387547
1.028 , 0.3387547
1.03 , 0.3387547
1.032 , 0.334177
1.034 , 0.334177
1.035 , 0.3387547
1.037 , 0.3387547
1.039 , 0.334177
1.041 , 0.334177
1.043 , 0.334177
1.045 , 0.334177
1.047 , 0.334177
1.049 , 0.334177
1.051 , 0.3295994
1.052 , 0.334177
1.054 , 0.3387547
1.056 , 0.3387547
1.058 , 0.3387547
1.06 , 0.3387547
1.062 , 0.3387547
1.064 , 0.3433323
1.066 , 0.3433323
1.068 , 0.3433323
1.07 , 0.3479099
1.072 , 0.3570652
1.074 , 0.3479099
1.075 , 0.3479099
1.077 , 0.3479099
1.079 , 0.3524876
1.081 , 0.3616428
1.083 , 0.3570652
1.085 , 0.3616428
1.087 , 0.3662205
1.089 , 0.3662205
1.091 , 0.3662205
1.093 , 0.3662205
1.095 , 0.3753757
1.096 , 0.3753757
1.098 , 0.3753757
1.1 , 0.3707981
1.102 , 0.3753757
1.104 , 0.384531
1.106 , 0.384531
1.108 , 0.384531
1.11 , 0.3913975
1.112 , 0.4005527
1.114 , 0.3959751
1.116 , 0.3959751
1.117 , 0.3959751
1.119 , 0.3959751
1.121 , 0.4051304
1.123 , 0.4005527
1.125 , 0.4005527
1.127 , 0.4051304
1.129 , 0.409708
1.131 , 0.409708
1.133 , 0.4051304
1.135 , 0.4142876
1.137 , 0.409708
1.139 , 0.4142876
1.14 , 0.409708
1.142 , 0.409708
1.144 , 0.4142876
1.146 , 0.409708
1.148 , 0.4142876
1.15 , 0.4188652
1.152 , 0.4142876
1.154 , 0.4142876
1.156 , 0.4188652
1.158 , 0.4188652
1.159 , 0.4188652
1.161 , 0.4188652
1.163 , 0.4188652
1.165 , 0.4188652
1.167 , 0.4234428
1.169 , 0.4234428
1.171 , 0.4188652
1.173 , 0.4234428
1.175 , 0.4234428
1.177 , 0.4234428
1.178 , 0.4280205
1.18 , 0.4234428
1.182 , 0.4280205
1.184 , 0.4234428
1.186 , 0.4280205
1.188 , 0.4234428
1.19 , 0.4348869
1.192 , 0.4348869
1.194 , 0.4348869
1.196 , 0.4280205
1.198 , 0.4348869
1.2 , 0.4348869
1.201 , 0.4348869
1.203 , 0.4348869
1.205 , 0.4348869
1.207 , 0.4348869
1.209 , 0.4348869
1.211 , 0.4394646
1.213 , 0.4348869
1.215 , 0.4394646
1.217 , 0.4280205
1.219 , 0.4394646
1.221 , 0.4348869
1.223 , 0.4348869
1.224 , 0.4348869
1.226 , 0.4348869
1.228 , 0.4348869
1.238 , 0.4348869
1.24 , 0.4348869
1.241 , 0.4348869
1.243 , 0.4348869
1.245 , 0.4348869
1.247 , 0.4348869
1.249 , 0.4280205
1.251 , 0.4348869
1.253 , 0.4348869
1.255 , 0.4280205
1.257 , 0.4348869
1.259 , 0.4280205
1.261 , 0.4234428
1.263 , 0.4234428
1.265 , 0.4280205
1.266 , 0.4234428
1.268 , 0.4188652
1.27 , 0.4188652
1.272 , 0.4188652
1.274 , 0.4188652
1.276 , 0.4188652
1.278 , 0.4188652
1.28 , 0.4142876
1.282 , 0.409708
1.284 , 0.4051304
1.286 , 0.4005527
1.287 , 0.4051304
1.289 , 0.3959751
1.291 , 0.3959751
1.293 , 0.3913975
1.295 , 0.384531
1.297 , 0.384531
1.299 , 0.3799534
1.301 , 0.3753757
1.303 , 0.3707981
1.305 , 0.3707981
1.307 , 0.3707981
1.308 , 0.3616428
1.31 , 0.3570652
1.312 , 0.3570652
1.314 , 0.3570652
1.316 , 0.3479099
1.318 , 0.3433323
1.32 , 0.3433323
1.322 , 0.3387547
1.324 , 0.3387547
1.326 , 0.334177
1.328 , 0.334177
1.33 , 0.3295994
1.331 , 0.3204441
1.333 , 0.3250217
1.335 , 0.3295994
1.337 , 0.3204441
1.339 , 0.3204441
1.341 , 0.3158646
1.343 , 0.3158646
1.345 , 0.3158646
1.347 , 0.3158646
1.349 , 0.3158646
1.351 , 0.3067093
1.352 , 0.3067093
1.354 , 0.3067093
1.356 , 0.3067093
1.358 , 0.3112869
1.36 , 0.3067093
1.362 , 0.3067093
1.364 , 0.3021317
1.366 , 0.297554
1.368 , 0.297554
1.37 , 0.2929764
1.371 , 0.297554
1.373 , 0.297554
1.375 , 0.2883987
1.377 , 0.297554
1.379 , 0.2883987
1.381 , 0.2929764
1.383 , 0.2929764
1.385 , 0.2929764
1.387 , 0.2883987
1.389 , 0.2929764
1.391 , 0.297554
1.393 , 0.2929764
1.394 , 0.297554
1.396 , 0.297554
1.398 , 0.3021317
1.4 , 0.2929764
1.402 , 0.297554
1.404 , 0.297554
1.406 , 0.2929764
1.408 , 0.297554
1.41 , 0.297554
1.412 , 0.3067093
1.414 , 0.3021317
1.415 , 0.3021317
1.417 , 0.3067093
1.419 , 0.3112869
1.421 , 0.3112869
1.423 , 0.3112869
1.425 , 0.3204441
1.427 , 0.3204441
1.429 , 0.3250217
1.431 , 0.3250217
1.432 , 0.334177
1.434 , 0.334177
1.436 , 0.3387547
1.438 , 0.334177
1.44 , 0.3433323
1.442 , 0.3433323
1.444 , 0.3479099
1.446 , 0.3524876
1.448 , 0.3479099
1.45 , 0.3479099
1.452 , 0.3524876
1.454 , 0.3479099
1.456 , 0.3570652
1.457 , 0.3570652
1.459 , 0.3616428
1.461 , 0.3616428
1.463 , 0.3570652
1.465 , 0.3570652
1.467 , 0.3662205
1.469 , 0.3707981
1.471 , 0.3707981
1.473 , 0.3662205
1.475 , 0.3662205
1.476 , 0.3616428
1.478 , 0.3616428
1.48 , 0.3707981
1.482 , 0.3616428
1.484 , 0.3662205
1.486 , 0.3662205
1.488 , 0.3707981
1.49 , 0.3662205
1.492 , 0.3662205
1.494 , 0.3662205
1.496 , 0.3662205
1.497 , 0.3662205
1.499 , 0.3707981
1.501 , 0.3707981
1.503 , 0.3753757
1.505 , 0.3707981
1.507 , 0.3753757
1.509 , 0.3799534
1.511 , 0.384531
1.513 , 0.3913975
1.515 , 0.3913975
1.517 , 0.3913975
1.519 , 0.3913975
1.521 , 0.4005527
1.522 , 0.3959751
1.524 , 0.4005527
1.526 , 0.4005527
1.528 , 0.3959751
1.53 , 0.4005527
1.532 , 0.4051304
1.534 , 0.409708
1.536 , 0.409708
1.538 , 0.409708
1.54 , 0.4142876
1.542 , 0.4142876
1.543 , 0.4188652
1.545 , 0.4142876
1.547 , 0.4142876
1.549 , 0.4188652
1.551 , 0.4188652
1.553 , 0.4188652
1.555 , 0.4188652
1.557 , 0.4234428
1.559 , 0.4280205
1.561 , 0.4234428
1.562 , 0.4234428
1.564 , 0.4280205
1.566 , 0.4234428
1.576 , 0.4234428
1.578 , 0.4234428
1.58 , 0.4188652
1.582 , 0.409708
1.583 , 0.409708
1.585 , 0.409708
1.587 , 0.4051304
1.589 , 0.409708
1.591 , 0.4005527
1.593 , 0.4005527
1.595 , 0.3959751
1.597 , 0.3959751
1.599 , 0.384531
1.601 , 0.384531
1.603 , 0.384531
1.604 , 0.3707981
1.606 , 0.3707981
1.608 , 0.3662205
1.61 , 0.3662205
1.612 , 0.3616428
1.614 , 0.3570652
1.616 , 0.3524876
1.618 , 0.3524876
1.62 , 0.3479099
1.622 , 0.3433323
1.624 , 0.3387547
1.625 , 0.3387547
1.627 , 0.3387547
1.629 , 0.334177
1.631 , 0.3295994
1.633 , 0.3295994
1.635 , 0.3250217
1.637 , 0.3158646
1.639 , 0.3112869
1.641 , 0.3158646
1.643 , 0.3112869
1.645 , 0.3067093
1.647 , 0.3067093
1.649 , 0.3067093
1.65 , 0.3067093
1.652 , 0.3021317
1.654 , 0.3021317
1.656 , 0.3021317
1.658 , 0.3021317
1.66 , 0.3067093
1.662 , 0.3021317
1.664 , 0.297554
1.666 , 0.297554
1.668 , 0.297554
1.67 , 0.297554
1.672 , 0.297554
1.673 , 0.297554
1.675 , 0.2929764
1.677 , 0.297554
1.679 , 0.2929764
1.681 , 0.2929764
1.683 , 0.2929764
1.685 , 0.297554
1.687 , 0.297554
1.689 , 0.297554
1.691 , 0.3021317
1.693 , 0.3021317
1.695 , 0.3021317
1.697 , 0.297554
1.698 , 0.3021317
1.7 , 0.297554
1.702 , 0.3021317
1.704 , 0.297554
1.706 , 0.3021317
1.708 , 0.3067093
1.71 , 0.3021317
1.712 , 0.3021317
1.714 , 0.3021317
1.716 , 0.3067093
1.718 , 0.3021317
1.72 , 0.3021317
1.721 , 0.3021317
1.723 , 0.3067093
1.725 , 0.297554
1.727 , 0.3021317
1.729 , 0.3021317
1.731 , 0.297554
1.733 , 0.297554
1.735 , 0.297554
1.737 , 0.297554
1.739 , 0.2929764
1.741 , 0.297554
1.742 , 0.2883987
1.744 , 0.297554
1.746 , 0.2883987
1.748 , 0.2929764
1.75 , 0.2883987
1.752 , 0.2883987
1.754 , 0.2838211
1.756 , 0.2883987
1.758 , 0.2883987
1.76 , 0.2883987
1.762 , 0.2792435
1.764 , 0.2838211
1.766 , 0.2792435
1.768 , 0.2792435
1.769 , 0.2792435
1.771 , 0.2838211
1.773 , 0.2746658
1.775 , 0.2746658
1.777 , 0.2746658
1.779 , 0.2700882
1.781 , 0.2746658
1.783 , 0.2700882
1.785 , 0.2700882
1.787 , 0.2700882
1.789 , 0.2655106
1.791 , 0.2655106
1.793 , 0.2655106
1.795 , 0.2609329
1.796 , 0.2609329
1.798 , 0.2609329
1.8 , 0.2563553
1.802 , 0.2517776
1.804 , 0.2517776
1.806 , 0.2472
1.808 , 0.2472
1.81 , 0.2472
1.812 , 0.2472
1.814 , 0.2426224
1.816 , 0.2380447
1.817 , 0.2426224
1.819 , 0.2380447
1.821 , 0.2334671
1.823 , 0.2334671
1.825 , 0.2288895
1.827 , 0.2288895
1.829 , 0.2334671
1.831 , 0.2243118
1.833 , 0.2243118
1.835 , 0.2288895
1.837 , 0.2243118
1.839 , 0.2288895
1.84 , 0.2288895
1.842 , 0.2243118
1.844 , 0.2243118
1.846 , 0.2197342
1.848 , 0.2243118
1.85 , 0.2288895
1.852 , 0.2243118
1.854 , 0.2243118
1.856 , 0.2288895
1.858 , 0.2288895
1.86 , 0.2288895
1.861 , 0.2197342
1.863 , 0.2243118
1.865 , 0.2288895
1.867 , 0.2243118
1.869 , 0.2288895
1.871 , 0.2288895
1.873 , 0.2288895
1.875 , 0.2243118
1.877 , 0.2288895
1.879 , 0.2288895
1.881 , 0.2288895
1.883 , 0.2380447
1.885 , 0.2334671
1.886 , 0.2380447
1.888 , 0.2380447
1.89 , 0.2380447
1.892 , 0.2426224
1.894 , 0.2426224
1.896 , 0.2426224
1.898 , 0.2472
1.9 , 0.2517776
1.902 , 0.2517776
1.904 , 0.2563553
1.906 , 0.2655106
1.915 , 0.2655106
1.917 , 0.2655106
1.919 , 0.2563553
1.921 , 0.2563553
1.923 , 0.2609329
1.924 , 0.2746658
1.926 , 0.2792435
1.928 , 0.2838211
1.93 , 0.2792435
1.932 , 0.2883987
1.934 , 0.2838211
1.936 , 0.2929764
1.938 , 0.2929764
1.94 , 0.2929764
1.942 , 0.2929764
1.944 , 0.297554
1.946 , 0.3067093
1.947 , 0.3112869
1.949 , 0.3067093
1.951 , 0.3112869
1.953 , 0.3112869
1.955 , 0.3158646
1.957 , 0.3158646
1.959 , 0.3204441
1.961 , 0.3250217
1.963 , 0.3295994
1.965 , 0.334177
1.967 , 0.3295994
1.969 , 0.334177
1.971 , 0.334177
1.973 , 0.3387547
1.974 , 0.3387547
1.976 , 0.3433323
1.978 , 0.3433323
1.98 , 0.3479099
1.982 , 0.3479099
1.984 , 0.3479099
1.986 , 0.3433323
1.988 , 0.3479099
1.99 , 0.3479099
1.992 , 0.3524876
1.994 , 0.3433323
1.996 , 0.3479099
1.998 , 0.3479099
2.0 , 0.3433323
2.001 , 0.3433323
2.003 , 0.3479099
2.005 , 0.3479099
2.007 , 0.3433323
2.009 , 0.3479099
2.011 , 0.3433323
2.013 , 0.3479099
2.015 , 0.3387547
2.017 , 0.3433323
2.019 , 0.3387547
2.02 , 0.3387547
2.022 , 0.334177
2.024 , 0.334177
2.026 , 0.3295994
2.028 , 0.3295994
2.03 , 0.3250217
2.032 , 0.3250217
2.034 , 0.3295994
2.036 , 0.3250217
2.038 , 0.3204441
2.04 , 0.3204441
2.041 , 0.3204441
2.043 , 0.3112869
2.045 , 0.3158646
2.047 , 0.3112869
2.049 , 0.3067093
2.051 , 0.3021317
2.053 , 0.3067093
2.055 , 0.297554
2.057 , 0.3021317
2.059 , 0.3067093
2.06 , 0.3021317
2.062 , 0.2929764
2.064 , 0.2883987
2.066 , 0.2883987
2.068 , 0.2929764
2.07 , 0.2883987
2.072 , 0.2838211
2.074 , 0.2838211
2.076 , 0.2838211
2.078 , 0.2792435
2.08 , 0.2746658
2.082 , 0.2792435
2.083 , 0.2746658
2.085 , 0.2655106
2.087 , 0.2655106
2.089 , 0.2655106
2.091 , 0.2655106
2.093 , 0.2609329
2.095 , 0.2609329
2.097 , 0.2655106
2.099 , 0.2563553
2.101 , 0.2609329
2.103 , 0.2563553
2.105 , 0.2563553
2.107 , 0.2517776
2.109 , 0.2517776
2.11 , 0.2563553
2.112 , 0.2472
2.114 , 0.2517776
2.116 , 0.2472
2.118 , 0.2472
2.12 , 0.2472
2.122 , 0.2426224
2.124 , 0.2426224
2.126 , 0.2426224
2.128 , 0.2380447
2.129 , 0.2380447
2.131 , 0.2380447
2.133 , 0.2380447
2.135 , 0.2380447
2.137 , 0.2334671
2.139 , 0.2334671
2.141 , 0.2288895
2.143 , 0.2288895
2.145 , 0.2334671
2.147 , 0.2288895
2.149 , 0.2243118
2.151 , 0.2243118
2.153 , 0.2243118
2.154 , 0.2288895
2.156 , 0.2243118
2.158 , 0.2197342
2.16 , 0.2197342
2.162 , 0.2128677
2.164 , 0.2197342
2.166 , 0.2128677
2.168 , 0.2197342
2.17 , 0.2128677
2.172 , 0.2082901
2.173 , 0.2128677
2.175 , 0.2082901
2.177 , 0.2128677
2.179 , 0.2128677
2.181 , 0.2082901
2.183 , 0.2037125
2.185 , 0.2037125
2.187 , 0.2037125
2.189 , 0.2037125
2.191 , 0.2037125
2.192 , 0.2037125
2.194 , 0.1991348
2.196 , 0.1991348
2.198 , 0.2037125
2.2 , 0.1945572
2.202 , 0.1945572
2.204 , 0.1991348
2.206 , 0.1945572
2.208 , 0.1945572
2.21 , 0.1945572
2.212 , 0.1899796
2.213 , 0.1899796
2.216 , 0.1945572
2.217 , 0.1899796
2.219 , 0.1899796
2.221 , 0.1762466
2.223 , 0.1762466
2.225 , 0.171669
2.227 , 0.1762466
2.229 , 0.171669
2.231 , 0.1762466
2.233 , 0.1762466
2.235 , 0.171669
2.237 , 0.1762466
2.239 , 0.1762466
2.24 , 0.171669
2.242 , 0.1762466
2.252 , 0.1945572
2.254 , 0.2037125
2.255 , 0.2037125
2.257 , 0.2037125
2.259 , 0.2082901
2.261 , 0.2128677
2.263 , 0.2197342
2.265 , 0.2197342
2.267 , 0.2197342
2.269 , 0.2243118
2.271 , 0.2288895
2.273 , 0.2380447
2.275 , 0.2380447
2.276 , 0.2426224
2.278 , 0.2472
2.28 , 0.2517776
2.282 , 0.2563553
2.284 , 0.2655106
2.286 , 0.2700882
2.288 , 0.2700882
2.29 , 0.2792435
2.292 , 0.2883987
2.294 , 0.297554
2.296 , 0.3067093
2.297 , 0.3112869
2.299 , 0.3158646
2.301 , 0.3204441
2.303 , 0.3295994
2.305 , 0.3387547
2.307 , 0.3433323
2.309 , 0.3479099
2.311 , 0.3524876
2.313 , 0.3570652
2.315 , 0.3616428
2.316 , 0.3707981
2.318 , 0.384531
2.32 , 0.384531
2.322 , 0.3913975
2.324 , 0.384531
2.326 , 0.3959751
2.328 , 0.4005527
2.33 , 0.4051304
2.332 , 0.4051304
2.334 , 0.409708
2.335 , 0.409708
2.337 , 0.4142876
2.339 , 0.4142876
2.341 , 0.409708
2.343 , 0.4051304
2.345 , 0.4142876
2.347 , 0.409708
2.349 , 0.409708
2.351 , 0.409708
2.353 , 0.4051304
2.355 , 0.4005527
2.357 , 0.4005527
2.358 , 0.3913975
2.36 , 0.3913975
2.362 , 0.3913975
2.364 , 0.384531
2.366 , 0.3799534
2.368 , 0.3753757
2.37 , 0.3707981
2.372 , 0.3662205
2.374 , 0.3616428
2.376 , 0.3570652
2.378 , 0.3524876
2.38 , 0.3433323
2.382 , 0.3387547
2.383 , 0.334177
2.385 , 0.3250217
2.387 , 0.3158646
2.389 , 0.3112869
2.391 , 0.3021317
2.393 , 0.3021317
2.395 , 0.297554
2.397 , 0.297554
2.399 , 0.2883987
2.401 , 0.2838211
2.403 , 0.2792435
2.404 , 0.2746658
2.407 , 0.2655106
2.408 , 0.2655106
2.41 , 0.2609329
2.412 , 0.2609329
2.414 , 0.2609329
2.416 , 0.2609329
2.418 , 0.2517776
2.42 , 0.2472
2.422 , 0.2472
2.424 , 0.2426224
2.426 , 0.2426224
2.427 , 0.2380447
2.429 , 0.2334671
2.431 , 0.2334671
2.433 , 0.2334671
2.435 , 0.2334671
2.437 , 0.2288895
2.439 , 0.2288895
2.441 , 0.2288895
2.443 , 0.2243118
2.445 , 0.2197342
2.446 , 0.2197342
2.448 , 0.2197342
2.45 , 0.2197342
2.452 , 0.2197342
2.454 , 0.2082901
2.456 , 0.2128677
2.458 , 0.2128677
2.46 , 0.2128677
2.462 , 0.2037125
2.464 , 0.2037125
2.466 , 0.2082901
2.468 , 0.2037125
2.469 , 0.1991348
2.471 , 0.1991348
2.473 , 0.2037125
2.475 , 0.1991348
2.477 , 0.1945572
2.479 , 0.1945572
2.481 , 0.1945572
2.483 , 0.1899796
2.485 , 0.1762466
2.487 , 0.1762466
2.489 , 0.1762466
2.491 , 0.1899796
2.493 , 0.1762466
2.495 , 0.1670914
2.497 , 0.171669
2.498 , 0.1625137
2.5 , 0.1670914
2.502 , 0.1670914
2.504 , 0.1670914
2.506 , 0.1625137
2.508 , 0.1625137
2.51 , 0.1579361
2.512 , 0.1579361
2.514 , 0.1625137
2.516 , 0.1579361
2.518 , 0.1625137
2.519 , 0.1533585
2.521 , 0.1533585
2.523 , 0.1579361
2.525 , 0.1533585
2.527 , 0.1533585
2.529 , 0.1533585
2.531 , 0.1533585
2.533 , 0.1442032
2.535 , 0.1533585
2.537 , 0.1442032
2.539 , 0.1487808
2.541 , 0.1487808
2.543 , 0.1487808
2.544 , 0.1487808
2.546 , 0.1442032
2.548 , 0.1487808
2.55 , 0.1487808
2.552 , 0.1487808
2.554 , 0.1487808
2.556 , 0.1487808
2.558 , 0.1487808
2.56 , 0.1442032
2.562 , 0.1442032
2.564 , 0.1487808
2.565 , 0.1487808
2.567 , 0.1533585
2.569 , 0.1487808
2.571 , 0.1533585
2.573 , 0.1442032
2.575 , 0.1533585
2.577 , 0.1579361
2.579 , 0.1533585
2.581 , 0.1533585
2.59 , 0.1533585
2.592 , 0.1533585
2.594 , 0.1579361
2.596 , 0.1625137
2.598 , 0.1579361
2.6 , 0.1579361
2.602 , 0.1533585
2.604 , 0.1579361
2.606 , 0.1579361
2.608 , 0.1625137
2.61 , 0.1579361
2.611 , 0.1625137
2.613 , 0.1625137
2.615 , 0.1625137
2.617 , 0.1625137
2.619 , 0.1625137
2.621 , 0.1579361
2.623 , 0.1579361
2.625 , 0.1625137
2.627 , 0.1533585
2.629 , 0.1579361
2.631 , 0.1533585
2.632 , 0.1533585
2.634 , 0.1579361
2.636 , 0.1579361
2.638 , 0.1533585
2.64 , 0.1533585
2.642 , 0.1533585
2.644 , 0.1533585
2.646 , 0.1487808
2.648 , 0.1533585
2.65 , 0.1487808
2.651 , 0.1487808
2.653 , 0.1487808
2.655 , 0.1442032
2.657 , 0.1442032
2.659 , 0.1487808
2.661 , 0.1396255
2.663 , 0.1396255
2.665 , 0.1396255
2.667 , 0.1304684
2.669 , 0.1258907
2.671 , 0.1304684
2.673 , 0.1304684
2.674 , 0.1304684
2.676 , 0.1304684
2.678 , 0.1213131
2.68 , 0.1258907
2.682 , 0.1213131
2.684 , 0.1258907
2.686 , 0.1167355
2.688 , 0.1167355
2.69 , 0.1167355
2.692 , 0.1213131
2.694 , 0.1167355
2.695 , 0.1030025
2.697 , 0.09842491
2.699 , 0.1030025
2.701 , 0.1121578
2.703 , 0.1075802
2.705 , 0.1075802
2.707 , 0.1030025
2.709 , 0.1075802
2.711 , 0.1075802
2.713 , 0.1030025
2.714 , 0.08926964
2.716 , 0.09384727
2.718 , 0.09384727
2.72 , 0.08926964
2.722 , 0.09384727
2.724 , 0.09842491
2.726 , 0.09384727
2.728 , 0.09384727
2.73 , 0.08926964
2.732 , 0.08926964
2.734 , 0.09842491
2.736 , 0.09384727
2.738 , 0.09384727
2.74 , 0.09384727
2.742 , 0.09384727
2.744 , 0.09384727
2.745 , 0.09384727
2.747 , 0.09384727
2.749 , 0.09842491
2.751 , 0.09842491
2.753 , 0.09384727
2.755 , 0.1030025
2.757 , 0.09842491
2.759 , 0.1030025
2.761 , 0.1075802
2.763 , 0.1075802
2.765 , 0.1075802
2.767 , 0.1075802
2.768 , 0.1075802
2.77 , 0.1167355
2.772 , 0.1121578
2.774 , 0.1121578
2.776 , 0.1167355
2.778 , 0.1167355
2.78 , 0.1213131
2.782 , 0.1304684
2.784 , 0.1350479
2.786 , 0.1350479
2.788 , 0.1350479
2.789 , 0.1350479
2.792 , 0.1396255
2.793 , 0.1442032
2.795 , 0.1442032
2.797 , 0.1487808
2.799 , 0.1487808
2.801 , 0.1487808
2.803 , 0.1533585
2.805 , 0.1579361
2.807 , 0.1579361
2.809 , 0.1625137
2.811 , 0.1670914
2.813 , 0.171669
2.815 , 0.1899796
2.816 , 0.1945572
2.818 , 0.1991348
2.82 , 0.1991348
2.822 , 0.1991348
2.824 , 0.2037125
2.826 , 0.2082901
2.828 , 0.2082901
2.83 , 0.2197342
2.832 , 0.2197342
2.834 , 0.2243118
2.836 , 0.2288895
2.837 , 0.2288895
2.839 , 0.2334671
2.841 , 0.2334671
2.843 , 0.2426224
2.845 , 0.2426224
2.847 , 0.2472
2.849 , 0.2517776
2.851 , 0.2563553
2.853 , 0.2563553
2.855 , 0.2563553
2.857 , 0.2609329
2.859 , 0.2609329
2.861 , 0.2609329
2.863 , 0.2655106
2.864 , 0.2700882
2.866 , 0.2746658
2.868 , 0.2792435
2.87 , 0.2792435
2.872 , 0.2883987
2.874 , 0.2838211
2.876 , 0.2883987
2.878 , 0.2929764
2.88 , 0.2883987
2.882 , 0.2883987
2.884 , 0.2929764
2.886 , 0.2929764
2.888 , 0.297554
2.89 , 0.3067093
2.892 , 0.297554
2.893 , 0.3021317
2.895 , 0.3021317
2.897 , 0.3067093
2.899 , 0.3067093
2.901 , 0.3067093
2.903 , 0.3112869
2.905 , 0.3067093
2.907 , 0.3067093
2.909 , 0.3067093
2.911 , 0.3067093
2.912 , 0.3112869
2.914 , 0.3067093
2.916 , 0.3112869
2.918 , 0.3067093
2.92 , 0.3067093
2.93 , 0.3067093
2.931 , 0.3067093
2.933 , 0.3021317
2.935 , 0.3021317
2.937 , 0.3021317
2.939 , 0.3021317
2.941 , 0.3021317
2.943 , 0.2929764
2.945 , 0.3021317
2.947 , 0.3021317
2.949 , 0.297554
2.951 , 0.297554
2.952 , 0.2929764
2.954 , 0.2929764
2.956 , 0.2929764
2.958 , 0.2929764
2.96 , 0.2883987
2.962 , 0.2929764
2.964 , 0.2883987
2.966 , 0.2883987
2.968 , 0.2838211
2.97 , 0.2838211
2.972 , 0.2838211
2.974 , 0.2838211
2.976 , 0.2792435
2.978 , 0.2838211
2.979 , 0.2792435
2.981 , 0.2792435
2.983 , 0.2700882
2.985 , 0.2746658
2.987 , 0.2746658
2.989 , 0.2655106
2.991 , 0.2700882
2.993 , 0.2655106
2.995 , 0.2655106
2.997 , 0.2655106
2.999 , 0.2609329
3.001 , 0.2609329
3.003 , 0.2609329
3.005 , 0.2563553
3.006 , 0.2563553
3.008 , 0.2563553
3.01 , 0.2563553
3.012 , 0.2609329
3.014 , 0.2609329
3.016 , 0.2563553
3.018 , 0.2609329
3.02 , 0.2609329
3.022 , 0.2655106
3.024 , 0.2609329
3.026 , 0.2655106
3.027 , 0.2746658
3.029 , 0.2700882
3.031 , 0.2746658
3.033 , 0.2838211
3.035 , 0.2838211
3.037 , 0.2746658
3.039 , 0.2746658
3.041 , 0.2838211
3.043 , 0.2929764
3.045 , 0.3021317
3.047 , 0.3112869
3.049 , 0.3158646
3.051 , 0.3204441
3.052 , 0.3250217
3.054 , 0.3387547
3.056 , 0.3387547
3.058 , 0.3479099
3.06 , 0.3479099
3.062 , 0.3616428
3.064 , 0.3707981
3.066 , 0.3753757
3.068 , 0.3799534
3.07 , 0.384531
3.072 , 0.3913975
3.074 , 0.4051304
3.075 , 0.4051304
3.077 , 0.4142876
3.079 , 0.4142876
3.081 , 0.4188652
3.083 , 0.4188652
3.085 , 0.4234428
3.087 , 0.4280205
3.089 , 0.4280205
3.091 , 0.4348869
3.093 , 0.4394646
3.095 , 0.4440422
3.096 , 0.4440422
3.098 , 0.4531975
3.1 , 0.4486198
3.102 , 0.4531975
3.104 , 0.4623528
3.106 , 0.4577751
3.108 , 0.4669304
3.11 , 0.4737968
3.112 , 0.4669304
3.114 , 0.4577751
3.116 , 0.4531975
3.118 , 0.4531975
3.12 , 0.4486198
3.122 , 0.4440422
3.124 , 0.4348869
3.125 , 0.4188652
3.127 , 0.409708
3.129 , 0.4051304
3.131 , 0.384531
3.133 , 0.384531
3.135 , 0.3753757
3.137 , 0.3707981
3.139 , 0.3662205
3.141 , 0.3524876
3.143 , 0.3479099
3.145 , 0.334177
3.146 , 0.3250217
3.148 , 0.3158646
3.15 , 0.3067093
3.152 , 0.3021317
3.154 , 0.2929764
3.156 , 0.2838211
3.158 , 0.2792435
3.16 , 0.2700882
3.162 , 0.2655106
3.164 , 0.2517776
3.166 , 0.2472
3.167 , 0.2288895
3.169 , 0.2243118
3.171 , 0.2197342
3.173 , 0.2128677
3.175 , 0.2037125
3.177 , 0.1991348
3.179 , 0.1762466
3.181 , 0.171669
3.183 , 0.171669
3.185 , 0.1625137
3.187 , 0.1579361
3.189 , 0.1533585
3.191 , 0.1396255
3.192 , 0.1396255
3.194 , 0.1350479
3.196 , 0.1304684
3.198 , 0.1258907
3.2 , 0.1167355
3.202 , 0.1213131
3.204 , 0.1167355
3.206 , 0.1121578
3.208 , 0.1075802
3.21 , 0.1030025
3.211 , 0.1075802
3.213 , 0.1030025
3.215 , 0.09842491
3.217 , 0.09384727
3.219 , 0.09384727
3.221 , 0.084692
3.223 , 0.084692
3.225 , 0.08011436
3.227 , 0.07095909
3.229 , 0.07095909
3.23 , 0.06638145
3.232 , 0.06180382
3.234 , 0.06180382
3.236 , 0.05722618
3.238 , 0.04807091
3.24 , 0.05264854
3.242 , 0.04349327
3.244 , 0.04349327
3.246 , 0.03891373
3.248 , 0.03433609
3.25 , 0.02518082
3.252 , 0.02060318
3.253 , 0.02060318
3.255 , 0.01602554
3.257 , 0.01144791
3.259 , 0.00687027
3.269 , -0.00686264
3.271 , -0.01144028
3.272 , -0.01144028
3.274 , -0.01144028
3.276 , -0.02059555
3.278 , -0.01601791
3.28 , -0.02059555
3.282 , -0.01601791
3.284 , -0.02059555
3.286 , -0.02059555
3.288 , -0.01601791
3.29 , -0.02059555
3.292 , -0.02059555
3.293 , -0.02517319
3.295 , -0.02517319
3.297 , -0.02517319
3.299 , -0.02059555
3.301 , -0.02517319
3.303 , -0.02517319
3.305 , -0.02517319
3.307 , -0.02059555
3.309 , -0.02517319
3.311 , -0.02059555
3.313 , -0.02059555
3.315 , -0.02059555
3.317 , -0.01601791
3.318 , -0.02059555
3.32 , -0.01601791
3.322 , -0.01144028
3.324 , -0.01144028
3.326 , -0.01144028
3.328 , -0.00686264
3.33 , -0.002285004
3.332 , -0.002285004
3.334 , -0.002285004
3.336 , 0.002292633
3.338 , 0.002292633
3.339 , 0.01144791
3.341 , 0.01144791
3.343 , 0.01144791
3.345 , 0.01144791
3.347 , 0.02518082
3.349 , 0.02975845
3.351 , 0.02518082
3.353 , 0.02975845
3.355 , 0.02975845
3.357 , 0.03891373
3.359 , 0.04349327
3.361 , 0.04349327
3.362 , 0.05264854
3.364 , 0.04807091
3.366 , 0.05264854
3.369 , 0.05722618
3.37 , 0.06180382
3.372 , 0.06180382
3.374 , 0.07095909
3.376 , 0.07553673
3.378 , 0.07553673
3.38 , 0.084692
3.382 , 0.084692
3.384 , 0.09384727
3.386 , 0.09384727
3.388 , 0.09842491
3.39 , 0.1030025
3.392 , 0.1075802
3.394 , 0.1121578
3.395 , 0.1167355
3.397 , 0.1167355
3.399 , 0.1304684
3.401 , 0.1304684
3.403 , 0.1304684
3.405 , 0.1304684
3.407 , 0.1396255
3.409 , 0.1442032
3.411 , 0.1487808
3.413 , 0.1579361
3.414 , 0.1579361
3.416 , 0.1579361
3.418 , 0.1625137
3.42 , 0.1670914
3.422 , 0.1762466
3.424 , 0.1762466
3.426 , 0.1854019
3.428 , 0.1945572
3.43 , 0.1945572
3.432 , 0.2037125
3.434 , 0.2082901
3.436 , 0.2082901
3.437 , 0.2082901
3.439 , 0.2128677
3.441 , 0.2082901
3.443 , 0.2128677
3.445 , 0.2197342
3.447 , 0.2288895
3.449 , 0.2288895
3.451 , 0.2288895
3.453 , 0.2288895
3.455 , 0.2334671
3.457 , 0.2334671
3.458 , 0.2380447
3.46 , 0.2426224
3.462 , 0.2426224
3.464 , 0.2472
3.466 , 0.2426224
3.468 , 0.2426224
3.47 , 0.2426224
3.472 , 0.2426224
3.474 , 0.2472
3.476 , 0.2426224
3.478 , 0.2472
3.48 , 0.2472
3.481 , 0.2426224
3.483 , 0.2380447
3.485 , 0.2380447
3.487 , 0.2380447
3.489 , 0.2380447
3.491 , 0.2380447
3.493 , 0.2334671
3.495 , 0.2288895
3.497 , 0.2288895
3.499 , 0.2288895
3.501 , 0.2197342
3.503 , 0.2197342
3.505 , 0.2128677
3.507 , 0.2082901
3.508 , 0.2128677
3.51 , 0.2037125
3.512 , 0.1991348
3.514 , 0.1945572
3.516 , 0.1899796
3.518 , 0.1762466
3.52 , 0.171669
3.522 , 0.1625137
3.524 , 0.1579361
3.526 , 0.1625137
3.528 , 0.1533585
3.529 , 0.1533585
3.531 , 0.1533585
3.533 , 0.1442032
3.535 , 0.1442032
3.537 , 0.1442032
3.539 , 0.1350479
3.541 , 0.1258907
3.543 , 0.1304684
3.545 , 0.1213131
3.547 , 0.1213131
3.549 , 0.1213131
3.55 , 0.1121578
3.552 , 0.1121578
3.554 , 0.1075802
3.556 , 0.1075802
3.558 , 0.1030025
3.56 , 0.09842491
3.562 , 0.09384727
3.564 , 0.09384727
3.566 , 0.09384727
3.568 , 0.09384727
3.57 , 0.084692
3.572 , 0.08926964
3.574 , 0.08926964
3.576 , 0.084692
3.578 , 0.08011436
3.58 , 0.08011436
3.581 , 0.08011436
3.583 , 0.08011436
3.585 , 0.08011436
3.587 , 0.07553673
3.589 , 0.08011436
3.591 , 0.07553673
3.593 , 0.08011436
3.595 , 0.084692
3.597 , 0.08011436
3.599 , 0.08926964
3.608 , 0.08926964
3.61 , 0.08926964
3.612 , 0.09842491
3.614 , 0.09384727
3.616 , 0.09842491
3.618 , 0.1030025
3.62 , 0.1030025
3.622 , 0.1030025
3.624 , 0.1075802
3.626 , 0.1121578
3.628 , 0.1167355
3.629 , 0.1213131
3.631 , 0.1167355
3.633 , 0.1213131
3.635 , 0.1304684
3.637 , 0.1258907
3.639 , 0.1350479
3.641 , 0.1350479
3.643 , 0.1396255
3.645 , 0.1396255
3.647 , 0.1442032
3.649 , 0.1442032
3.651 , 0.1487808
3.652 , 0.1533585
3.654 , 0.1533585
3.656 , 0.1579361
3.658 , 0.1625137
3.66 , 0.1579361
3.662 , 0.1670914
3.664 , 0.1670914
3.666 , 0.1670914
3.668 , 0.171669
3.67 , 0.171669
3.672 , 0.1762466
3.674 , 0.1899796
3.676 , 0.1945572
3.677 , 0.1945572
3.679 , 0.1945572
3.681 , 0.1945572
3.683 , 0.1991348
3.685 , 0.1991348
3.687 , 0.2037125
3.689 , 0.2037125
3.691 , 0.2037125
3.693 , 0.2082901
3.695 , 0.2082901
3.697 , 0.2082901
3.699 , 0.2128677
3.701 , 0.2082901
3.703 , 0.2197342
3.704 , 0.2197342
3.706 , 0.2197342
3.708 , 0.2128677
3.71 , 0.2197342
3.712 , 0.2243118
3.714 , 0.2197342
3.716 , 0.2243118
3.718 , 0.2243118
3.72 , 0.2288895
3.722 , 0.2288895
3.724 , 0.2243118
3.726 , 0.2243118
3.727 , 0.2243118
3.729 , 0.2288895
3.731 , 0.2288895
3.733 , 0.2243118
3.735 , 0.2288895
3.737 , 0.2288895
3.739 , 0.2243118
3.741 , 0.2197342
3.743 , 0.2243118
3.745 , 0.2243118
3.747 , 0.2243118
3.748 , 0.2197342
3.75 , 0.2288895
3.753 , 0.2243118
3.754 , 0.2243118
3.756 , 0.2243118
3.758 , 0.2243118
3.76 , 0.2197342
3.762 , 0.2288895
3.764 , 0.2288895
3.766 , 0.2243118
3.768 , 0.2243118
3.77 , 0.2288895
3.772 , 0.2334671
3.774 , 0.2288895
3.776 , 0.2288895
3.777 , 0.2288895
3.779 , 0.2243118
3.781 , 0.2288895
3.783 , 0.2334671
3.785 , 0.2334671
3.787 , 0.2334671
3.789 , 0.2380447
3.791 , 0.2334671
3.793 , 0.2380447
3.795 , 0.2426224
3.797 , 0.2380447
3.799 , 0.2426224
3.801 , 0.2472
3.802 , 0.2426224
3.804 , 0.2472
3.806 , 0.2426224
3.808 , 0.2472
3.81 , 0.2517776
3.812 , 0.2563553
3.814 , 0.2563553
3.816 , 0.2655106
3.818 , 0.2655106
3.82 , 0.2792435
3.822 , 0.2792435
3.824 , 0.2838211
3.825 , 0.2929764
3.827 , 0.297554
3.829 , 0.3067093
3.831 , 0.3158646
3.833 , 0.3250217
3.835 , 0.3387547
3.837 , 0.3433323
3.839 , 0.3524876
3.841 , 0.3662205
3.843 , 0.3799534
3.845 , 0.3959751
3.847 , 0.4005527
3.849 , 0.4188652
3.85 , 0.4280205
3.852 , 0.4440422
3.854 , 0.4531975
3.856 , 0.4737968
3.858 , 0.4921074
3.86 , 0.496685
3.862 , 0.5058403
3.864 , 0.5195732
3.866 , 0.5287285
3.868 , 0.5378838
3.87 , 0.5561943
3.872 , 0.5653496
3.874 , 0.5905266
3.876 , 0.6042614
3.878 , 0.6179943
3.88 , 0.6225719
3.881 , 0.6179943
3.883 , 0.6179943
3.885 , 0.6134167
3.887 , 0.6042614
3.889 , 0.608839
3.891 , 0.5996819
3.893 , 0.5996819
3.895 , 0.6042614
3.897 , 0.5996819
3.899 , 0.5951042
3.901 , 0.5859489
3.903 , 0.5859489
3.905 , 0.5745049
3.907 , 0.5699272
3.908 , 0.5607719
3.91 , 0.5607719
3.912 , 0.5561943
3.914 , 0.547039
3.916 , 0.5378838
3.918 , 0.5287285
3.92 , 0.5287285
3.922 , 0.5149956
3.924 , 0.5104179
3.926 , 0.5012627
3.928 , 0.4875298
3.93 , 0.4829521
3.931 , 0.4737968
3.933 , 0.4669304
3.935 , 0.4486198
3.937 , 0.4348869
3.939 , 0.3799534
3.949 , 0.3753757
3.951 , 0.3662205
3.953 , 0.3524876
3.955 , 0.3433323
3.957 , 0.3295994
3.959 , 0.3204441
3.96 , 0.3067093
3.962 , 0.3021317
3.964 , 0.2929764
3.966 , 0.2838211
3.968 , 0.2746658
3.97 , 0.2609329
3.972 , 0.2563553
3.974 , 0.2472
3.976 , 0.2380447
3.978 , 0.2288895
3.98 , 0.2288895
3.982 , 0.2128677
3.983 , 0.2037125
3.985 , 0.1991348
3.987 , 0.1899796
3.989 , 0.171669
3.991 , 0.1625137
3.993 , 0.1579361
3.995 , 0.1487808
3.997 , 0.1442032
3.999 , 0.1350479
4.001 , 0.1258907
4.003 , 0.1213131
4.005 , 0.1213131
4.007 , 0.1121578
4.009 , 0.1075802
4.011 , 0.1075802
4.012 , 0.09842491
4.014 , 0.09384727
4.016 , 0.08926964
4.018 , 0.084692
4.02 , 0.08011436
4.022 , 0.08011436
4.024 , 0.07553673
4.026 , 0.06638145
4.028 , 0.06180382
4.03 , 0.05722618
4.032 , 0.05722618
4.033 , 0.05264854
4.035 , 0.04349327
4.037 , 0.04349327
4.039 , 0.04349327
4.041 , 0.03433609
4.043 , 0.02975845
4.045 , 0.02518082
4.047 , 0.01602554
4.049 , 0.01602554
4.051 , 0.01144791
4.052 , 0.00687027
4.054 , 0.002292633
4.056 , -0.002285004
4.058 , -0.00686264
4.06 , -0.01601791
4.062 , -0.01601791
4.064 , -0.02517319
4.066 , -0.02975082
4.068 , -0.02517319
4.07 , -0.03432846
4.072 , -0.03432846
4.074 , -0.04348373
4.076 , -0.04348373
4.078 , -0.04806137
4.079 , -0.04806137
4.081 , -0.05263901
4.083 , -0.05721855
4.085 , -0.05263901
4.087 , -0.06179619
4.089 , -0.05721855
4.091 , -0.05721855
4.093 , -0.05721855
4.095 , -0.05721855
4.097 , -0.06179619
4.099 , -0.05721855
4.101 , -0.05721855
4.103 , -0.05721855
4.104 , -0.05721855
4.106 , -0.06179619
4.108 , -0.05721855
4.11 , -0.05721855
4.112 , -0.05263901
4.114 , -0.05263901
4.116 , -0.05263901
4.118 , -0.05721855
4.12 , -0.04806137
4.122 , -0.05263901
4.124 , -0.04806137
4.126 , -0.04806137
4.127 , -0.04348373
4.129 , -0.04806137
4.131 , -0.03432846
4.133 , -0.03432846
4.135 , -0.04348373
4.137 , -0.02975082
4.139 , -0.02975082
4.141 , -0.02975082
4.143 , -0.02517319
4.145 , -0.02517319
4.147 , -0.01601791
4.149 , -0.01601791
4.151 , -0.01601791
4.153 , -0.01144028
4.155 , -0.01144028
4.156 , -0.00686264
4.158 , -0.00686264
4.16 , -0.002285004
4.162 , -0.002285004
4.164 , 0.002292633
4.166 , 0.00687027
4.168 , 0.00687027
4.17 , 0.00687027
4.172 , 0.01144791
4.174 , 0.01602554
4.176 , 0.01602554
4.178 , 0.01602554
4.179 , 0.02060318
4.181 , 0.01602554
4.183 , 0.02975845
4.185 , 0.02975845
4.187 , 0.03433609
4.189 , 0.03433609
4.191 , 0.03433609
4.193 , 0.03433609
4.195 , 0.03891373
4.197 , 0.04349327
4.199 , 0.04349327
4.201 , 0.04349327
4.203 , 0.05264854
4.205 , 0.05722618
4.206 , 0.05722618
4.208 , 0.06180382
4.21 , 0.06180382
4.212 , 0.06180382
4.214 , 0.07095909
4.216 , 0.07553673
4.218 , 0.07095909
4.22 , 0.07553673
4.222 , 0.08011436
4.224 , 0.08011436
4.226 , 0.08011436
4.228 , 0.084692
4.229 , 0.084692
4.231 , 0.08926964
4.233 , 0.09384727
4.235 , 0.09842491
4.237 , 0.09842491
4.239 , 0.1030025
4.241 , 0.09842491
4.243 , 0.1030025
4.245 , 0.1075802
4.247 , 0.1121578
4.248 , 0.1121578
4.25 , 0.1213131
4.252 , 0.1213131
4.254 , 0.1167355
4.256 , 0.1213131
4.258 , 0.1350479
4.26 , 0.1258907
4.262 , 0.1304684
4.264 , 0.1304684
4.266 , 0.1350479
4.268 , 0.1350479
4.27 , 0.1396255
4.271 , 0.1442032
4.273 , 0.1442032
4.275 , 0.1487808
4.277 , 0.1442032
4.287 , 0.1625137
4.289 , 0.1579361
4.29 , 0.1625137
4.292 , 0.1670914
4.294 , 0.1670914
4.296 , 0.171669
4.298 , 0.171669
4.3 , 0.171669
4.302 , 0.1899796
4.304 , 0.1899796
4.306 , 0.1899796
4.308 , 0.1899796
4.31 , 0.1762466
4.312 , 0.1899796
4.313 , 0.1945572
4.315 , 0.1899796
4.317 , 0.1899796
4.319 , 0.1762466
4.321 , 0.1945572
4.323 , 0.1899796
4.325 , 0.1899796
4.327 , 0.1899796
4.329 , 0.1899796
4.331 , 0.1762466
4.333 , 0.1762466
4.335 , 0.1762466
4.337 , 0.171669
4.339 , 0.1762466
4.341 , 0.171669
4.342 , 0.1762466
4.344 , 0.1625137
4.346 , 0.1625137
4.348 , 0.1625137
4.35 , 0.1625137
4.352 , 0.1670914
4.354 , 0.1625137
4.356 , 0.1625137
4.358 , 0.1579361
4.36 , 0.1533585
4.361 , 0.1533585
4.363 , 0.1487808
4.365 , 0.1487808
4.367 , 0.1487808
4.369 , 0.1487808
4.371 , 0.1487808
4.373 , 0.1442032
4.375 , 0.1442032
4.377 , 0.1442032
4.379 , 0.1442032
4.381 , 0.1396255
4.382 , 0.1396255
4.384 , 0.1350479
4.386 , 0.1396255
4.388 , 0.1350479
4.39 , 0.1350479
4.392 , 0.1350479
4.394 , 0.1304684
4.396 , 0.1304684
4.398 , 0.1258907
4.4 , 0.1213131
4.402 , 0.1258907
4.404 , 0.1258907
4.406 , 0.1213131
4.407 , 0.1167355
4.409 , 0.1258907
4.411 , 0.1258907
4.413 , 0.1258907
4.415 , 0.1167355
4.417 , 0.1258907
4.419 , 0.1258907
4.421 , 0.1167355
4.423 , 0.1167355
4.425 , 0.1167355
4.426 , 0.1167355
4.428 , 0.1213131
4.43 , 0.1121578
4.432 , 0.1121578
4.434 , 0.1213131
4.436 , 0.1167355
4.438 , 0.1213131
4.44 , 0.1167355
4.442 , 0.1167355
4.444 , 0.1167355
4.445 , 0.1213131
4.447 , 0.1258907
4.449 , 0.1213131
4.451 , 0.1258907
4.453 , 0.1304684
4.455 , 0.1258907
4.457 , 0.1258907
4.459 , 0.1350479
4.461 , 0.1350479
4.463 , 0.1304684
4.465 , 0.1304684
4.467 , 0.1396255
4.469 , 0.1442032
4.47 , 0.1350479
4.472 , 0.1442032
4.474 , 0.1442032
4.476 , 0.1442032
4.478 , 0.1487808
4.48 , 0.1487808
4.482 , 0.1487808
4.484 , 0.1533585
4.486 , 0.1533585
4.488 , 0.1533585
4.49 , 0.1533585
4.492 , 0.1533585
4.494 , 0.1579361
4.495 , 0.1533585
4.497 , 0.171669
4.499 , 0.1670914
4.501 , 0.1625137
4.503 , 0.1670914
4.505 , 0.1762466
4.507 , 0.171669
4.509 , 0.171669
4.511 , 0.171669
4.513 , 0.171669
4.515 , 0.1762466
4.516 , 0.1762466
4.518 , 0.1899796
4.521 , 0.1899796
4.523 , 0.1899796
4.524 , 0.1945572
4.526 , 0.1945572
4.528 , 0.1945572
4.53 , 0.1991348
4.532 , 0.2037125
4.534 , 0.2082901
4.536 , 0.2082901
4.538 , 0.1991348
4.54 , 0.2128677
4.542 , 0.2128677
4.544 , 0.2082901
4.545 , 0.2197342
4.547 , 0.2197342
4.549 , 0.2197342
4.551 , 0.2197342
4.553 , 0.2197342
4.555 , 0.2243118
4.557 , 0.2243118
4.559 , 0.2288895
4.561 , 0.2288895
4.563 , 0.2243118
4.565 , 0.2288895
4.566 , 0.2334671
4.568 , 0.2243118
4.57 , 0.2288895
4.572 , 0.2288895
4.574 , 0.2288895
4.576 , 0.2288895
4.578 , 0.2288895
4.58 , 0.2243118
4.582 , 0.2243118
4.584 , 0.2243118
4.586 , 0.2288895
4.588 , 0.2243118
4.59 , 0.2197342
4.592 , 0.2288895
4.594 , 0.2243118
4.595 , 0.2243118
4.597 , 0.2243118
4.599 , 0.2197342
4.601 , 0.2243118
4.603 , 0.2128677
4.605 , 0.2197342
4.607 , 0.2128677
4.609 , 0.2197342
4.611 , 0.2197342
4.613 , 0.2197342
4.615 , 0.2197342
4.616 , 0.2197342
4.626 , 0.2334671
4.628 , 0.2334671
4.63 , 0.2334671
4.632 , 0.2380447
4.633 , 0.2426224
4.635 , 0.2517776
4.637 , 0.2563553
4.639 , 0.2609329
4.641 , 0.2700882
4.643 , 0.2792435
4.645 , 0.2929764
4.647 , 0.3021317
4.649 , 0.3158646
4.651 , 0.3295994
4.653 , 0.3387547
4.655 , 0.3524876
4.657 , 0.3707981
4.659 , 0.384531
4.661 , 0.4051304
4.663 , 0.4234428
4.665 , 0.4440422
4.666 , 0.4577751
4.668 , 0.4737968
4.67 , 0.496685
4.672 , 0.5195732
4.674 , 0.5378838
4.676 , 0.5561943
4.678 , 0.5699272
4.68 , 0.5996819
4.682 , 0.6225719
4.684 , 0.6546154
4.686 , 0.6683483
4.688 , 0.6775036
4.69 , 0.68437
4.691 , 0.6889477
4.693 , 0.6935253
4.695 , 0.7026825
4.697 , 0.7072601
4.699 , 0.7118378
4.701 , 0.720993
4.703 , 0.7370148
4.705 , 0.7370148
4.707 , 0.7507477
4.709 , 0.7553253
4.711 , 0.7644806
4.713 , 0.7690582
4.715 , 0.7805023
4.717 , 0.78508
4.719 , 0.7896595
4.721 , 0.7805023
4.722 , 0.7805023
4.724 , 0.7805023
4.726 , 0.7690582
4.728 , 0.7644806
4.73 , 0.7644806
4.732 , 0.7507477
4.734 , 0.74617
4.736 , 0.7324371
4.738 , 0.720993
4.74 , 0.7118378
4.742 , 0.7026825
4.743 , 0.6935253
4.745 , 0.6729259
4.747 , 0.659193
4.749 , 0.6500378
4.751 , 0.6363049
4.753 , 0.6225719
4.755 , 0.608839
4.757 , 0.5951042
4.759 , 0.5699272
4.761 , 0.5561943
4.763 , 0.5424614
4.765 , 0.5287285
4.767 , 0.5058403
4.768 , 0.4921074
4.77 , 0.4737968
4.772 , 0.4577751
4.774 , 0.4440422
4.776 , 0.4234428
4.778 , 0.4051304
4.78 , 0.3913975
4.782 , 0.3753757
4.784 , 0.3662205
4.786 , 0.3479099
4.788 , 0.3295994
4.79 , 0.3158646
4.792 , 0.297554
4.794 , 0.2883987
4.796 , 0.2746658
4.797 , 0.2655106
4.799 , 0.2517776
4.801 , 0.2380447
4.803 , 0.2243118
4.805 , 0.2128677
4.807 , 0.2037125
4.809 , 0.1899796
4.811 , 0.171669
4.813 , 0.1625137
4.815 , 0.1487808
4.817 , 0.1442032
4.819 , 0.1304684
4.82 , 0.1258907
4.822 , 0.1213131
4.824 , 0.1075802
4.826 , 0.1030025
4.828 , 0.09842491
4.83 , 0.09384727
4.832 , 0.08926964
4.834 , 0.08011436
4.836 , 0.07095909
4.838 , 0.07095909
4.84 , 0.06638145
4.842 , 0.05722618
4.844 , 0.05722618
4.846 , 0.05264854
4.847 , 0.05264854
4.849 , 0.04349327
4.851 , 0.03891373
4.853 , 0.03433609
4.855 , 0.02975845
4.857 , 0.02975845
4.859 , 0.02975845
4.861 , 0.02975845
4.863 , 0.02518082
4.865 , 0.01602554
4.867 , 0.01144791
4.869 , 0.00687027
4.871 , 0.00687027
4.873 , 0.00687027
4.875 , 0.002292633
4.876 , 0.002292633
4.878 , -0.002285004
4.88 , 0.002292633
4.882 , -0.00686264
4.884 , -0.002285004
4.886 , -0.00686264
4.888 , -0.00686264
4.89 , -0.00686264
4.892 , -0.00686264
4.894 , -0.002285004
4.896 , -0.00686264
4.898 , -0.01144028
4.9 , -0.00686264
4.902 , -0.00686264
4.904 , -0.00686264
4.906 , -0.00686264
4.907 , -0.002285004
4.909 , -0.002285004
4.911 , 0.002292633
4.913 , -0.002285004
4.915 , 0.002292633
4.917 , -0.002285004
4.919 , 0.002292633
4.921 , 0.00687027
4.923 , 0.002292633
4.925 , 0.002292633
4.927 , 0.01144791
4.929 , 0.00687027
4.931 , 0.01144791
4.932 , 0.01144791
4.934 , 0.01144791
4.936 , 0.02518082
4.938 , 0.02060318
4.94 , 0.02518082
4.942 , 0.02975845
4.944 , 0.02975845
4.946 , 0.02975845
4.948 , 0.02975845
4.95 , 0.03891373
4.952 , 0.03891373
4.954 , 0.03891373
4.956 , 0.03891373
4.958 , 0.04807091
4.967 , 0.05722618
4.969 , 0.05722618
4.971 , 0.05722618
4.973 , 0.06180382
4.975 , 0.06180382
4.977 , 0.06638145
4.979 , 0.06638145
4.981 , 0.07095909
4.983 , 0.07095909
4.985 , 0.07553673
4.986 , 0.08011436
4.988 , 0.07095909
4.99 , 0.08011436
4.992 , 0.07553673
4.994 , 0.084692
4.996 , 0.08011436
4.998 , 0.084692
5.0 , 0.084692
5.002 , 0.084692
5.004 , 0.084692
5.006 , 0.084692
5.008 , 0.08926964
5.009 , 0.084692
5.011 , 0.08926964
5.013 , 0.08011436
5.015 , 0.08926964
5.017 , 0.08926964
5.019 , 0.084692
5.021 , 0.08011436
5.023 , 0.084692
5.025 , 0.084692
5.027 , 0.084692
5.029 , 0.084692
5.031 , 0.084692
5.033 , 0.084692
5.035 , 0.08926964
5.037 , 0.08011436
5.038 , 0.084692
5.04 , 0.084692
5.042 , 0.08011436
5.044 , 0.08011436
5.046 , 0.07553673
5.048 , 0.07553673
5.05 , 0.07095909
5.052 , 0.07553673
5.054 , 0.07553673
5.056 , 0.07095909
5.058 , 0.08011436
5.059 , 0.07095909
5.061 , 0.07553673
5.063 , 0.06638145
5.065 , 0.06638145
5.067 , 0.06638145
5.069 , 0.06638145
5.071 , 0.06638145
5.073 , 0.06180382
5.075 , 0.06638145
5.077 , 0.06180382
5.079 , 0.06180382
5.081 , 0.05722618
5.082 , 0.05722618
5.084 , 0.05722618
5.086 , 0.05722618
5.088 , 0.05722618
5.09 , 0.05264854
5.092 , 0.05264854
5.094 , 0.05264854
5.096 , 0.05264854
5.098 , 0.05264854
5.1 , 0.05264854
5.102 , 0.04349327
5.104 , 0.04807091
5.106 , 0.04349327
5.108 , 0.04349327
5.11 , 0.04349327
5.111 , 0.03891373
5.113 , 0.03891373
5.115 , 0.03891373
5.117 , 0.03891373
5.119 , 0.03891373
5.121 , 0.02975845
5.123 , 0.03433609
5.125 , 0.02518082
5.127 , 0.02975845
5.129 , 0.02518082
5.131 , 0.02518082
5.133 , 0.01602554
5.134 , 0.01602554
5.136 , 0.01602554
5.138 , 0.01144791
5.14 , 0.00687027
5.142 , 0.00687027
5.144 , 0.00687027
5.146 , -0.002285004
5.148 , -0.002285004
5.15 , -0.00686264
5.152 , -0.00686264
5.154 , -0.00686264
5.156 , -0.01601791
5.158 , -0.01601791
5.16 , -0.01601791
5.162 , -0.02517319
5.164 , -0.02059555
5.165 , -0.02517319
5.167 , -0.02975082
5.169 , -0.02975082
5.171 , -0.03432846
5.173 , -0.03432846
5.175 , -0.04806137
5.177 , -0.03432846
5.179 , -0.04806137
5.181 , -0.04806137
5.183 , -0.04348373
5.185 , -0.04806137
5.187 , -0.05263901
5.189 , -0.04806137
5.19 , -0.04806137
5.192 , -0.05263901
5.194 , -0.05263901
5.196 , -0.04806137
5.198 , -0.05263901
5.2 , -0.05263901
5.202 , -0.04806137
5.204 , -0.04806137
5.206 , -0.04348373
5.208 , -0.04348373
5.21 , -0.03432846
5.212 , -0.03432846
5.214 , -0.03432846
5.215 , -0.03432846
5.217 , -0.02975082
5.219 , -0.02059555
5.221 , -0.02059555
5.223 , -0.02059555
5.225 , -0.01144028
5.227 , -0.01144028
5.229 , 0.002292633
5.231 , 0.002292633
5.233 , 0.002292633
5.235 , 0.00687027
5.237 , 0.01144791
5.238 , 0.01602554
5.24 , 0.02518082
5.242 , 0.03433609
5.244 , 0.03891373
5.246 , 0.04349327
5.248 , 0.04349327
5.25 , 0.05264854
5.252 , 0.06180382
5.254 , 0.06638145
5.256 , 0.07553673
5.258 , 0.07095909
5.26 , 0.08011436
5.261 , 0.08926964
5.263 , 0.08926964
5.265 , 0.09842491
5.267 , 0.1075802
5.269 , 0.1075802
5.271 , 0.1167355
5.273 , 0.1213131
5.275 , 0.1304684
5.277 , 0.1350479
5.279 , 0.1396255
5.281 , 0.1442032
5.282 , 0.1533585
5.284 , 0.1533585
5.286 , 0.1579361
5.288 , 0.1625137
5.29 , 0.1670914
5.292 , 0.1670914
5.294 , 0.1899796
5.296 , 0.1899796
5.298 , 0.1899796
5.307 , 0.1945572
5.309 , 0.2037125
5.311 , 0.2037125
5.313 , 0.1991348
5.315 , 0.2037125
5.317 , 0.2037125
5.319 , 0.2037125
5.321 , 0.2037125
5.323 , 0.2082901
5.325 , 0.2082901
5.326 , 0.2037125
5.328 , 0.1945572
5.33 , 0.1991348
5.332 , 0.1991348
5.334 , 0.1991348
5.336 , 0.1991348
5.338 , 0.1945572
5.34 , 0.1899796
5.342 , 0.1899796
5.344 , 0.1899796
5.346 , 0.171669
5.348 , 0.171669
5.349 , 0.1762466
5.352 , 0.1670914
5.353 , 0.1670914
5.355 , 0.1625137
5.357 , 0.1533585
5.359 , 0.1533585
5.361 , 0.1487808
5.363 , 0.1487808
5.365 , 0.1442032
5.367 , 0.1396255
5.369 , 0.1350479
5.371 , 0.1304684
5.373 , 0.1304684
5.374 , 0.1304684
5.376 , 0.1258907
5.378 , 0.1258907
5.38 , 0.1213131
5.382 , 0.1213131
5.384 , 0.1167355
5.386 , 0.1121578
5.388 , 0.1121578
5.39 , 0.1075802
5.392 , 0.1030025
5.394 , 0.1030025
5.395 , 0.1030025
5.397 , 0.1030025
5.399 , 0.09842491
5.401 , 0.09842491
5.403 , 0.09842491
5.405 , 0.09842491
5.407 , 0.09842491
5.409 , 0.09842491
5.411 , 0.09842491
5.413 , 0.09842491
5.415 , 0.09842491
5.417 , 0.09842491
5.419 , 0.09842491
5.421 , 0.1075802
5.422 , 0.1075802
5.424 , 0.1030025
5.426 , 0.1030025
5.428 , 0.1075802
5.43 , 0.1121578
5.432 , 0.1167355
5.434 , 0.1121578
5.436 , 0.1167355
5.438 , 0.1258907
5.44 , 0.1213131
5.441 , 0.1258907
5.443 , 0.1304684
5.445 , 0.1304684
5.447 , 0.1396255
5.449 , 0.1396255
5.451 , 0.1487808
5.453 , 0.1533585
5.455 , 0.1579361
5.457 , 0.1625137
5.459 , 0.1670914
5.461 , 0.1762466
5.463 , 0.1945572
5.465 , 0.2037125
5.466 , 0.2082901
5.468 , 0.2243118
5.47 , 0.2288895
5.472 , 0.2426224
5.474 , 0.2563553
5.476 , 0.2655106
5.478 , 0.2792435
5.48 , 0.2929764
5.482 , 0.3067093
5.484 , 0.3295994
5.486 , 0.3433323
5.488 , 0.3616428
5.49 , 0.3753757
5.492 , 0.3959751
5.493 , 0.409708
5.495 , 0.4348869
5.497 , 0.4531975
5.499 , 0.4783745
5.501 , 0.496685
5.503 , 0.5241508
5.505 , 0.5424614
5.507 , 0.5653496
5.509 , 0.5905266
5.511 , 0.6179943
5.513 , 0.6546154
5.515 , 0.659193
5.517 , 0.6637707
5.518 , 0.6637707
5.52 , 0.68437
5.522 , 0.6935253
5.524 , 0.7026825
5.526 , 0.7118378
5.528 , 0.720993
5.53 , 0.7415924
5.532 , 0.7553253
5.534 , 0.7644806
5.536 , 0.7690582
5.538 , 0.7759247
5.54 , 0.7805023
5.541 , 0.7805023
5.543 , 0.7805023
5.545 , 0.7690582
5.547 , 0.7759247
5.549 , 0.759903
5.551 , 0.7553253
5.553 , 0.74617
5.555 , 0.7415924
5.557 , 0.7415924
5.559 , 0.7278595
5.561 , 0.7164154
5.563 , 0.7118378
5.565 , 0.7026825
5.567 , 0.6889477
5.569 , 0.6729259
5.57 , 0.6683483
5.572 , 0.659193
5.574 , 0.6408825
5.576 , 0.6271496
5.578 , 0.6179943
5.58 , 0.5996819
5.582 , 0.5905266
5.584 , 0.5745049
5.586 , 0.5607719
5.588 , 0.547039
5.59 , 0.5333061
5.592 , 0.5241508
5.593 , 0.5149956
5.595 , 0.4921074
5.597 , 0.4875298
5.599 , 0.4669304
5.601 , 0.4531975
5.603 , 0.4394646
5.605 , 0.4280205
5.607 , 0.4188652
5.609 , 0.4005527
5.611 , 0.384531
5.613 , 0.3707981
5.615 , 0.3570652
5.617 , 0.3479099
5.619 , 0.3387547
5.621 , 0.3295994
5.623 , 0.3158646
5.624 , 0.3021317
5.626 , 0.2883987
5.628 , 0.2792435
5.63 , 0.2700882
5.632 , 0.2609329
5.634 , 0.2517776
5.636 , 0.2426224
5.638 , 0.1991348
5.647 , 0.1899796
5.649 , 0.1762466
5.651 , 0.1579361
5.653 , 0.1579361
5.655 , 0.1487808
5.657 , 0.1487808
5.659 , 0.1396255
5.661 , 0.1396255
5.663 , 0.1350479
5.665 , 0.1258907
5.667 , 0.1213131
5.669 , 0.1213131
5.67 , 0.1167355
5.672 , 0.1167355
5.674 , 0.1121578
5.676 , 0.1075802
5.678 , 0.1030025
5.68 , 0.1030025
5.682 , 0.1030025
5.684 , 0.09842491
5.686 , 0.1030025
5.688 , 0.09842491
5.69 , 0.08926964
5.692 , 0.09384727
5.693 , 0.08926964
5.695 , 0.08926964
5.697 , 0.084692
5.699 , 0.084692
5.701 , 0.084692
5.703 , 0.084692
5.705 , 0.084692
5.707 , 0.084692
5.709 , 0.08011436
5.711 , 0.084692
5.713 , 0.08011436
5.715 , 0.08011436
5.716 , 0.08011436
5.718 , 0.08011436
5.72 , 0.07553673
5.722 , 0.08011436
5.724 , 0.08011436
5.726 , 0.08011436
5.728 , 0.08011436
5.73 , 0.08011436
5.732 , 0.08011436
5.734 , 0.08011436
5.736 , 0.08011436
5.738 , 0.08011436
5.74 , 0.084692
5.742 , 0.084692
5.743 , 0.084692
5.745 , 0.084692
5.747 , 0.084692
5.749 , 0.08926964
5.751 , 0.08926964
5.753 , 0.08926964
5.755 , 0.09384727
5.757 , 0.09384727
5.759 , 0.09842491
5.761 , 0.09384727
5.763 , 0.09842491
5.765 , 0.1030025
5.767 , 0.1030025
5.769 , 0.1075802
5.77 , 0.1075802
5.772 , 0.1121578
5.774 , 0.1167355
5.776 , 0.1167355
5.778 , 0.1213131
5.78 , 0.1213131
5.782 , 0.1213131
5.784 , 0.1213131
5.786 , 0.1304684
5.788 , 0.1258907
5.789 , 0.1304684
5.791 , 0.1396255
5.793 , 0.1396255
5.795 , 0.1442032
5.797 , 0.1442032
5.799 , 0.1533585
5.801 , 0.1533585
5.803 , 0.1579361
5.805 , 0.1579361
5.807 , 0.1625137
5.809 , 0.1670914
5.811 , 0.1625137
5.813 , 0.171669
5.815 , 0.171669
5.816 , 0.1762466
5.818 , 0.1854019
5.82 , 0.1899796
5.822 , 0.1899796
5.824 , 0.1991348
5.826 , 0.1991348
5.828 , 0.1991348
5.83 , 0.2037125
5.832 , 0.2037125
5.834 , 0.2037125
5.836 , 0.2082901
5.838 , 0.2128677
5.84 , 0.2128677
5.841 , 0.2197342
5.843 , 0.2128677
5.845 , 0.2128677
5.847 , 0.2128677
5.849 , 0.2128677
5.851 , 0.2197342
5.853 , 0.2128677
5.855 , 0.2197342
5.857 , 0.2243118
5.859 , 0.2243118
5.861 , 0.2128677
5.862 , 0.2243118
5.865 , 0.2243118
5.866 , 0.2243118
5.868 , 0.2197342
5.87 , 0.2197342
5.872 , 0.2197342
5.874 , 0.2243118
5.876 , 0.2197342
5.878 , 0.2197342
5.88 , 0.2243118
5.882 , 0.2128677
5.884 , 0.2197342
5.886 , 0.2197342
5.888 , 0.2197342
5.889 , 0.2197342
5.891 , 0.2197342
5.893 , 0.2128677
5.895 , 0.2128677
5.897 , 0.2128677
5.899 , 0.2128677
5.901 , 0.2128677
5.903 , 0.2082901
5.905 , 0.2082901
5.907 , 0.2082901
5.909 , 0.2082901
5.911 , 0.2082901
5.912 , 0.2082901
5.914 , 0.2037125
5.916 , 0.2037125
5.918 , 0.2037125
5.92 , 0.2037125
5.922 , 0.1991348
5.924 , 0.1991348
5.926 , 0.1991348
5.928 , 0.1991348
5.93 , 0.1945572
5.932 , 0.1991348
5.934 , 0.1945572
5.936 , 0.1899796
5.938 , 0.1945572
5.94 , 0.1945572
5.942 , 0.1899796
5.943 , 0.1945572
5.945 , 0.1899796
5.947 , 0.1899796
5.949 , 0.1762466
5.951 , 0.1899796
5.953 , 0.1899796
5.955 , 0.1899796
5.957 , 0.1899796
5.959 , 0.1945572
5.961 , 0.1762466
5.963 , 0.171669
5.965 , 0.1762466
5.967 , 0.1899796
5.969 , 0.1762466
5.971 , 0.1670914
5.973 , 0.1670914
5.974 , 0.1625137
5.976 , 0.1625137
5.978 , 0.1533585
5.988 , 0.1487808
5.99 , 0.1442032
5.992 , 0.1442032
5.994 , 0.1442032
5.996 , 0.1350479
5.998 , 0.1304684
6.0 , 0.1350479
6.001 , 0.1258907
6.003 , 0.1258907
6.005 , 0.1167355
6.007 , 0.1213131
6.009 , 0.1121578
6.011 , 0.1121578
6.013 , 0.1075802
6.015 , 0.1075802
6.017 , 0.1030025
6.018 , 0.09842491
6.02 , 0.09842491
6.022 , 0.09842491
6.024 , 0.08926964
6.026 , 0.08926964
6.028 , 0.084692
6.03 , 0.084692
6.032 , 0.08011436
6.034 , 0.08011436
6.036 , 0.07553673
6.038 , 0.07095909
6.04 , 0.07095909
6.042 , 0.07095909
6.043 , 0.06638145
6.045 , 0.06180382
6.047 , 0.06180382
6.049 , 0.05722618
6.051 , 0.05722618
6.053 , 0.05722618
6.055 , 0.05722618
6.057 , 0.05264854
6.059 , 0.05264854
6.061 , 0.04807091
6.063 , 0.04807091
6.065 , 0.05264854
6.067 , 0.04807091
6.069 , 0.05264854
6.07 , 0.04807091
6.072 , 0.04807091
6.074 , 0.04349327
6.076 , 0.04349327
6.078 , 0.03891373
6.08 , 0.04349327
6.082 , 0.04349327
6.084 , 0.04349327
6.086 , 0.04349327
6.088 , 0.03891373
6.09 , 0.04349327
6.092 , 0.04349327
6.094 , 0.03891373
6.096 , 0.03891373
6.097 , 0.04349327
6.099 , 0.04349327
6.101 , 0.04349327
6.103 , 0.04349327
6.105 , 0.04807091
6.107 , 0.04349327
6.109 , 0.04807091
6.111 , 0.04807091
6.113 , 0.05722618
6.115 , 0.05264854
6.117 , 0.04807091
6.119 , 0.05264854
6.121 , 0.05264854
6.123 , 0.05722618
6.125 , 0.05264854
6.126 , 0.06180382
6.128 , 0.06180382
6.13 , 0.06638145
6.132 , 0.06638145
6.134 , 0.06638145
6.136 , 0.07553673
6.138 , 0.07095909
6.14 , 0.08011436
6.142 , 0.08011436
6.144 , 0.08011436
6.146 , 0.08011436
6.148 , 0.084692
6.149 , 0.084692
6.151 , 0.08926964
6.153 , 0.08926964
6.155 , 0.09384727
6.157 , 0.09842491
6.159 , 0.09384727
6.161 , 0.09842491
6.163 , 0.1030025
6.165 , 0.1075802
6.167 , 0.1030025
6.169 , 0.1075802
6.171 , 0.1121578
6.172 , 0.1121578
6.174 , 0.1121578
6.176 , 0.1121578
6.178 , 0.1167355
6.18 , 0.1167355
6.182 , 0.1213131
6.184 , 0.1258907
6.186 , 0.1213131
6.188 , 0.1213131
6.19 , 0.1258907
6.192 , 0.1304684
6.194 , 0.1258907
6.196 , 0.1258907
6.198 , 0.1258907
6.2 , 0.1304684
6.201 , 0.1304684
6.203 , 0.1304684
6.205 , 0.1350479
6.207 , 0.1396255
6.209 , 0.1396255
6.211 , 0.1304684
6.213 , 0.1350479
6.215 , 0.1396255
6.217 , 0.1396255
6.219 , 0.1396255
6.22 , 0.1350479
6.222 , 0.1442032
6.224 , 0.1396255
6.226 , 0.1396255
6.228 , 0.1396255
6.23 , 0.1442032
6.232 , 0.1396255
6.234 , 0.1442032
6.236 , 0.1487808
6.238 , 0.1442032
6.239 , 0.1442032
6.241 , 0.1442032
6.243 , 0.1442032
6.245 , 0.1442032
6.247 , 0.1487808
6.249 , 0.1396255
6.251 , 0.1487808
6.253 , 0.1487808
6.255 , 0.1442032
6.257 , 0.1487808
6.259 , 0.1442032
6.261 , 0.1487808
6.263 , 0.1442032
6.264 , 0.1442032
6.266 , 0.1442032
6.268 , 0.1487808
6.27 , 0.1533585
6.272 , 0.1487808
6.274 , 0.1442032
6.276 , 0.1487808
6.278 , 0.1487808
6.28 , 0.1442032
6.282 , 0.1487808
6.284 , 0.1533585
6.286 , 0.1533585
6.287 , 0.1533585
6.289 , 0.1625137
6.291 , 0.1670914
6.293 , 0.1670914
6.295 , 0.171669
6.297 , 0.1899796
6.299 , 0.1945572
6.301 , 0.2082901
6.303 , 0.2082901
6.305 , 0.2288895
6.307 , 0.2334671
6.309 , 0.2472
6.31 , 0.2563553
6.313 , 0.2792435
6.314 , 0.2883987
6.316 , 0.3067093
6.326 , 0.3913975
6.328 , 0.409708
6.33 , 0.4188652
6.331 , 0.4440422
6.333 , 0.4577751
6.335 , 0.4829521
6.337 , 0.496685
6.339 , 0.5012627
6.341 , 0.5195732
6.343 , 0.5149956
6.345 , 0.5241508
6.347 , 0.5241508
6.349 , 0.5287285
6.351 , 0.5378838
6.353 , 0.5333061
6.354 , 0.5378838
6.356 , 0.5378838
6.358 , 0.5378838
6.36 , 0.5378838
6.362 , 0.5378838
6.364 , 0.5378838
6.366 , 0.5333061
6.368 , 0.5333061
6.37 , 0.5287285
6.372 , 0.5333061
6.374 , 0.5241508
6.376 , 0.5287285
6.378 , 0.5241508
6.38 , 0.5149956
6.381 , 0.5149956
6.383 , 0.5149956
6.385 , 0.5149956
6.387 , 0.5012627
6.389 , 0.5012627
6.391 , 0.5012627
6.393 , 0.496685
6.395 , 0.4921074
6.397 , 0.4875298
6.399 , 0.4783745
6.401 , 0.4783745
6.403 , 0.4669304
6.405 , 0.4623528
6.406 , 0.4577751
6.408 , 0.4486198
6.41 , 0.4486198
6.412 , 0.4394646
6.414 , 0.4348869
6.416 , 0.4234428
6.418 , 0.4234428
6.42 , 0.4234428
6.422 , 0.409708
6.424 , 0.4051304
6.426 , 0.4005527
6.427 , 0.3913975
6.429 , 0.384531
6.431 , 0.384531
6.433 , 0.3707981
6.435 , 0.3662205
6.437 , 0.3616428
6.439 , 0.3570652
6.441 , 0.3479099
6.443 , 0.3479099
6.445 , 0.3387547
6.447 , 0.334177
6.449 , 0.3250217
6.451 , 0.3204441
6.452 , 0.3112869
6.454 , 0.3067093
6.456 , 0.3021317
6.458 , 0.2929764
6.46 , 0.2883987
6.462 , 0.2838211
6.464 , 0.2746658
6.466 , 0.2655106
6.468 , 0.2655106
6.47 , 0.2655106
6.472 , 0.2563553
6.474 , 0.2517776
6.476 , 0.2472
6.477 , 0.2380447
6.479 , 0.2334671
6.481 , 0.2288895
6.483 , 0.2288895
6.485 , 0.2243118
6.487 , 0.2128677
6.489 , 0.2128677
6.491 , 0.2082901
6.493 , 0.2037125
6.495 , 0.1991348
6.497 , 0.1991348
6.498 , 0.1945572
6.5 , 0.1762466
6.502 , 0.1762466
6.504 , 0.1762466
6.506 , 0.1854019
6.508 , 0.1762466
6.51 , 0.1670914
6.512 , 0.1670914
6.514 , 0.1670914
6.516 , 0.1625137
6.518 , 0.1625137
6.52 , 0.1533585
6.522 , 0.1579361
6.524 , 0.1533585
6.525 , 0.1533585
6.527 , 0.1533585
6.529 , 0.1487808
6.531 , 0.1442032
6.533 , 0.1442032
6.535 , 0.1442032
6.537 , 0.1442032
6.539 , 0.1442032
6.541 , 0.1396255
6.543 , 0.1442032
6.545 , 0.1442032
6.546 , 0.1350479
6.548 , 0.1396255
6.55 , 0.1350479
6.552 , 0.1396255
6.554 , 0.1442032
6.556 , 0.1487808
6.558 , 0.1442032
6.56 , 0.1442032
6.562 , 0.1442032
6.564 , 0.1396255
6.565 , 0.1442032
6.567 , 0.1487808
6.569 , 0.1442032
6.571 , 0.1487808
6.573 , 0.1487808
6.575 , 0.1533585
6.577 , 0.1533585
6.579 , 0.1533585
6.581 , 0.1579361
6.583 , 0.1579361
6.585 , 0.1533585
6.587 , 0.1625137
6.589 , 0.1625137
6.591 , 0.1625137
6.592 , 0.1625137
6.594 , 0.1625137
6.596 , 0.171669
6.598 , 0.171669
6.6 , 0.171669
6.602 , 0.1762466
6.604 , 0.1670914
6.606 , 0.171669
6.608 , 0.171669
6.61 , 0.1899796
6.612 , 0.1899796
6.613 , 0.1762466
6.615 , 0.1899796
6.617 , 0.1899796
6.619 , 0.1945572
6.621 , 0.1945572
6.623 , 0.1945572
6.625 , 0.1991348
6.627 , 0.1991348
6.629 , 0.1991348
6.631 , 0.2082901
6.633 , 0.2082901
6.635 , 0.2082901
6.637 , 0.2082901
6.639 , 0.2037125
6.641 , 0.2037125
6.643 , 0.2037125
6.644 , 0.2037125
6.646 , 0.2128677
6.648 , 0.2082901
6.65 , 0.2082901
6.652 , 0.2082901
6.654 , 0.2037125
6.656 , 0.1991348
6.665 , 0.2037125
6.667 , 0.2037125
6.669 , 0.1945572
6.671 , 0.1945572
6.673 , 0.1945572
6.675 , 0.1945572
6.677 , 0.1945572
6.679 , 0.1899796
6.681 , 0.1945572
6.683 , 0.1899796
6.684 , 0.1899796
6.686 , 0.1899796
6.688 , 0.1762466
6.69 , 0.1762466
6.692 , 0.1762466
6.694 , 0.1762466
6.696 , 0.1762466
6.698 , 0.1762466
6.7 , 0.1670914
6.702 , 0.171669
6.704 , 0.1670914
6.706 , 0.171669
6.708 , 0.1625137
6.71 , 0.171669
6.712 , 0.1670914
6.714 , 0.1625137
6.715 , 0.1625137
6.717 , 0.1625137
6.719 , 0.1625137
6.721 , 0.1625137
6.723 , 0.1579361
6.725 , 0.1579361
6.727 , 0.1625137
6.729 , 0.1579361
6.731 , 0.1533585
6.733 , 0.1487808
6.734 , 0.1533585
6.736 , 0.1579361
6.738 , 0.1533585
6.74 , 0.1579361
6.742 , 0.1579361
6.744 , 0.1579361
6.746 , 0.1579361
6.748 , 0.1533585
6.75 , 0.1579361
6.752 , 0.1579361
6.754 , 0.1579361
6.756 , 0.1670914
6.758 , 0.1579361
6.759 , 0.1579361
6.762 , 0.1625137
6.764 , 0.1625137
6.765 , 0.1625137
6.767 , 0.1625137
6.769 , 0.171669
6.771 , 0.171669
6.773 , 0.1762466
6.775 , 0.1762466
6.777 , 0.171669
6.779 , 0.1762466
6.781 , 0.1899796
6.783 , 0.1899796
6.785 , 0.1945572
6.787 , 0.1991348
6.789 , 0.1991348
6.791 , 0.2037125
6.792 , 0.2128677
6.794 , 0.2082901
6.796 , 0.2128677
6.798 , 0.2128677
6.8 , 0.2243118
6.802 , 0.2243118
6.804 , 0.2288895
6.806 , 0.2334671
6.808 , 0.2288895
6.81 , 0.2380447
6.812 , 0.2334671
6.813 , 0.2380447
6.815 , 0.2472
6.817 , 0.2380447
6.819 , 0.2426224
6.821 , 0.2472
6.823 , 0.2472
6.825 , 0.2472
6.827 , 0.2517776
6.829 , 0.2563553
6.831 , 0.2517776
6.833 , 0.2472
6.835 , 0.2563553
6.836 , 0.2517776
6.838 , 0.2563553
6.84 , 0.2563553
6.842 , 0.2517776
6.844 , 0.2517776
6.846 , 0.2517776
6.848 , 0.2517776
6.85 , 0.2517776
6.852 , 0.2517776
6.854 , 0.2563553
6.856 , 0.2517776
6.858 , 0.2472
6.86 , 0.2472
6.861 , 0.2472
6.863 , 0.2472
6.865 , 0.2472
6.867 , 0.2472
6.869 , 0.2426224
6.871 , 0.2426224
6.873 , 0.2380447
6.875 , 0.2380447
6.877 , 0.2334671
6.879 , 0.2334671
6.881 , 0.2334671
6.882 , 0.2288895
6.884 , 0.2288895
6.886 , 0.2243118
6.888 , 0.2197342
6.89 , 0.2197342
6.892 , 0.2128677
6.894 , 0.2128677
6.896 , 0.2128677
6.898 , 0.2082901
6.9 , 0.2082901
6.902 , 0.1991348
6.904 , 0.2037125
6.906 , 0.1945572
6.908 , 0.1991348
6.91 , 0.1945572
6.912 , 0.1945572
6.914 , 0.1899796
6.915 , 0.1762466
6.917 , 0.1670914
6.919 , 0.171669
6.921 , 0.1670914
6.923 , 0.1625137
6.925 , 0.1579361
6.927 , 0.1579361
6.929 , 0.1579361
6.931 , 0.1579361
6.933 , 0.1579361
6.935 , 0.1487808
6.937 , 0.1487808
6.939 , 0.1442032
6.94 , 0.1442032
6.942 , 0.1396255
6.944 , 0.1396255
6.946 , 0.1396255
6.948 , 0.1350479
6.95 , 0.1350479
6.952 , 0.1304684
6.954 , 0.1350479
6.956 , 0.1258907
6.958 , 0.1304684
6.96 , 0.1258907
6.962 , 0.1258907
6.964 , 0.1213131
6.966 , 0.1213131
6.967 , 0.1213131
6.969 , 0.1213131
6.971 , 0.1167355
6.973 , 0.1167355
6.975 , 0.1213131
6.977 , 0.1213131
6.979 , 0.1121578
6.981 , 0.1121578
6.983 , 0.1121578
6.985 , 0.1121578
6.986 , 0.1167355
6.988 , 0.1121578
6.99 , 0.1121578
6.992 , 0.1121578
6.994 , 0.1167355
6.996 , 0.1213131
7.006 , 0.1258907
7.007 , 0.1258907
7.009 , 0.1258907
7.011 , 0.1304684
7.013 , 0.1350479
7.015 , 0.1304684
7.017 , 0.1350479
7.019 , 0.1396255
7.021 , 0.1396255
7.023 , 0.1442032
7.025 , 0.1487808
7.027 , 0.1487808
7.029 , 0.1579361
7.031 , 0.1579361
7.032 , 0.1625137
7.034 , 0.171669
7.036 , 0.1762466
7.038 , 0.1899796
7.04 , 0.1945572
7.042 , 0.1945572
7.044 , 0.2037125
7.046 , 0.2082901
7.048 , 0.2128677
7.05 , 0.2197342
7.052 , 0.2288895
7.054 , 0.2288895
7.056 , 0.2380447
7.057 , 0.2426224
7.059 , 0.2472
7.061 , 0.2563553
7.063 , 0.2609329
7.065 , 0.2655106
7.067 , 0.2700882
7.069 , 0.2792435
7.071 , 0.2792435
7.073 , 0.2883987
7.075 , 0.2929764
7.077 , 0.297554
7.078 , 0.3067093
7.08 , 0.3112869
7.083 , 0.3204441
7.084 , 0.3250217
7.086 , 0.334177
7.088 , 0.3433323
7.09 , 0.3479099
7.092 , 0.3524876
7.094 , 0.3662205
7.096 , 0.3753757
7.098 , 0.3799534
7.1 , 0.3913975
7.102 , 0.4005527
7.103 , 0.4051304
7.105 , 0.409708
7.107 , 0.4188652
7.109 , 0.4234428
7.111 , 0.4348869
7.113 , 0.4440422
7.115 , 0.4486198
7.117 , 0.4531975
7.119 , 0.4577751
7.121 , 0.4669304
7.123 , 0.4669304
7.124 , 0.4737968
7.126 , 0.4875298
7.128 , 0.4921074
7.13 , 0.4921074
7.132 , 0.4875298
7.134 , 0.5012627
7.136 , 0.5012627
7.138 , 0.5012627
7.14 , 0.5012627
7.142 , 0.5012627
7.144 , 0.5058403
7.146 , 0.5104179
7.148 , 0.5058403
7.149 , 0.5104179
7.151 , 0.5104179
7.153 , 0.5104179
7.155 , 0.5104179
7.157 , 0.5149956
7.159 , 0.5104179
7.161 , 0.5058403
7.163 , 0.5058403
7.165 , 0.5012627
7.167 , 0.5012627
7.169 , 0.4921074
7.17 , 0.496685
7.172 , 0.4921074
7.174 , 0.4829521
7.176 , 0.4875298
7.178 , 0.4829521
7.18 , 0.4783745
7.182 , 0.4669304
7.184 , 0.4737968
7.186 , 0.4669304
7.188 , 0.4577751
7.19 , 0.4531975
7.192 , 0.4486198
7.194 , 0.4440422
7.196 , 0.4394646
7.198 , 0.4394646
7.2 , 0.4280205
7.201 , 0.4234428
7.203 , 0.4188652
7.205 , 0.409708
7.207 , 0.409708
7.209 , 0.4051304
7.211 , 0.4005527
7.213 , 0.3913975
7.215 , 0.3913975
7.217 , 0.384531
7.219 , 0.3799534
7.221 , 0.3753757
7.223 , 0.3707981
7.224 , 0.3753757
7.226 , 0.3707981
7.228 , 0.3662205
7.23 , 0.3662205
7.232 , 0.3570652
7.234 , 0.3524876
7.236 , 0.3524876
7.238 , 0.3524876
7.24 , 0.3433323
7.242 , 0.3433323
7.244 , 0.3433323
7.246 , 0.3433323
7.247 , 0.3387547
7.249 , 0.334177
7.251 , 0.3387547
7.253 , 0.3387547
7.255 , 0.334177
7.257 , 0.3387547
7.259 , 0.334177
7.261 , 0.3295994
7.263 , 0.3295994
7.265 , 0.3250217
7.267 , 0.3295994
7.269 , 0.3204441
7.27 , 0.3204441
7.272 , 0.3158646
7.275 , 0.3158646
7.276 , 0.3158646
7.278 , 0.3158646
7.28 , 0.3112869
7.282 , 0.3112869
7.284 , 0.3112869
7.286 , 0.3112869
7.288 , 0.3021317
7.29 , 0.3021317
7.292 , 0.297554
7.294 , 0.2929764
7.296 , 0.297554
7.297 , 0.297554
7.299 , 0.297554
7.301 , 0.2929764
7.303 , 0.2883987
7.305 , 0.297554
7.307 , 0.2929764
7.309 , 0.2929764
7.311 , 0.2929764
7.313 , 0.2929764
7.315 , 0.297554
7.317 , 0.297554
7.319 , 0.297554
7.321 , 0.2883987
7.322 , 0.2929764
7.324 , 0.297554
7.326 , 0.2929764
7.328 , 0.297554
7.33 , 0.297554
7.332 , 0.297554
7.334 , 0.297554
7.336 , 0.3021317
7.345 , 0.3067093
7.347 , 0.3021317
7.349 , 0.3067093
7.351 , 0.3021317
7.353 , 0.3067093
7.355 , 0.3067093
7.357 , 0.3067093
7.359 , 0.3067093
7.361 , 0.3067093
7.363 , 0.3067093
7.365 , 0.3067093
7.367 , 0.3067093
7.368 , 0.3112869
7.37 , 0.3067093
7.372 , 0.3112869
7.374 , 0.3067093
7.376 , 0.3158646
7.378 , 0.3112869
7.38 , 0.3067093
7.382 , 0.3112869
7.384 , 0.3067093
7.386 , 0.3112869
7.388 , 0.3112869
7.389 , 0.3112869
7.391 , 0.3112869
7.393 , 0.3158646
7.395 , 0.3112869
7.397 , 0.3112869
7.399 , 0.3158646
7.401 , 0.3158646
7.403 , 0.3112869
7.405 , 0.3158646
7.407 , 0.3158646
7.409 , 0.3204441
7.411 , 0.3158646
7.413 , 0.3158646
7.415 , 0.3158646
7.417 , 0.3204441
7.419 , 0.3158646
7.42 , 0.3204441
7.422 , 0.3204441
7.424 , 0.3112869
7.426 , 0.3158646
7.428 , 0.3158646
7.43 , 0.3204441
7.432 , 0.3158646
7.434 , 0.3158646
7.436 , 0.3112869
7.438 , 0.3112869
7.44 , 0.3158646
7.441 , 0.3112869
7.443 , 0.3067093
7.445 , 0.3067093
7.447 , 0.3067093
7.449 , 0.3067093
7.451 , 0.297554
7.453 , 0.297554
7.455 , 0.297554
7.457 , 0.2929764
7.459 , 0.2929764
7.461 , 0.2883987
7.463 , 0.2883987
7.465 , 0.2883987
7.467 , 0.2838211
7.469 , 0.2838211
7.47 , 0.2838211
7.472 , 0.2883987
7.474 , 0.2792435
7.476 , 0.2792435
7.478 , 0.2792435
7.48 , 0.2792435
7.482 , 0.2746658
7.484 , 0.2700882
7.486 , 0.2655106
7.488 , 0.2655106
7.49 , 0.2700882
7.492 , 0.2655106
7.494 , 0.2655106
7.495 , 0.2609329
7.497 , 0.2609329
7.499 , 0.2609329
7.501 , 0.2517776
7.503 , 0.2563553
7.505 , 0.2472
7.507 , 0.2517776
7.509 , 0.2472
7.511 , 0.2472
7.513 , 0.2472
7.515 , 0.2426224
7.516 , 0.2426224
7.518 , 0.2380447
7.52 , 0.2380447
7.522 , 0.2334671
7.524 , 0.2243118
7.526 , 0.2243118
7.528 , 0.2243118
7.53 , 0.2243118
7.532 , 0.2197342
7.534 , 0.2128677
7.536 , 0.2128677
7.538 , 0.2128677
7.54 , 0.2082901
7.541 , 0.2082901
7.543 , 0.2037125
7.545 , 0.2037125
7.547 , 0.1991348
7.549 , 0.1991348
7.551 , 0.1945572
7.553 , 0.1991348
7.555 , 0.1991348
7.557 , 0.1945572
7.559 , 0.1899796
7.561 , 0.1762466
7.563 , 0.1762466
7.565 , 0.171669
7.566 , 0.171669
7.568 , 0.1670914
7.57 , 0.1670914
7.572 , 0.1762466
7.574 , 0.1670914
7.576 , 0.1625137
7.578 , 0.1670914
7.58 , 0.1625137
7.582 , 0.1670914
7.584 , 0.1625137
7.586 , 0.1625137
7.588 , 0.1579361
7.59 , 0.1579361
7.591 , 0.1625137
7.594 , 0.1625137
7.595 , 0.1579361
7.597 , 0.1579361
7.599 , 0.1579361
7.601 , 0.1625137
7.603 , 0.1579361
7.605 , 0.1579361
7.607 , 0.1625137
7.609 , 0.1579361
7.611 , 0.1579361
7.613 , 0.1625137
7.615 , 0.1625137
7.617 , 0.1625137
7.618 , 0.1625137
7.62 , 0.1625137
7.622 , 0.1625137
7.624 , 0.1625137
7.626 , 0.1670914
7.628 , 0.171669
7.63 , 0.171669
7.632 , 0.171669
7.634 , 0.171669
7.636 , 0.1762466
7.638 , 0.1762466
7.639 , 0.1762466
7.641 , 0.1899796
7.643 , 0.1899796
7.645 , 0.1945572
7.647 , 0.1945572
7.649 , 0.2037125
7.651 , 0.2037125
7.653 , 0.2037125
7.655 , 0.2082901
7.657 , 0.2128677
7.659 , 0.2128677
7.661 , 0.2128677
7.663 , 0.2128677
7.665 , 0.2243118
7.667 , 0.2197342
7.669 , 0.2334671
7.67 , 0.2243118
7.672 , 0.2243118
7.674 , 0.2334671
7.676 , 0.2472
7.685 , 0.2517776
7.687 , 0.2472
7.689 , 0.2517776
7.691 , 0.2563553
7.693 , 0.2655106
7.695 , 0.2609329
7.697 , 0.2609329
7.699 , 0.2655106
7.701 , 0.2700882
7.703 , 0.2700882
7.705 , 0.2700882
7.707 , 0.2746658
7.709 , 0.2792435
7.71 , 0.2838211
7.712 , 0.2838211
7.714 , 0.2883987
7.716 , 0.2929764
7.718 , 0.2929764
7.72 , 0.297554
7.722 , 0.297554
7.724 , 0.3021317
7.726 , 0.3067093
7.728 , 0.3067093
7.73 , 0.3158646
7.732 , 0.3204441
7.734 , 0.3158646
7.736 , 0.3250217
7.737 , 0.3250217
7.739 , 0.3295994
7.741 , 0.334177
7.743 , 0.334177
7.745 , 0.3387547
7.747 , 0.3433323
7.749 , 0.3479099
7.751 , 0.3433323
7.753 , 0.3433323
7.755 , 0.3570652
7.757 , 0.3524876
7.759 , 0.3479099
7.761 , 0.3524876
7.763 , 0.3524876
7.764 , 0.3570652
7.766 , 0.3570652
7.768 , 0.3662205
7.77 , 0.3570652
7.772 , 0.3616428
7.774 , 0.3616428
7.776 , 0.3662205
7.778 , 0.3616428
7.78 , 0.3707981
7.782 , 0.3662205
7.784 , 0.3662205
7.786 , 0.3662205
7.788 , 0.3662205
7.79 , 0.3662205
7.792 , 0.3662205
7.794 , 0.3662205
7.795 , 0.3662205
7.797 , 0.3662205
7.799 , 0.3616428
7.801 , 0.3662205
7.803 , 0.3616428
7.805 , 0.3662205
7.807 , 0.3570652
7.809 , 0.3616428
7.811 , 0.3570652
7.813 , 0.3570652
7.815 , 0.3616428
7.816 , 0.3616428
7.818 , 0.3570652
7.82 , 0.3524876
7.822 , 0.3616428
7.824 , 0.3570652
7.826 , 0.3524876
7.828 , 0.3570652
7.83 , 0.3524876
7.832 , 0.3524876
7.834 , 0.3524876
7.836 , 0.3524876
7.838 , 0.3479099
7.84 , 0.3524876
7.842 , 0.3479099
7.843 , 0.3433323
7.845 , 0.3479099
7.847 , 0.3479099
7.849 , 0.3524876
7.851 , 0.3479099
7.853 , 0.3479099
7.855 , 0.3524876
7.857 , 0.3433323
7.859 , 0.3524876
7.861 , 0.3479099
7.863 , 0.3433323
7.865 , 0.3479099
7.867 , 0.3433323
7.869 , 0.3433323
7.871 , 0.3433323
7.873 , 0.3433323
7.875 , 0.3524876
7.876 , 0.3433323
7.878 , 0.3387547
7.88 , 0.3387547
7.882 , 0.3387547
7.884 , 0.3387547
7.886 , 0.3387547
7.888 , 0.3387547
7.89 , 0.3387547
7.892 , 0.334177
7.894 , 0.3295994
7.896 , 0.3387547
7.898 , 0.334177
7.9 , 0.3387547
7.902 , 0.3295994
7.904 , 0.334177
7.906 , 0.334177
7.908 , 0.334177
7.91 , 0.334177
7.911 , 0.3387547
7.913 , 0.3387547
7.915 , 0.3387547
7.917 , 0.3387547
7.919 , 0.3433323
7.921 , 0.3433323
7.923 , 0.3479099
7.925 , 0.3524876
7.927 , 0.3524876
7.929 , 0.3479099
7.931 , 0.3479099
7.933 , 0.3524876
7.935 , 0.3616428
7.937 , 0.3570652
7.939 , 0.3616428
7.94 , 0.3662205
7.942 , 0.3616428
7.944 , 0.3662205
7.946 , 0.3707981
7.948 , 0.3707981
7.95 , 0.3707981
7.952 , 0.3707981
7.954 , 0.3707981
7.956 , 0.3753757
7.958 , 0.3753757
7.96 , 0.3799534
7.962 , 0.3753757
7.964 , 0.384531
7.966 , 0.3799534
7.967 , 0.384531
7.969 , 0.3799534
7.971 , 0.384531
7.973 , 0.384531
7.975 , 0.384531
7.977 , 0.3913975
7.979 , 0.3913975
7.981 , 0.3913975
7.983 , 0.3913975
7.985 , 0.3913975
7.987 , 0.3959751
7.989 , 0.3913975
7.991 , 0.3959751
7.993 , 0.3959751
7.995 , 0.3959751
7.997 , 0.4005527
7.999 , 0.4005527
8.0 , 0.4051304
8.002 , 0.4005527
8.004 , 0.4005527
8.006 , 0.4051304
8.008 , 0.4051304
8.01 , 0.409708
8.012 , 0.409708
8.014 , 0.409708
8.016 , 0.409708
8.017 , 0.4142876
8.027 , 0.4188652
8.029 , 0.4188652
8.031 , 0.4188652
8.033 , 0.4188652
8.034 , 0.4234428
8.036 , 0.4188652
8.038 , 0.4234428
8.04 , 0.4234428
8.042 , 0.4234428
8.044 , 0.4234428
8.046 , 0.4234428
8.048 , 0.4188652
8.05 , 0.4234428
8.052 , 0.4234428
8.054 , 0.4234428
8.056 , 0.4234428
8.058 , 0.4188652
8.06 , 0.4188652
8.061 , 0.4188652
8.063 , 0.4234428
8.065 , 0.4188652
8.067 , 0.4142876
8.069 , 0.4188652
8.071 , 0.4188652
8.073 , 0.4188652
8.075 , 0.4188652
8.077 , 0.4142876
8.079 , 0.4188652
8.081 , 0.4142876
8.083 , 0.4188652
8.085 , 0.4142876
8.086 , 0.4188652
8.088 , 0.4142876
8.09 , 0.4142876
8.092 , 0.4142876
8.094 , 0.409708
8.096 , 0.409708
8.098 , 0.409708
8.1 , 0.4051304
8.102 , 0.4051304
8.104 , 0.409708
8.106 , 0.4051304
8.108 , 0.4005527
8.11 , 0.4005527
8.111 , 0.4005527
8.113 , 0.4005527
8.115 , 0.3913975
8.117 , 0.3913975
8.119 , 0.3959751
8.121 , 0.3959751
8.123 , 0.3913975
8.125 , 0.3913975
8.127 , 0.384531
8.129 , 0.3799534
8.131 , 0.3753757
8.133 , 0.3799534
8.134 , 0.3707981
8.136 , 0.3753757
8.138 , 0.3662205
8.14 , 0.3662205
8.142 , 0.3662205
8.144 , 0.3570652
8.146 , 0.3524876
8.148 , 0.3570652
8.15 , 0.3570652
8.152 , 0.3524876
8.154 , 0.3524876
8.156 , 0.3479099
8.157 , 0.3433323
8.159 , 0.3387547
8.161 , 0.3433323
8.163 , 0.3387547
8.165 , 0.334177
8.167 , 0.3295994
8.169 , 0.3250217
8.171 , 0.3250217
8.173 , 0.3204441
8.175 , 0.3295994
8.177 , 0.3204441
8.179 , 0.3158646
8.181 , 0.3158646
8.183 , 0.3158646
8.185 , 0.3158646
8.186 , 0.3158646
8.188 , 0.3112869
8.19 , 0.3112869
8.192 , 0.3158646
8.194 , 0.3112869
8.196 , 0.3158646
8.198 , 0.3112869
8.2 , 0.3112869
8.202 , 0.3158646
8.204 , 0.3158646
8.206 , 0.3112869
8.208 , 0.3158646
8.209 , 0.3112869
8.211 , 0.3158646
8.213 , 0.3204441
8.215 , 0.3204441
8.217 , 0.3204441
8.219 , 0.3250217
8.221 , 0.3250217
8.223 , 0.3250217
8.225 , 0.3250217
8.226 , 0.3250217
8.228 , 0.3295994
8.23 , 0.334177
8.232 , 0.3387547
8.234 , 0.3387547
8.236 , 0.3433323
8.238 , 0.3387547
8.24 , 0.3433323
8.242 , 0.3524876
8.244 , 0.3524876
8.246 , 0.3479099
8.248 , 0.3524876
8.25 , 0.3524876
8.252 , 0.3524876
8.254 , 0.3570652
8.256 , 0.3570652
8.257 , 0.3570652
8.259 , 0.3662205
8.261 , 0.3616428
8.263 , 0.3707981
8.265 , 0.3707981
8.267 , 0.3662205
8.269 , 0.3753757
8.271 , 0.3753757
8.273 , 0.3707981
8.275 , 0.3753757
8.277 , 0.3753757
8.279 , 0.3799534
8.281 , 0.3753757
8.282 , 0.384531
8.284 , 0.3799534
8.286 , 0.3799534
8.288 , 0.3799534
8.29 , 0.3799534
8.292 , 0.3799534
8.294 , 0.3799534
8.296 , 0.384531
8.298 , 0.3799534
8.3 , 0.384531
8.302 , 0.3799534
8.304 , 0.3799534
8.306 , 0.3799534
8.308 , 0.384531
8.31 , 0.3799534
8.312 , 0.3753757
8.313 , 0.3753757
8.315 , 0.3753757
8.317 , 0.3799534
8.319 , 0.3753757
8.321 , 0.3707981
8.323 , 0.3707981
8.325 , 0.3707981
8.327 , 0.3662205
8.329 , 0.3662205
8.331 , 0.3616428
8.333 , 0.3662205
8.335 , 0.3570652
8.336 , 0.3616428
8.338 , 0.3570652
8.34 , 0.3570652
8.342 , 0.3524876
8.344 , 0.3524876
8.346 , 0.3524876
8.348 , 0.3433323
8.35 , 0.3479099
8.352 , 0.3479099
8.354 , 0.3387547
8.356 , 0.3387547
8.365 , 0.3295994
8.367 , 0.3295994
8.369 , 0.3250217
8.371 , 0.3204441
8.373 , 0.3204441
8.375 , 0.3158646
8.377 , 0.3112869
8.379 , 0.3158646
8.381 , 0.3112869
8.382 , 0.3112869
8.384 , 0.3067093
8.386 , 0.3067093
8.388 , 0.3067093
8.39 , 0.3021317
8.392 , 0.3021317
8.394 , 0.3021317
8.396 , 0.297554
8.398 , 0.297554
8.4 , 0.3021317
8.402 , 0.2929764
8.404 , 0.3021317
8.405 , 0.2929764
8.407 , 0.2929764
8.409 , 0.2929764
8.411 , 0.2929764
8.413 , 0.2929764
8.415 , 0.2929764
8.417 , 0.297554
8.419 , 0.2883987
8.421 , 0.2929764
8.423 , 0.2929764
8.425 , 0.2929764
8.427 , 0.2883987
8.429 , 0.2883987
8.431 , 0.2883987
8.433 , 0.2838211
8.435 , 0.2883987
8.437 , 0.2929764
8.438 , 0.2929764
8.44 , 0.2883987
8.442 , 0.2929764
8.444 , 0.2883987
8.446 , 0.2883987
8.448 , 0.297554
8.45 , 0.297554
8.452 , 0.3067093
8.454 , 0.297554
8.456 , 0.297554
8.458 , 0.3021317
8.46 , 0.3067093
8.462 , 0.3067093
8.464 , 0.3067093
8.465 , 0.3112869
8.467 , 0.3158646
8.469 , 0.3204441
8.471 , 0.3250217
8.473 , 0.3250217
8.475 , 0.3295994
8.477 , 0.3295994
8.479 , 0.3295994
8.481 , 0.334177
8.483 , 0.3387547
8.485 , 0.3387547
8.487 , 0.3387547
8.489 , 0.3479099
8.491 , 0.3479099
8.493 , 0.3570652
8.494 , 0.3524876
8.496 , 0.3570652
8.498 , 0.3570652
8.5 , 0.3570652
8.502 , 0.3616428
8.504 , 0.3616428
8.506 , 0.3662205
8.508 , 0.3616428
8.51 , 0.3707981
8.512 , 0.3662205
8.513 , 0.3707981
8.515 , 0.3707981
8.517 , 0.3707981
8.519 , 0.3753757
8.521 , 0.3753757
8.523 , 0.3753757
8.525 , 0.384531
8.527 , 0.3799534
8.529 , 0.384531
8.531 , 0.384531
8.533 , 0.384531
8.535 , 0.3913975
8.536 , 0.3959751
8.538 , 0.3913975
8.54 , 0.3959751
8.542 , 0.3959751
8.544 , 0.4005527
8.546 , 0.4051304
8.548 , 0.4005527
8.55 , 0.4005527
8.552 , 0.4005527
8.554 , 0.4051304
8.556 , 0.4051304
8.558 , 0.409708
8.56 , 0.409708
8.562 , 0.4142876
8.563 , 0.4188652
8.565 , 0.4142876
8.567 , 0.4188652
8.569 , 0.4280205
8.571 , 0.4234428
8.573 , 0.4234428
8.575 , 0.4280205
8.577 , 0.4280205
8.579 , 0.4348869
8.581 , 0.4394646
8.583 , 0.4348869
8.585 , 0.4348869
8.587 , 0.4440422
8.588 , 0.4440422
8.59 , 0.4440422
8.592 , 0.4486198
8.594 , 0.4531975
8.596 , 0.4486198
8.598 , 0.4486198
8.6 , 0.4486198
8.602 , 0.4486198
8.604 , 0.4577751
8.606 , 0.4577751
8.608 , 0.4531975
8.61 , 0.4577751
8.612 , 0.4623528
8.613 , 0.4577751
8.615 , 0.4623528
8.618 , 0.4669304
8.619 , 0.4737968
8.621 , 0.4623528
8.623 , 0.4669304
8.625 , 0.4669304
8.627 , 0.4669304
8.629 , 0.4623528
8.631 , 0.4669304
8.633 , 0.4737968
8.635 , 0.4669304
8.637 , 0.4623528
8.639 , 0.4669304
8.641 , 0.4623528
8.642 , 0.4623528
8.644 , 0.4669304
8.646 , 0.4623528
8.648 , 0.4577751
8.65 , 0.4623528
8.652 , 0.4577751
8.654 , 0.4623528
8.656 , 0.4577751
8.658 , 0.4623528
8.66 , 0.4623528
8.662 , 0.4623528
8.664 , 0.4577751
8.666 , 0.4577751
8.668 , 0.4623528
8.669 , 0.4577751
8.671 , 0.4623528
8.673 , 0.4577751
8.675 , 0.4623528
8.677 , 0.4577751
8.679 , 0.4623528
8.681 , 0.4623528
8.683 , 0.4577751
8.685 , 0.4623528
8.687 , 0.4669304
8.689 , 0.4669304
8.691 , 0.4669304
8.693 , 0.4669304
8.695 , 0.4669304
8.697 , 0.4669304
8.706 , 0.4737968
8.708 , 0.4829521
8.71 , 0.4875298
8.712 , 0.4829521
8.714 , 0.4783745
8.716 , 0.4921074
8.718 , 0.4875298
8.72 , 0.496685
8.722 , 0.496685
8.723 , 0.496685
8.725 , 0.496685
8.727 , 0.5012627
8.729 , 0.5058403
8.731 , 0.5058403
8.733 , 0.5058403
8.735 , 0.5104179
8.737 , 0.5104179
8.739 , 0.5149956
8.741 , 0.5195732
8.742 , 0.5195732
8.744 , 0.5195732
8.746 , 0.5195732
8.748 , 0.5287285
8.75 , 0.5241508
8.752 , 0.5333061
8.754 , 0.5333061
8.756 , 0.5333061
8.758 , 0.5378838
8.76 , 0.5378838
8.762 , 0.5333061
8.764 , 0.5378838
8.766 , 0.5378838
8.768 , 0.5378838
8.77 , 0.5424614
8.772 , 0.5424614
8.773 , 0.5378838
8.775 , 0.5333061
8.777 , 0.5378838
8.779 , 0.5424614
8.781 , 0.5424614
8.783 , 0.5424614
8.785 , 0.5378838
8.787 , 0.5424614
8.789 , 0.5333061
8.791 , 0.5378838
8.793 , 0.5287285
8.795 , 0.5333061
8.797 , 0.5333061
8.799 , 0.5287285
8.801 , 0.5287285
8.802 , 0.5287285
8.804 , 0.5241508
8.806 , 0.5287285
8.808 , 0.5241508
8.81 , 0.5195732
8.812 , 0.5241508
8.814 , 0.5195732
8.816 , 0.5149956
8.818 , 0.5149956
8.82 , 0.5104179
8.822 , 0.5149956
8.824 , 0.5012627
8.826 , 0.5058403
8.828 , 0.5012627
8.83 , 0.496685
8.832 , 0.5012627
8.834 , 0.496685
8.835 , 0.496685
8.837 , 0.4921074
8.839 , 0.4921074
8.841 , 0.4875298
8.843 , 0.4783745
8.845 , 0.4783745
8.847 , 0.4783745
8.849 , 0.4737968
8.851 , 0.4669304
8.853 , 0.4669304
8.855 , 0.4669304
8.857 , 0.4623528
8.859 , 0.4577751
8.861 , 0.4623528
8.862 , 0.4577751
8.864 , 0.4531975
8.866 , 0.4577751
8.868 , 0.4531975
8.87 , 0.4531975
8.872 , 0.4531975
8.874 , 0.4531975
8.876 , 0.4486198
8.878 , 0.4531975
8.88 , 0.4440422
8.882 , 0.4486198
8.884 , 0.4440422
8.886 , 0.4486198
8.888 , 0.4486198
8.89 , 0.4486198
8.892 , 0.4486198
8.894 , 0.4440422
8.895 , 0.4440422
8.897 , 0.4440422
8.899 , 0.4486198
8.901 , 0.4440422
8.903 , 0.4486198
8.905 , 0.4440422
8.907 , 0.4440422
8.909 , 0.4486198
8.911 , 0.4486198
8.913 , 0.4486198
8.915 , 0.4486198
8.916 , 0.4531975
8.918 , 0.4440422
8.92 , 0.4486198
8.922 , 0.4486198
8.924 , 0.4531975
8.926 , 0.4531975
8.928 , 0.4531975
8.93 , 0.4486198
8.932 , 0.4577751
8.934 , 0.4577751
8.936 , 0.4531975
8.938 , 0.4531975
8.94 , 0.4577751
8.942 , 0.4531975
8.944 , 0.4531975
8.946 , 0.4531975
8.947 , 0.4531975
8.949 , 0.4486198
8.951 , 0.4486198
8.953 , 0.4440422
8.955 , 0.4440422
8.957 , 0.4394646
8.959 , 0.4348869
8.961 , 0.4348869
8.963 , 0.4348869
8.965 , 0.4280205
8.967 , 0.4234428
8.969 , 0.4234428
8.971 , 0.4188652
8.973 , 0.4188652
8.974 , 0.4142876
8.976 , 0.409708
8.978 , 0.4142876
8.98 , 0.4005527
8.982 , 0.4005527
8.984 , 0.4005527
8.986 , 0.3913975
8.988 , 0.3959751
8.99 , 0.3913975
8.992 , 0.384531
8.994 , 0.384531
8.996 , 0.3799534
8.998 , 0.3753757
9.0 , 0.3799534
9.002 , 0.3707981
9.004 , 0.3707981
9.006 , 0.3662205
9.008 , 0.3616428
9.009 , 0.3616428
9.011 , 0.3570652
9.013 , 0.3616428
9.015 , 0.3570652
9.017 , 0.3524876
9.019 , 0.3524876
9.021 , 0.3479099
9.023 , 0.3479099
9.025 , 0.3433323
9.027 , 0.3387547
9.029 , 0.3387547
9.031 , 0.3387547
9.032 , 0.3295994
9.034 , 0.3295994
9.036 , 0.334177
9.038 , 0.3295994
9.047 , 0.3204441
9.049 , 0.3112869
9.051 , 0.3204441
9.053 , 0.3158646
9.055 , 0.3112869
9.057 , 0.3112869
9.059 , 0.3158646
9.061 , 0.3112869
9.063 , 0.3112869
9.065 , 0.3067093
9.067 , 0.3067093
9.069 , 0.3067093
9.071 , 0.3067093
9.073 , 0.3067093
9.075 , 0.3067093
9.076 , 0.3067093
9.078 , 0.3112869
9.08 , 0.3067093
9.082 , 0.3112869
9.084 , 0.3112869
9.086 , 0.3067093
9.088 , 0.3112869
9.09 , 0.3067093
9.092 , 0.3112869
9.094 , 0.3067093
9.096 , 0.3112869
9.098 , 0.3112869
9.099 , 0.3112869
9.101 , 0.3158646
9.103 , 0.3158646
9.105 , 0.3204441
9.107 , 0.3158646
9.109 , 0.3204441
9.111 , 0.3250217
9.113 , 0.3250217
9.115 , 0.3204441
9.117 , 0.3250217
9.119 , 0.3250217
9.12 , 0.3295994
9.122 , 0.3250217
9.124 , 0.334177
9.126 , 0.334177
9.128 , 0.3387547
9.13 , 0.3387547
9.132 , 0.334177
9.134 , 0.3387547
9.136 , 0.3433323
9.138 , 0.3479099
9.14 , 0.3479099
9.142 , 0.3433323
9.144 , 0.3479099
9.146 , 0.3524876
9.148 , 0.3570652
9.149 , 0.3524876
9.151 , 0.3570652
9.153 , 0.3616428
9.155 , 0.3707981
9.157 , 0.3707981
9.159 , 0.3616428
9.161 , 0.3753757
9.163 , 0.3707981
9.165 , 0.3799534
9.167 , 0.3753757
9.169 , 0.3799534
9.171 , 0.384531
9.173 , 0.384531
9.174 , 0.3913975
9.176 , 0.3959751
9.178 , 0.3913975
9.18 , 0.4005527
9.182 , 0.4005527
9.184 , 0.4005527
9.186 , 0.4051304
9.188 , 0.4051304
9.19 , 0.409708
9.192 , 0.4142876
9.194 , 0.4142876
9.196 , 0.4142876
9.198 , 0.4188652
9.2 , 0.4188652
9.202 , 0.4188652
9.204 , 0.4234428
9.205 , 0.4188652
9.207 , 0.4280205
9.209 , 0.4280205
9.211 , 0.4234428
9.213 , 0.4280205
9.215 , 0.4348869
9.217 , 0.4348869
9.219 , 0.4280205
9.221 , 0.4280205
9.223 , 0.4348869
9.225 , 0.4348869
9.227 , 0.4280205
9.228 , 0.4280205
9.23 , 0.4280205
9.232 , 0.4280205
9.234 , 0.4280205
9.236 , 0.4280205
9.238 , 0.4280205
9.24 , 0.4348869
9.242 , 0.4280205
9.244 , 0.4234428
9.246 , 0.4348869
9.248 , 0.4280205
9.25 , 0.4280205
9.251 , 0.4234428
9.253 , 0.4234428
9.255 , 0.4188652
9.257 , 0.4188652
9.259 , 0.4142876
9.261 , 0.4142876
9.263 , 0.409708
9.265 , 0.4142876
9.267 , 0.4051304
9.269 , 0.4051304
9.271 , 0.4005527
9.273 , 0.3913975
9.275 , 0.3959751
9.277 , 0.384531
9.278 , 0.384531
9.28 , 0.384531
9.282 , 0.3753757
9.284 , 0.3753757
9.286 , 0.3753757
9.288 , 0.3707981
9.29 , 0.3662205
9.292 , 0.3616428
9.294 , 0.3570652
9.296 , 0.3570652
9.298 , 0.3479099
9.3 , 0.3479099
9.302 , 0.3433323
9.303 , 0.3387547
9.305 , 0.3387547
9.307 , 0.3387547
9.309 , 0.3295994
9.311 , 0.3250217
9.313 , 0.3250217
9.315 , 0.3250217
9.317 , 0.3204441
9.319 , 0.3158646
9.321 , 0.3158646
9.323 , 0.3112869
9.325 , 0.3112869
9.327 , 0.3112869
9.328 , 0.3112869
9.33 , 0.3158646
9.332 , 0.3067093
9.334 , 0.3067093
9.336 , 0.3067093
9.338 , 0.3067093
9.34 , 0.3021317
9.342 , 0.3021317
9.344 , 0.3021317
9.346 , 0.297554
9.348 , 0.3021317
9.349 , 0.3021317
9.351 , 0.3021317
9.353 , 0.3021317
9.355 , 0.3067093
9.357 , 0.3021317
9.359 , 0.3021317
9.361 , 0.3021317
9.363 , 0.3021317
9.365 , 0.3021317
9.367 , 0.3021317
9.369 , 0.297554
9.37 , 0.3021317
9.372 , 0.3067093
9.374 , 0.3021317
9.376 , 0.3021317
9.378 , 0.297554
9.388 , 0.3021317
9.39 , 0.3021317
9.392 , 0.3067093
9.393 , 0.3021317
9.395 , 0.3067093
9.397 , 0.3067093
9.399 , 0.3067093
9.401 , 0.3112869
9.403 , 0.3067093
9.405 , 0.3067093
9.407 , 0.3112869
9.409 , 0.3067093
9.411 , 0.3112869
9.413 , 0.3112869
9.414 , 0.3067093
9.416 , 0.3112869
9.418 , 0.3112869
9.42 , 0.3112869
9.422 , 0.3112869
9.424 , 0.3067093
9.426 , 0.3112869
9.428 , 0.3112869
9.43 , 0.3112869
9.432 , 0.3112869
9.433 , 0.3067093
9.435 , 0.3021317
9.437 , 0.3021317
9.439 , 0.3067093
9.441 , 0.3067093
9.443 , 0.3067093
9.445 , 0.3021317
9.447 , 0.3021317
9.449 , 0.3021317
9.451 , 0.3021317
9.453 , 0.297554
9.455 , 0.2929764
9.457 , 0.2929764
9.458 , 0.2929764
9.46 , 0.2929764
9.462 , 0.2929764
9.464 , 0.2883987
9.466 , 0.2883987
9.468 , 0.2883987
9.47 , 0.2838211
9.472 , 0.2838211
9.474 , 0.2838211
9.476 , 0.2746658
9.478 , 0.2792435
9.48 , 0.2792435
9.482 , 0.2792435
9.484 , 0.2746658
9.485 , 0.2700882
9.487 , 0.2700882
9.489 , 0.2700882
9.491 , 0.2655106
9.493 , 0.2700882
9.495 , 0.2700882
9.497 , 0.2655106
9.499 , 0.2655106
9.501 , 0.2655106
9.503 , 0.2655106
9.505 , 0.2655106
9.507 , 0.2655106
9.508 , 0.2655106
9.51 , 0.2609329
9.512 , 0.2609329
9.514 , 0.2563553
9.516 , 0.2609329
9.518 , 0.2655106
9.52 , 0.2609329
9.522 , 0.2609329
9.524 , 0.2655106
9.526 , 0.2655106
9.528 , 0.2655106
9.53 , 0.2700882
9.532 , 0.2746658
9.533 , 0.2792435
9.535 , 0.2838211
9.537 , 0.2838211
9.539 , 0.2838211
9.541 , 0.2929764
9.543 , 0.2929764
9.545 , 0.3021317
9.547 , 0.3067093
9.549 , 0.3067093
9.551 , 0.3158646
9.553 , 0.3204441
9.555 , 0.3250217
9.557 , 0.3250217
9.558 , 0.3295994
9.56 , 0.3387547
9.562 , 0.3433323
9.564 , 0.3524876
9.566 , 0.3524876
9.568 , 0.3662205
9.57 , 0.3662205
9.572 , 0.3753757
9.574 , 0.384531
9.576 , 0.3913975
9.578 , 0.3959751
9.58 , 0.4005527
9.582 , 0.409708
9.584 , 0.4188652
9.586 , 0.4188652
9.588 , 0.4280205
9.59 , 0.4348869
9.591 , 0.4486198
9.593 , 0.4486198
9.595 , 0.4531975
9.597 , 0.4623528
9.599 , 0.4669304
9.601 , 0.4783745
9.603 , 0.4783745
9.605 , 0.4921074
9.607 , 0.5012627
9.609 , 0.5012627
9.611 , 0.5058403
9.613 , 0.5058403
9.615 , 0.5149956
9.617 , 0.5195732
9.618 , 0.5287285
9.62 , 0.5287285
9.622 , 0.5333061
9.624 , 0.5378838
9.626 , 0.5378838
9.628 , 0.547039
9.63 , 0.547039
9.632 , 0.5516167
9.634 , 0.5516167
9.636 , 0.5561943
9.638 , 0.5607719
9.64 , 0.5607719
9.642 , 0.5607719
9.644 , 0.5607719
9.645 , 0.5607719
9.647 , 0.5653496
9.649 , 0.5653496
9.651 , 0.5607719
9.653 , 0.5653496
9.655 , 0.5653496
9.657 , 0.5699272
9.659 , 0.5653496
9.661 , 0.5653496
9.663 , 0.5607719
9.665 , 0.5653496
9.667 , 0.5607719
9.669 , 0.5653496
9.671 , 0.5607719
9.673 , 0.5607719
9.674 , 0.5607719
9.676 , 0.5516167
9.678 , 0.5516167
9.68 , 0.5516167
9.682 , 0.547039
9.684 , 0.547039
9.686 , 0.5424614
9.688 , 0.5424614
9.69 , 0.5333061
9.692 , 0.5287285
9.694 , 0.5333061
9.696 , 0.5241508
9.697 , 0.5241508
9.699 , 0.5195732
9.701 , 0.5195732
9.703 , 0.5149956
9.705 , 0.5104179
9.707 , 0.5149956
9.709 , 0.5058403
9.711 , 0.5058403
9.713 , 0.5012627
9.715 , 0.5012627
9.717 , 0.496685
9.719 , 0.4921074
9.728 , 0.4783745
9.73 , 0.4737968
9.732 , 0.4737968
9.734 , 0.4737968
9.736 , 0.4737968
9.738 , 0.4669304
9.74 , 0.4623528
9.742 , 0.4577751
9.744 , 0.4577751
9.746 , 0.4577751
9.748 , 0.4577751
9.749 , 0.4531975
9.751 , 0.4531975
9.753 , 0.4531975
9.755 , 0.4440422
9.757 , 0.4486198
9.759 , 0.4394646
9.761 , 0.4440422
9.763 , 0.4348869
9.765 , 0.4394646
9.767 , 0.4394646
9.769 , 0.4348869
9.771 , 0.4280205
9.773 , 0.4234428
9.775 , 0.4234428
9.777 , 0.4280205
9.779 , 0.4234428
9.78 , 0.4188652
9.782 , 0.4280205
9.784 , 0.4188652
9.786 , 0.4188652
9.788 , 0.4142876
9.79 , 0.4142876
9.792 , 0.409708
9.794 , 0.4142876
9.796 , 0.409708
9.798 , 0.409708
9.8 , 0.4051304
9.802 , 0.4051304
9.804 , 0.4051304
9.805 , 0.409708
9.807 , 0.4005527
9.809 , 0.4005527
9.811 , 0.4051304
9.813 , 0.4051304
9.815 , 0.3959751
9.817 , 0.4005527
9.819 , 0.4005527
9.821 , 0.4005527
9.823 , 0.3959751
9.824 , 0.3959751
9.826 , 0.3959751
9.828 , 0.3959751
9.83 , 0.3913975
9.832 , 0.3959751
9.834 , 0.3959751
9.836 , 0.3959751
9.838 , 0.4005527
9.84 , 0.3913975
9.842 , 0.3959751
9.844 , 0.3913975
9.846 , 0.3959751
9.848 , 0.3913975
9.85 , 0.3913975
9.852 , 0.384531
9.854 , 0.3913975
9.856 , 0.3913975
9.857 , 0.384531
9.859 , 0.3913975
9.861 , 0.384531
9.863 , 0.3913975
9.865 , 0.384531
9.867 , 0.384531
9.869 , 0.384531
9.871 , 0.3799534
9.873 , 0.3799534
9.875 , 0.3799534
9.877 , 0.384531
9.879 , 0.384531
9.881 , 0.3799534
9.883 , 0.384531
9.884 , 0.3799534
9.886 , 0.3799534
9.888 , 0.3799534
9.89 , 0.3753757
9.892 , 0.3799534
9.894 , 0.3799534
9.896 , 0.3799534
9.898 , 0.3707981
9.9 , 0.3753757
9.902 , 0.3753757
9.904 , 0.3707981
9.906 , 0.3662205
9.908 , 0.3707981
9.91 , 0.3662205
9.912 , 0.3662205
9.914 , 0.3662205
9.916 , 0.3616428
9.918 , 0.3662205
9.92 , 0.3570652
9.921 , 0.3524876
9.923 , 0.3524876
9.925 , 0.3524876
9.927 , 0.3479099
9.929 , 0.3479099
9.931 , 0.3479099
9.933 , 0.3433323
9.935 , 0.3479099
9.937 , 0.3433323
9.939 , 0.334177
9.941 , 0.3387547
9.943 , 0.3295994
9.945 , 0.3250217
9.947 , 0.3250217
9.948 , 0.3204441
9.95 , 0.3250217
9.952 , 0.3250217
9.954 , 0.3158646
9.956 , 0.3112869
9.958 , 0.3112869
9.96 , 0.3067093
9.962 , 0.3021317
9.964 , 0.3067093
9.966 , 0.297554
9.968 , 0.297554
9.97 , 0.297554
9.972 , 0.2929764
9.974 , 0.2929764
9.976 , 0.297554
9.978 , 0.2929764
9.98 , 0.2838211
9.981 , 0.2838211
9.983 , 0.2883987
9.985 , 0.2838211
9.987 , 0.2838211
9.989 , 0.2792435
9.991 , 0.2792435
9.993 , 0.2792435
9.995 , 0.2792435
9.997 , 0.2746658
9.999 , 0.2838211
10.001 , 0.2838211
10.003 , 0.2792435
10.005 , 0.2838211
10.007 , 0.2929764
10.008 , 0.2838211
10.01 , 0.2883987
10.012 , 0.2883987
10.014 , 0.2883987
10.016 , 0.297554
10.018 , 0.297554
10.02 , 0.297554
10.022 , 0.297554
10.024 , 0.3021317
10.025 , 0.3067093
10.028 , 0.3067093
10.03 , 0.3112869
10.031 , 0.3158646
10.033 , 0.3204441
10.035 , 0.3158646